[
{
    "model": "auth.permission",
    "pk": 1,
    "fields": {
        "name": "Can add log entry",
        "content_type": 1,
        "codename": "add_logentry"
    }
},
{
    "model": "auth.permission",
    "pk": 2,
    "fields": {
        "name": "Can change log entry",
        "content_type": 1,
        "codename": "change_logentry"
    }
},
{
    "model": "auth.permission",
    "pk": 3,
    "fields": {
        "name": "Can delete log entry",
        "content_type": 1,
        "codename": "delete_logentry"
    }
},
{
    "model": "auth.permission",
    "pk": 4,
    "fields": {
        "name": "Can view log entry",
        "content_type": 1,
        "codename": "view_logentry"
    }
},
{
    "model": "auth.permission",
    "pk": 5,
    "fields": {
        "name": "Can add permission",
        "content_type": 2,
        "codename": "add_permission"
    }
},
{
    "model": "auth.permission",
    "pk": 6,
    "fields": {
        "name": "Can change permission",
        "content_type": 2,
        "codename": "change_permission"
    }
},
{
    "model": "auth.permission",
    "pk": 7,
    "fields": {
        "name": "Can delete permission",
        "content_type": 2,
        "codename": "delete_permission"
    }
},
{
    "model": "auth.permission",
    "pk": 8,
    "fields": {
        "name": "Can view permission",
        "content_type": 2,
        "codename": "view_permission"
    }
},
{
    "model": "auth.permission",
    "pk": 9,
    "fields": {
        "name": "Can add group",
        "content_type": 3,
        "codename": "add_group"
    }
},
{
    "model": "auth.permission",
    "pk": 10,
    "fields": {
        "name": "Can change group",
        "content_type": 3,
        "codename": "change_group"
    }
},
{
    "model": "auth.permission",
    "pk": 11,
    "fields": {
        "name": "Can delete group",
        "content_type": 3,
        "codename": "delete_group"
    }
},
{
    "model": "auth.permission",
    "pk": 12,
    "fields": {
        "name": "Can view group",
        "content_type": 3,
        "codename": "view_group"
    }
},
{
    "model": "auth.permission",
    "pk": 13,
    "fields": {
        "name": "Can add user",
        "content_type": 4,
        "codename": "add_user"
    }
},
{
    "model": "auth.permission",
    "pk": 14,
    "fields": {
        "name": "Can change user",
        "content_type": 4,
        "codename": "change_user"
    }
},
{
    "model": "auth.permission",
    "pk": 15,
    "fields": {
        "name": "Can delete user",
        "content_type": 4,
        "codename": "delete_user"
    }
},
{
    "model": "auth.permission",
    "pk": 16,
    "fields": {
        "name": "Can view user",
        "content_type": 4,
        "codename": "view_user"
    }
},
{
    "model": "auth.permission",
    "pk": 17,
    "fields": {
        "name": "Can add content type",
        "content_type": 5,
        "codename": "add_contenttype"
    }
},
{
    "model": "auth.permission",
    "pk": 18,
    "fields": {
        "name": "Can change content type",
        "content_type": 5,
        "codename": "change_contenttype"
    }
},
{
    "model": "auth.permission",
    "pk": 19,
    "fields": {
        "name": "Can delete content type",
        "content_type": 5,
        "codename": "delete_contenttype"
    }
},
{
    "model": "auth.permission",
    "pk": 20,
    "fields": {
        "name": "Can view content type",
        "content_type": 5,
        "codename": "view_contenttype"
    }
},
{
    "model": "auth.permission",
    "pk": 21,
    "fields": {
        "name": "Can add session",
        "content_type": 6,
        "codename": "add_session"
    }
},
{
    "model": "auth.permission",
    "pk": 22,
    "fields": {
        "name": "Can change session",
        "content_type": 6,
        "codename": "change_session"
    }
},
{
    "model": "auth.permission",
    "pk": 23,
    "fields": {
        "name": "Can delete session",
        "content_type": 6,
        "codename": "delete_session"
    }
},
{
    "model": "auth.permission",
    "pk": 24,
    "fields": {
        "name": "Can view session",
        "content_type": 6,
        "codename": "view_session"
    }
},
{
    "model": "auth.permission",
    "pk": 25,
    "fields": {
        "name": "Can add aerolinea",
        "content_type": 7,
        "codename": "add_aerolinea"
    }
},
{
    "model": "auth.permission",
    "pk": 26,
    "fields": {
        "name": "Can change aerolinea",
        "content_type": 7,
        "codename": "change_aerolinea"
    }
},
{
    "model": "auth.permission",
    "pk": 27,
    "fields": {
        "name": "Can delete aerolinea",
        "content_type": 7,
        "codename": "delete_aerolinea"
    }
},
{
    "model": "auth.permission",
    "pk": 28,
    "fields": {
        "name": "Can view aerolinea",
        "content_type": 7,
        "codename": "view_aerolinea"
    }
},
{
    "model": "auth.permission",
    "pk": 29,
    "fields": {
        "name": "Can add aeropuerto",
        "content_type": 8,
        "codename": "add_aeropuerto"
    }
},
{
    "model": "auth.permission",
    "pk": 30,
    "fields": {
        "name": "Can change aeropuerto",
        "content_type": 8,
        "codename": "change_aeropuerto"
    }
},
{
    "model": "auth.permission",
    "pk": 31,
    "fields": {
        "name": "Can delete aeropuerto",
        "content_type": 8,
        "codename": "delete_aeropuerto"
    }
},
{
    "model": "auth.permission",
    "pk": 32,
    "fields": {
        "name": "Can view aeropuerto",
        "content_type": 8,
        "codename": "view_aeropuerto"
    }
},
{
    "model": "auth.permission",
    "pk": 33,
    "fields": {
        "name": "Can add pasajero",
        "content_type": 9,
        "codename": "add_pasajero"
    }
},
{
    "model": "auth.permission",
    "pk": 34,
    "fields": {
        "name": "Can change pasajero",
        "content_type": 9,
        "codename": "change_pasajero"
    }
},
{
    "model": "auth.permission",
    "pk": 35,
    "fields": {
        "name": "Can delete pasajero",
        "content_type": 9,
        "codename": "delete_pasajero"
    }
},
{
    "model": "auth.permission",
    "pk": 36,
    "fields": {
        "name": "Can view pasajero",
        "content_type": 9,
        "codename": "view_pasajero"
    }
},
{
    "model": "auth.permission",
    "pk": 37,
    "fields": {
        "name": "Can add empleado",
        "content_type": 10,
        "codename": "add_empleado"
    }
},
{
    "model": "auth.permission",
    "pk": 38,
    "fields": {
        "name": "Can change empleado",
        "content_type": 10,
        "codename": "change_empleado"
    }
},
{
    "model": "auth.permission",
    "pk": 39,
    "fields": {
        "name": "Can delete empleado",
        "content_type": 10,
        "codename": "delete_empleado"
    }
},
{
    "model": "auth.permission",
    "pk": 40,
    "fields": {
        "name": "Can view empleado",
        "content_type": 10,
        "codename": "view_empleado"
    }
},
{
    "model": "auth.permission",
    "pk": 41,
    "fields": {
        "name": "Can add equipaje",
        "content_type": 11,
        "codename": "add_equipaje"
    }
},
{
    "model": "auth.permission",
    "pk": 42,
    "fields": {
        "name": "Can change equipaje",
        "content_type": 11,
        "codename": "change_equipaje"
    }
},
{
    "model": "auth.permission",
    "pk": 43,
    "fields": {
        "name": "Can delete equipaje",
        "content_type": 11,
        "codename": "delete_equipaje"
    }
},
{
    "model": "auth.permission",
    "pk": 44,
    "fields": {
        "name": "Can view equipaje",
        "content_type": 11,
        "codename": "view_equipaje"
    }
},
{
    "model": "auth.permission",
    "pk": 45,
    "fields": {
        "name": "Can add ruta",
        "content_type": 12,
        "codename": "add_ruta"
    }
},
{
    "model": "auth.permission",
    "pk": 46,
    "fields": {
        "name": "Can change ruta",
        "content_type": 12,
        "codename": "change_ruta"
    }
},
{
    "model": "auth.permission",
    "pk": 47,
    "fields": {
        "name": "Can delete ruta",
        "content_type": 12,
        "codename": "delete_ruta"
    }
},
{
    "model": "auth.permission",
    "pk": 48,
    "fields": {
        "name": "Can view ruta",
        "content_type": 12,
        "codename": "view_ruta"
    }
},
{
    "model": "auth.permission",
    "pk": 49,
    "fields": {
        "name": "Can add servicio",
        "content_type": 13,
        "codename": "add_servicio"
    }
},
{
    "model": "auth.permission",
    "pk": 50,
    "fields": {
        "name": "Can change servicio",
        "content_type": 13,
        "codename": "change_servicio"
    }
},
{
    "model": "auth.permission",
    "pk": 51,
    "fields": {
        "name": "Can delete servicio",
        "content_type": 13,
        "codename": "delete_servicio"
    }
},
{
    "model": "auth.permission",
    "pk": 52,
    "fields": {
        "name": "Can view servicio",
        "content_type": 13,
        "codename": "view_servicio"
    }
},
{
    "model": "auth.permission",
    "pk": 53,
    "fields": {
        "name": "Can add vuelo",
        "content_type": 14,
        "codename": "add_vuelo"
    }
},
{
    "model": "auth.permission",
    "pk": 54,
    "fields": {
        "name": "Can change vuelo",
        "content_type": 14,
        "codename": "change_vuelo"
    }
},
{
    "model": "auth.permission",
    "pk": 55,
    "fields": {
        "name": "Can delete vuelo",
        "content_type": 14,
        "codename": "delete_vuelo"
    }
},
{
    "model": "auth.permission",
    "pk": 56,
    "fields": {
        "name": "Can view vuelo",
        "content_type": 14,
        "codename": "view_vuelo"
    }
},
{
    "model": "auth.permission",
    "pk": 57,
    "fields": {
        "name": "Can add silla",
        "content_type": 15,
        "codename": "add_silla"
    }
},
{
    "model": "auth.permission",
    "pk": 58,
    "fields": {
        "name": "Can change silla",
        "content_type": 15,
        "codename": "change_silla"
    }
},
{
    "model": "auth.permission",
    "pk": 59,
    "fields": {
        "name": "Can delete silla",
        "content_type": 15,
        "codename": "delete_silla"
    }
},
{
    "model": "auth.permission",
    "pk": 60,
    "fields": {
        "name": "Can view silla",
        "content_type": 15,
        "codename": "view_silla"
    }
},
{
    "model": "auth.permission",
    "pk": 61,
    "fields": {
        "name": "Can add reserva",
        "content_type": 16,
        "codename": "add_reserva"
    }
},
{
    "model": "auth.permission",
    "pk": 62,
    "fields": {
        "name": "Can change reserva",
        "content_type": 16,
        "codename": "change_reserva"
    }
},
{
    "model": "auth.permission",
    "pk": 63,
    "fields": {
        "name": "Can delete reserva",
        "content_type": 16,
        "codename": "delete_reserva"
    }
},
{
    "model": "auth.permission",
    "pk": 64,
    "fields": {
        "name": "Can view reserva",
        "content_type": 16,
        "codename": "view_reserva"
    }
},
{
    "model": "auth.permission",
    "pk": 65,
    "fields": {
        "name": "Can add vuelo aerolinea",
        "content_type": 17,
        "codename": "add_vueloaerolinea"
    }
},
{
    "model": "auth.permission",
    "pk": 66,
    "fields": {
        "name": "Can change vuelo aerolinea",
        "content_type": 17,
        "codename": "change_vueloaerolinea"
    }
},
{
    "model": "auth.permission",
    "pk": 67,
    "fields": {
        "name": "Can delete vuelo aerolinea",
        "content_type": 17,
        "codename": "delete_vueloaerolinea"
    }
},
{
    "model": "auth.permission",
    "pk": 68,
    "fields": {
        "name": "Can view vuelo aerolinea",
        "content_type": 17,
        "codename": "view_vueloaerolinea"
    }
},
{
    "model": "contenttypes.contenttype",
    "pk": 1,
    "fields": {
        "app_label": "admin",
        "model": "logentry"
    }
},
{
    "model": "contenttypes.contenttype",
    "pk": 2,
    "fields": {
        "app_label": "auth",
        "model": "permission"
    }
},
{
    "model": "contenttypes.contenttype",
    "pk": 3,
    "fields": {
        "app_label": "auth",
        "model": "group"
    }
},
{
    "model": "contenttypes.contenttype",
    "pk": 4,
    "fields": {
        "app_label": "auth",
        "model": "user"
    }
},
{
    "model": "contenttypes.contenttype",
    "pk": 5,
    "fields": {
        "app_label": "contenttypes",
        "model": "contenttype"
    }
},
{
    "model": "contenttypes.contenttype",
    "pk": 6,
    "fields": {
        "app_label": "sessions",
        "model": "session"
    }
},
{
    "model": "contenttypes.contenttype",
    "pk": 7,
    "fields": {
        "app_label": "apaeropuerto",
        "model": "aerolinea"
    }
},
{
    "model": "contenttypes.contenttype",
    "pk": 8,
    "fields": {
        "app_label": "apaeropuerto",
        "model": "aeropuerto"
    }
},
{
    "model": "contenttypes.contenttype",
    "pk": 9,
    "fields": {
        "app_label": "apaeropuerto",
        "model": "pasajero"
    }
},
{
    "model": "contenttypes.contenttype",
    "pk": 10,
    "fields": {
        "app_label": "apaeropuerto",
        "model": "empleado"
    }
},
{
    "model": "contenttypes.contenttype",
    "pk": 11,
    "fields": {
        "app_label": "apaeropuerto",
        "model": "equipaje"
    }
},
{
    "model": "contenttypes.contenttype",
    "pk": 12,
    "fields": {
        "app_label": "apaeropuerto",
        "model": "ruta"
    }
},
{
    "model": "contenttypes.contenttype",
    "pk": 13,
    "fields": {
        "app_label": "apaeropuerto",
        "model": "servicio"
    }
},
{
    "model": "contenttypes.contenttype",
    "pk": 14,
    "fields": {
        "app_label": "apaeropuerto",
        "model": "vuelo"
    }
},
{
    "model": "contenttypes.contenttype",
    "pk": 15,
    "fields": {
        "app_label": "apaeropuerto",
        "model": "silla"
    }
},
{
    "model": "contenttypes.contenttype",
    "pk": 16,
    "fields": {
        "app_label": "apaeropuerto",
        "model": "reserva"
    }
},
{
    "model": "contenttypes.contenttype",
    "pk": 17,
    "fields": {
        "app_label": "apaeropuerto",
        "model": "vueloaerolinea"
    }
},
{
    "model": "apaeropuerto.aeropuerto",
    "pk": 1,
    "fields": {
        "nombre": "Entire product federal focus approach section among much. Tend service level.",
        "ciudad": "Home she reason all assume. Suggest everyone fast wife.",
        "pais": "Nature its allow key. Against wonder lot fast.",
        "codigo_iata": "sho"
    }
},
{
    "model": "apaeropuerto.aeropuerto",
    "pk": 2,
    "fields": {
        "nombre": "Training exist baby student important condition stop. Imagine end fast base impact.",
        "ciudad": "Sing her central speech. Concern sure Mr either child. That along represent plant.",
        "pais": "Big remain technology teach protect brother. Rich you health group write stuff plan.",
        "codigo_iata": "bar"
    }
},
{
    "model": "apaeropuerto.aeropuerto",
    "pk": 3,
    "fields": {
        "nombre": "Student least entire sense compare. Enter forward wish support purpose foot rest.",
        "ciudad": "Organization wind their official network. Evening west energy social. Tv source often against but.",
        "pais": "Magazine office top attention. No grow nothing first concern office short.",
        "codigo_iata": "pro"
    }
},
{
    "model": "apaeropuerto.aeropuerto",
    "pk": 4,
    "fields": {
        "nombre": "Wrong performance toward although clearly statement never. Small ever guy boy.",
        "ciudad": "Wear there person cup. Standard than produce season scientist central design quickly.",
        "pais": "Probably conference wear education onto. Item half guy assume window nice.",
        "codigo_iata": "bod"
    }
},
{
    "model": "apaeropuerto.aeropuerto",
    "pk": 5,
    "fields": {
        "nombre": "Mind social practice while road. Oil hair send town.",
        "ciudad": "Opportunity one positive. Congress off sell they.",
        "pais": "Five standard director show. Through set show push.",
        "codigo_iata": "ris"
    }
},
{
    "model": "apaeropuerto.aeropuerto",
    "pk": 6,
    "fields": {
        "nombre": "Group property type bag. Book floor determine fight forward third.",
        "ciudad": "Sort present early particularly. Change type item participant realize to.",
        "pais": "Boy stay mission again about. Change when bag go head service.",
        "codigo_iata": "mil"
    }
},
{
    "model": "apaeropuerto.aeropuerto",
    "pk": 7,
    "fields": {
        "nombre": "Tell north region top institution.",
        "ciudad": "Blood process institution full Democrat. Leg walk few popular field few material.",
        "pais": "Life soldier city bad. Know it Democrat ball but enter despite.",
        "codigo_iata": "too"
    }
},
{
    "model": "apaeropuerto.aeropuerto",
    "pk": 8,
    "fields": {
        "nombre": "Unit money military notice technology. Camera feeling surface return human. Executive girl ball.",
        "ciudad": "Prevent onto them around any beyond discover. Thus approach oil song expect bit power.",
        "pais": "Church social start view safe soldier. Trip again reveal pressure.",
        "codigo_iata": "job"
    }
},
{
    "model": "apaeropuerto.aeropuerto",
    "pk": 9,
    "fields": {
        "nombre": "Couple little fire agency politics. Since age she. Offer order central after page.",
        "ciudad": "Popular world hundred task later data.\nPopular mean sea.",
        "pais": "Would experience trip these reach.\nThey speech total. Work three popular laugh.",
        "codigo_iata": "sud"
    }
},
{
    "model": "apaeropuerto.aeropuerto",
    "pk": 10,
    "fields": {
        "nombre": "Computer section dog center. See help ability. Fire offer him television.",
        "ciudad": "Walk early option better. Project large college magazine.",
        "pais": "Win plant policy question our bring. Sense blood alone talk.",
        "codigo_iata": "fre"
    }
},
{
    "model": "apaeropuerto.aeropuerto",
    "pk": 11,
    "fields": {
        "nombre": "Class girl air buy story should set. Word choose water long mean join.",
        "ciudad": "Church last everybody look various cost.\nMachine civil music accept deal. Movement sign per girl.",
        "pais": "Call meet he. Western establish person usually stop never. Pm foot piece around middle partner.",
        "codigo_iata": "pro"
    }
},
{
    "model": "apaeropuerto.aeropuerto",
    "pk": 12,
    "fields": {
        "nombre": "Game race sometimes best mouth. Listen to professor.",
        "ciudad": "Term point one weight for chair. Use east box. Through tonight own still want remain.",
        "pais": "They car which security room nor reflect. Can explain example view put.",
        "codigo_iata": "par"
    }
},
{
    "model": "apaeropuerto.aeropuerto",
    "pk": 13,
    "fields": {
        "nombre": "Begin house shake think picture. Seek will cause front far see.",
        "ciudad": "Listen compare site area name. Fear region piece think manager soon major nothing.",
        "pais": "Air city start sound number operation. You group your collection place his.",
        "codigo_iata": "hop"
    }
},
{
    "model": "apaeropuerto.aeropuerto",
    "pk": 14,
    "fields": {
        "nombre": "Rather single material group everybody. Reveal remember full where dark.",
        "ciudad": "Child job him home listen air somebody. Stay how mind available seem.",
        "pais": "Camera social close attack positive once. Day head fast half example set.",
        "codigo_iata": "sho"
    }
},
{
    "model": "apaeropuerto.aeropuerto",
    "pk": 15,
    "fields": {
        "nombre": "Expect example raise high. Past feel same really.",
        "ciudad": "With check lead good right former.",
        "pais": "Important already language suddenly wrong long operation. Reveal good mention civil old discuss.",
        "codigo_iata": "mil"
    }
},
{
    "model": "apaeropuerto.aeropuerto",
    "pk": 16,
    "fields": {
        "nombre": "Could owner single. Cell someone kitchen pattern early third office. Daughter any others discuss.",
        "ciudad": "Three low store beyond purpose than act. Deal style agency thing feel service.",
        "pais": "Able kid want floor. Area research draw bill.",
        "codigo_iata": "who"
    }
},
{
    "model": "apaeropuerto.aeropuerto",
    "pk": 17,
    "fields": {
        "nombre": "Plan agree old their. Hotel fish either above.",
        "ciudad": "Me state whatever respond investment. Should since rise later create once direction.",
        "pais": "Young across staff structure. Something while team different. At floor himself trial.",
        "codigo_iata": "mem"
    }
},
{
    "model": "apaeropuerto.aeropuerto",
    "pk": 18,
    "fields": {
        "nombre": "Dog letter throw education public clear rise. Church service large notice right job go.",
        "ciudad": "Interest close turn. Join husband thing everybody such decision.",
        "pais": "Third everybody real court activity bag cup as. White pass environment interesting most.",
        "codigo_iata": "bor"
    }
},
{
    "model": "apaeropuerto.aeropuerto",
    "pk": 19,
    "fields": {
        "nombre": "Arm piece score answer present voice.",
        "ciudad": "Reach through three plant management. Fund back attention.",
        "pais": "Recently these able hope keep. Federal agency game kind information remember.",
        "codigo_iata": "mov"
    }
},
{
    "model": "apaeropuerto.aeropuerto",
    "pk": 20,
    "fields": {
        "nombre": "Research their yet experience. Indeed cold necessary. Turn if nature enjoy learn stock.",
        "ciudad": "Business impact five. Concern office exactly natural free health.",
        "pais": "Night loss offer past.\nReceive garden have never same few trouble.",
        "codigo_iata": "pap"
    }
},
{
    "model": "apaeropuerto.aeropuerto",
    "pk": 21,
    "fields": {
        "nombre": "Recognize foot middle sing difficult cold ask. Value big series.",
        "ciudad": "List tend ok task. Little figure act street partner beautiful easy new.",
        "pais": "Might that share year. Rule including cell. Themselves strong range yet rather concern.",
        "codigo_iata": "do"
    }
},
{
    "model": "apaeropuerto.aeropuerto",
    "pk": 22,
    "fields": {
        "nombre": "Return everyone authority foot ok month. Change this buy oil over short just relationship.",
        "ciudad": "Join morning low without its various country. Over star enter final amount pick wide everyone.",
        "pais": "Item happy relationship ahead car. Particularly over more.",
        "codigo_iata": "sen"
    }
},
{
    "model": "apaeropuerto.aeropuerto",
    "pk": 23,
    "fields": {
        "nombre": "Open might issue almost. Feel receive church through.",
        "ciudad": "Stand item less artist tough without myself. Manager decade early in body price yard.",
        "pais": "Through agreement drive listen. Draw few question media country exactly.",
        "codigo_iata": "cas"
    }
},
{
    "model": "apaeropuerto.aeropuerto",
    "pk": 24,
    "fields": {
        "nombre": "Argue detail beautiful. Image leave especially participant.",
        "ciudad": "Forward century responsibility marriage then. Mr sign these fact energy fund street.",
        "pais": "Speech stuff entire out team. Reveal local own pressure.",
        "codigo_iata": "bui"
    }
},
{
    "model": "apaeropuerto.aeropuerto",
    "pk": 25,
    "fields": {
        "nombre": "Decide recognize white.\nCharge must black product low improve public. Attorney within air water.",
        "ciudad": "Little since majority adult. Mother brother authority.",
        "pais": "Protect left news season population pressure. Have instead exist least.",
        "codigo_iata": "els"
    }
},
{
    "model": "apaeropuerto.aeropuerto",
    "pk": 26,
    "fields": {
        "nombre": "Building might show dog course item. Plan listen old international.",
        "ciudad": "Buy far heart fill product oil. Economy power win state.\nPeople deal model wrong throw.",
        "pais": "Speech foreign star catch standard. Citizen ten expert term fast.",
        "codigo_iata": "act"
    }
},
{
    "model": "apaeropuerto.aeropuerto",
    "pk": 27,
    "fields": {
        "nombre": "Between international southern program. Future guy magazine.",
        "ciudad": "Blood floor fire choice. Participant they community last blood. Education begin bank staff.",
        "pais": "Almost probably water because know me. Career decide training away.",
        "codigo_iata": "sea"
    }
},
{
    "model": "apaeropuerto.aeropuerto",
    "pk": 28,
    "fields": {
        "nombre": "Early on we threat son. Fire education fish production finish write.",
        "ciudad": "Exactly radio beautiful reach move page hotel. Almost future be design degree have who.",
        "pais": "Guess themselves professor hope. Class fight head nothing increase soldier will.",
        "codigo_iata": "men"
    }
},
{
    "model": "apaeropuerto.aeropuerto",
    "pk": 29,
    "fields": {
        "nombre": "Pick role outside able artist task order perform. Pressure future itself keep.",
        "ciudad": "Fill respond sure growth employee message. Where appear brother industry certainly.",
        "pais": "Outside area rate son protect. Sell position perhaps range southern scene.",
        "codigo_iata": "agr"
    }
},
{
    "model": "apaeropuerto.aeropuerto",
    "pk": 30,
    "fields": {
        "nombre": "Someone federal west my simply. Ahead quickly my color now born.",
        "ciudad": "Environment across friend discover deep sing. Camera treat nothing law meet several under.",
        "pais": "Industry plant century.",
        "codigo_iata": "col"
    }
},
{
    "model": "apaeropuerto.vuelo",
    "pk": 1,
    "fields": {
        "numero_vuelo": "Candidate.",
        "hora_salida": "2016-12-13T19:34:16.136",
        "hora_llegada": "2021-08-09T12:08:24.651",
        "aeropuerto": 26,
        "estado": "Sing billion then."
    }
},
{
    "model": "apaeropuerto.vuelo",
    "pk": 2,
    "fields": {
        "numero_vuelo": "Around.",
        "hora_salida": "2007-07-30T13:41:54.809",
        "hora_llegada": "1988-01-03T14:34:48.988",
        "aeropuerto": 11,
        "estado": "Of yeah possible."
    }
},
{
    "model": "apaeropuerto.vuelo",
    "pk": 3,
    "fields": {
        "numero_vuelo": "Now.",
        "hora_salida": "1980-01-30T18:40:38.553",
        "hora_llegada": "2010-06-23T17:28:33.965",
        "aeropuerto": 10,
        "estado": "Worry we play trade."
    }
},
{
    "model": "apaeropuerto.vuelo",
    "pk": 4,
    "fields": {
        "numero_vuelo": "Fly.",
        "hora_salida": "1974-09-16T23:24:01.703",
        "hora_llegada": "1979-09-18T03:36:27.544",
        "aeropuerto": 23,
        "estado": "Majority ago."
    }
},
{
    "model": "apaeropuerto.vuelo",
    "pk": 5,
    "fields": {
        "numero_vuelo": "Stock.",
        "hora_salida": "1988-03-17T00:55:04.563",
        "hora_llegada": "1979-06-02T05:26:14.752",
        "aeropuerto": 8,
        "estado": "Discuss manage goal."
    }
},
{
    "model": "apaeropuerto.vuelo",
    "pk": 6,
    "fields": {
        "numero_vuelo": "Man now.",
        "hora_salida": "1989-02-09T12:32:33.366",
        "hora_llegada": "1985-01-25T07:41:53.591",
        "aeropuerto": 14,
        "estado": "Summer local your."
    }
},
{
    "model": "apaeropuerto.vuelo",
    "pk": 7,
    "fields": {
        "numero_vuelo": "Certain.",
        "hora_salida": "2008-02-23T14:36:54.666",
        "hora_llegada": "1977-05-26T02:16:12.149",
        "aeropuerto": 15,
        "estado": "Scene what name."
    }
},
{
    "model": "apaeropuerto.vuelo",
    "pk": 8,
    "fields": {
        "numero_vuelo": "Rest I.",
        "hora_salida": "1992-07-24T02:54:24.615",
        "hora_llegada": "1977-12-07T10:41:01.560",
        "aeropuerto": 22,
        "estado": "News quickly."
    }
},
{
    "model": "apaeropuerto.vuelo",
    "pk": 9,
    "fields": {
        "numero_vuelo": "Perhaps.",
        "hora_salida": "1996-07-17T18:21:01.419",
        "hora_llegada": "1971-11-29T05:14:44.920",
        "aeropuerto": 19,
        "estado": "Black such few."
    }
},
{
    "model": "apaeropuerto.vuelo",
    "pk": 10,
    "fields": {
        "numero_vuelo": "Unit.",
        "hora_salida": "1994-07-06T03:50:22.600",
        "hora_llegada": "1993-12-05T01:16:42.967",
        "aeropuerto": 1,
        "estado": "Fill word man feel."
    }
},
{
    "model": "apaeropuerto.vuelo",
    "pk": 11,
    "fields": {
        "numero_vuelo": "They.",
        "hora_salida": "1999-10-24T10:03:52.156",
        "hora_llegada": "2002-09-06T19:51:57.667",
        "aeropuerto": 11,
        "estado": "Marriage dark true."
    }
},
{
    "model": "apaeropuerto.vuelo",
    "pk": 12,
    "fields": {
        "numero_vuelo": "Bit boy.",
        "hora_salida": "2023-10-26T07:32:17.890",
        "hora_llegada": "2007-04-08T04:59:43.035",
        "aeropuerto": 1,
        "estado": "Test between."
    }
},
{
    "model": "apaeropuerto.vuelo",
    "pk": 13,
    "fields": {
        "numero_vuelo": "Whom.",
        "hora_salida": "1993-05-04T04:14:36.614",
        "hora_llegada": "2012-06-28T12:57:52.313",
        "aeropuerto": 23,
        "estado": "Law note student."
    }
},
{
    "model": "apaeropuerto.vuelo",
    "pk": 14,
    "fields": {
        "numero_vuelo": "Pattern.",
        "hora_salida": "1996-11-25T05:42:02.347",
        "hora_llegada": "1981-11-06T01:47:51.211",
        "aeropuerto": 19,
        "estado": "Decade use no."
    }
},
{
    "model": "apaeropuerto.vuelo",
    "pk": 15,
    "fields": {
        "numero_vuelo": "Point.",
        "hora_salida": "1978-07-03T10:28:34.842",
        "hora_llegada": "1971-01-17T09:46:36.599",
        "aeropuerto": 16,
        "estado": "Accept brother past."
    }
},
{
    "model": "apaeropuerto.vuelo",
    "pk": 16,
    "fields": {
        "numero_vuelo": "System.",
        "hora_salida": "2024-08-14T09:17:37.142",
        "hora_llegada": "2014-10-16T07:39:13.494",
        "aeropuerto": 23,
        "estado": "Appear financial."
    }
},
{
    "model": "apaeropuerto.vuelo",
    "pk": 17,
    "fields": {
        "numero_vuelo": "Quickly.",
        "hora_salida": "1981-04-21T14:05:15.208",
        "hora_llegada": "2007-12-11T07:24:43.423",
        "aeropuerto": 12,
        "estado": "Whole movie give."
    }
},
{
    "model": "apaeropuerto.vuelo",
    "pk": 18,
    "fields": {
        "numero_vuelo": "Brother.",
        "hora_salida": "2021-05-10T07:28:12.240",
        "hora_llegada": "1974-05-04T02:18:12.996",
        "aeropuerto": 18,
        "estado": "Top cell leave cut."
    }
},
{
    "model": "apaeropuerto.vuelo",
    "pk": 19,
    "fields": {
        "numero_vuelo": "They.",
        "hora_salida": "2011-08-13T14:46:51.011",
        "hora_llegada": "2009-09-16T14:58:08.762",
        "aeropuerto": 19,
        "estado": "Yes case lose."
    }
},
{
    "model": "apaeropuerto.vuelo",
    "pk": 20,
    "fields": {
        "numero_vuelo": "None so.",
        "hora_salida": "1992-06-20T15:56:09.861",
        "hora_llegada": "1996-11-06T02:04:23.946",
        "aeropuerto": 10,
        "estado": "Everyone fight turn."
    }
},
{
    "model": "apaeropuerto.vuelo",
    "pk": 21,
    "fields": {
        "numero_vuelo": "Ability.",
        "hora_salida": "1976-05-14T02:32:32.857",
        "hora_llegada": "2019-02-26T19:23:21.724",
        "aeropuerto": 27,
        "estado": "Turn these election."
    }
},
{
    "model": "apaeropuerto.vuelo",
    "pk": 22,
    "fields": {
        "numero_vuelo": "Woman.",
        "hora_salida": "2002-12-18T10:46:14.434",
        "hora_llegada": "2010-07-27T05:45:11.912",
        "aeropuerto": 21,
        "estado": "May choose at."
    }
},
{
    "model": "apaeropuerto.vuelo",
    "pk": 23,
    "fields": {
        "numero_vuelo": "Relate.",
        "hora_salida": "2020-10-13T11:30:41.587",
        "hora_llegada": "1985-12-23T02:16:51.766",
        "aeropuerto": 14,
        "estado": "Across outside him."
    }
},
{
    "model": "apaeropuerto.vuelo",
    "pk": 24,
    "fields": {
        "numero_vuelo": "Board.",
        "hora_salida": "1989-02-11T07:34:30.524",
        "hora_llegada": "1974-11-27T20:25:46.115",
        "aeropuerto": 7,
        "estado": "Piece ok general."
    }
},
{
    "model": "apaeropuerto.vuelo",
    "pk": 25,
    "fields": {
        "numero_vuelo": "National.",
        "hora_salida": "2014-11-28T06:17:51.613",
        "hora_llegada": "2023-03-02T00:12:13.161",
        "aeropuerto": 22,
        "estado": "They here appear."
    }
},
{
    "model": "apaeropuerto.vuelo",
    "pk": 26,
    "fields": {
        "numero_vuelo": "Line arm.",
        "hora_salida": "1970-04-14T05:10:25.694",
        "hora_llegada": "1976-12-07T09:24:56.409",
        "aeropuerto": 10,
        "estado": "Free after."
    }
},
{
    "model": "apaeropuerto.vuelo",
    "pk": 27,
    "fields": {
        "numero_vuelo": "Nature.",
        "hora_salida": "1980-05-05T23:04:08.083",
        "hora_llegada": "2014-04-25T21:15:32.434",
        "aeropuerto": 14,
        "estado": "Information reach."
    }
},
{
    "model": "apaeropuerto.vuelo",
    "pk": 28,
    "fields": {
        "numero_vuelo": "Front.",
        "hora_salida": "1979-05-19T06:56:32.108",
        "hora_llegada": "2014-09-09T06:48:55.357",
        "aeropuerto": 2,
        "estado": "Eat security."
    }
},
{
    "model": "apaeropuerto.vuelo",
    "pk": 29,
    "fields": {
        "numero_vuelo": "Score.",
        "hora_salida": "1980-12-13T14:24:57.643",
        "hora_llegada": "1973-07-14T06:22:19.339",
        "aeropuerto": 14,
        "estado": "Event we huge ever."
    }
},
{
    "model": "apaeropuerto.vuelo",
    "pk": 30,
    "fields": {
        "numero_vuelo": "Painting.",
        "hora_salida": "2011-02-12T15:49:35.185",
        "hora_llegada": "2020-01-19T08:25:59.454",
        "aeropuerto": 15,
        "estado": "Most country drop."
    }
},
{
    "model": "apaeropuerto.pasajero",
    "pk": 1,
    "fields": {
        "nombre": "Money simple huge nor. Change his space dinner test stuff.",
        "apellido": "Yet foreign actually. Wait magazine no.",
        "email": "rebeccareed@example.com",
        "telefono": "Break seek and.",
        "fecha_nacimiento": "1992-12-27"
    }
},
{
    "model": "apaeropuerto.pasajero",
    "pk": 2,
    "fields": {
        "nombre": "Affect purpose century reflect drop program early. Beautiful near once against.",
        "apellido": "Surface worry loss box owner girl. Me name hotel measure. Walk image easy new.",
        "email": "cdelgado@example.net",
        "telefono": "Sport gun.",
        "fecha_nacimiento": "1997-09-22"
    }
},
{
    "model": "apaeropuerto.pasajero",
    "pk": 3,
    "fields": {
        "nombre": "Hotel science with democratic soon drop. Compare blue particular produce.\nNow poor including.",
        "apellido": "Talk opportunity true fly. Successful indicate control second personal nice.",
        "email": "bmorse@example.com",
        "telefono": "Pick short.",
        "fecha_nacimiento": "1973-11-11"
    }
},
{
    "model": "apaeropuerto.pasajero",
    "pk": 4,
    "fields": {
        "nombre": "Sound drug its data effort heart indeed oil. Together town son structure along.",
        "apellido": "Enter series whole visit similar.",
        "email": "bpierce@example.org",
        "telefono": "Kid site again.",
        "fecha_nacimiento": "1984-06-22"
    }
},
{
    "model": "apaeropuerto.pasajero",
    "pk": 5,
    "fields": {
        "nombre": "Half billion none four. Common three left building take themselves. Drug forward same.",
        "apellido": "Yeah decide discover meeting. Forget really interesting party world.",
        "email": "robertskyle@example.org",
        "telefono": "Exactly land.",
        "fecha_nacimiento": "2015-09-06"
    }
},
{
    "model": "apaeropuerto.pasajero",
    "pk": 6,
    "fields": {
        "nombre": "Little west soon hit use green. Price money hair a debate exactly.",
        "apellido": "Indicate majority ball rise human. Then interesting building indeed whether do season.",
        "email": "rfoley@example.net",
        "telefono": "Every should.",
        "fecha_nacimiento": "2016-12-22"
    }
},
{
    "model": "apaeropuerto.pasajero",
    "pk": 7,
    "fields": {
        "nombre": "Face other analysis but after pattern focus state. Control station everything black ago pretty.",
        "apellido": "Bag behavior past several. Break share million organization.",
        "email": "fhill@example.com",
        "telefono": "Social street.",
        "fecha_nacimiento": "2017-08-10"
    }
},
{
    "model": "apaeropuerto.pasajero",
    "pk": 8,
    "fields": {
        "nombre": "Cup reveal marriage hand still loss hear. Hope hand figure usually. Cell and type may region with.",
        "apellido": "Happen care this past. Street trouble for want fast. Keep town buy we six visit.",
        "email": "jreyes@example.com",
        "telefono": "Exist at.",
        "fecha_nacimiento": "2000-12-05"
    }
},
{
    "model": "apaeropuerto.pasajero",
    "pk": 9,
    "fields": {
        "nombre": "Bill dog each respond treat conference.",
        "apellido": "Behind accept raise true fight security dog. Per manage usually member. Difficult rich will end.",
        "email": "hollyjackson@example.com",
        "telefono": "System raise.",
        "fecha_nacimiento": "1981-12-09"
    }
},
{
    "model": "apaeropuerto.pasajero",
    "pk": 10,
    "fields": {
        "nombre": "Despite off guy hot prevent. Budget so clear cost wind when detail.",
        "apellido": "Full alone son even produce husband PM. I since spend beautiful need plan.",
        "email": "tcurry@example.org",
        "telefono": "Available.",
        "fecha_nacimiento": "1975-08-31"
    }
},
{
    "model": "apaeropuerto.pasajero",
    "pk": 11,
    "fields": {
        "nombre": "Father traditional career central specific along. Various here discuss.",
        "apellido": "Character child keep tend right check. Positive win reflect manage bank.",
        "email": "katiemorgan@example.org",
        "telefono": "Accept culture.",
        "fecha_nacimiento": "2005-08-30"
    }
},
{
    "model": "apaeropuerto.pasajero",
    "pk": 12,
    "fields": {
        "nombre": "Series base together far they article win. Painting begin statement.",
        "apellido": "Quickly share nice few. Collection imagine many recent herself.",
        "email": "emitchell@example.com",
        "telefono": "Congress.",
        "fecha_nacimiento": "2011-01-28"
    }
},
{
    "model": "apaeropuerto.pasajero",
    "pk": 13,
    "fields": {
        "nombre": "Situation laugh child chair rather. Weight right fact music each each.",
        "apellido": "Natural million present poor edge. Paper still occur local lot.",
        "email": "yfrank@example.net",
        "telefono": "Huge term.",
        "fecha_nacimiento": "2004-01-20"
    }
},
{
    "model": "apaeropuerto.pasajero",
    "pk": 14,
    "fields": {
        "nombre": "Our get whole would tough senior.",
        "apellido": "Have be spend speech their whom. Husband over when project.",
        "email": "tracywhitaker@example.org",
        "telefono": "Travel reach.",
        "fecha_nacimiento": "1976-07-09"
    }
},
{
    "model": "apaeropuerto.pasajero",
    "pk": 15,
    "fields": {
        "nombre": "Record person expect cost. Walk knowledge last family owner one.\nFree choice service thank to.",
        "apellido": "Company religious single. Author serve million way space. Partner customer three own.",
        "email": "cristian19@example.net",
        "telefono": "People little.",
        "fecha_nacimiento": "2008-12-19"
    }
},
{
    "model": "apaeropuerto.pasajero",
    "pk": 16,
    "fields": {
        "nombre": "Off heavy clearly pressure sea. Old capital early government build tree.",
        "apellido": "Top team together benefit decision follow. Team parent increase.",
        "email": "davischristopher@example.com",
        "telefono": "Bill hour not.",
        "fecha_nacimiento": "1983-02-19"
    }
},
{
    "model": "apaeropuerto.pasajero",
    "pk": 17,
    "fields": {
        "nombre": "Boy movie feel money put season always. Per all peace choice administration place.",
        "apellido": "Off along affect I. Rich break fear remember which ok not.",
        "email": "ftran@example.net",
        "telefono": "Thousand level.",
        "fecha_nacimiento": "1989-04-18"
    }
},
{
    "model": "apaeropuerto.pasajero",
    "pk": 18,
    "fields": {
        "nombre": "Serious everything again medical three ago. When happen guy traditional control fill point.",
        "apellido": "Color several must quality physical rather.",
        "email": "sarahpowell@example.net",
        "telefono": "White this.",
        "fecha_nacimiento": "2001-06-14"
    }
},
{
    "model": "apaeropuerto.pasajero",
    "pk": 19,
    "fields": {
        "nombre": "White relationship shake. Contain magazine child.",
        "apellido": "Late campaign what later. Foot world collection ahead stay.",
        "email": "xmoon@example.net",
        "telefono": "Their only.",
        "fecha_nacimiento": "1999-03-25"
    }
},
{
    "model": "apaeropuerto.pasajero",
    "pk": 20,
    "fields": {
        "nombre": "Line after with ever success picture cell.",
        "apellido": "Great than discuss culture ok Democrat clear. Interview employee stop.",
        "email": "jeffreysellers@example.com",
        "telefono": "Week.",
        "fecha_nacimiento": "2003-04-15"
    }
},
{
    "model": "apaeropuerto.pasajero",
    "pk": 21,
    "fields": {
        "nombre": "Next discover audience yourself. Whole car agency yeah expert.",
        "apellido": "Day first perhaps loss audience line prove throw. Admit determine number.",
        "email": "reneehill@example.net",
        "telefono": "Authority.",
        "fecha_nacimiento": "1989-11-13"
    }
},
{
    "model": "apaeropuerto.pasajero",
    "pk": 22,
    "fields": {
        "nombre": "Set direction herself me trip group. Cover the through watch return back cover.",
        "apellido": "Commercial travel level. Bank evidence guess nature follow perform begin. Its watch morning.",
        "email": "lori98@example.net",
        "telefono": "Ten main.",
        "fecha_nacimiento": "1990-12-31"
    }
},
{
    "model": "apaeropuerto.pasajero",
    "pk": 23,
    "fields": {
        "nombre": "Whole short myself appear. Matter commercial open.\nRequire expert any form product you.",
        "apellido": "Environmental the meet. Air join person surface.",
        "email": "wadeandrew@example.net",
        "telefono": "All long Mr.",
        "fecha_nacimiento": "1984-03-01"
    }
},
{
    "model": "apaeropuerto.pasajero",
    "pk": 24,
    "fields": {
        "nombre": "Culture meet fly popular worker. And wide kind them. Operation federal key ready.",
        "apellido": "Form name environment training often only. Modern run source. Chair beat cell use follow.",
        "email": "ibarraroger@example.org",
        "telefono": "Rule north.",
        "fecha_nacimiento": "2000-02-01"
    }
},
{
    "model": "apaeropuerto.pasajero",
    "pk": 25,
    "fields": {
        "nombre": "Physical her author very sea be ok. Year radio necessary government others.",
        "apellido": "No physical news which order. Civil speak court play.",
        "email": "owilliams@example.org",
        "telefono": "Laugh whose.",
        "fecha_nacimiento": "1983-08-30"
    }
},
{
    "model": "apaeropuerto.pasajero",
    "pk": 26,
    "fields": {
        "nombre": "Hundred deep stop. Drug truth interesting action for.",
        "apellido": "Last tax ten great keep. Believe assume general key.\nBill evening kind course. Thousand water from.",
        "email": "qlutz@example.com",
        "telefono": "Shoulder away.",
        "fecha_nacimiento": "1998-04-07"
    }
},
{
    "model": "apaeropuerto.pasajero",
    "pk": 27,
    "fields": {
        "nombre": "Available citizen new expert. Avoid range gas beat campaign wife.",
        "apellido": "Else hundred heart unit.",
        "email": "stevenmurphy@example.net",
        "telefono": "Study sit.",
        "fecha_nacimiento": "2003-05-21"
    }
},
{
    "model": "apaeropuerto.pasajero",
    "pk": 28,
    "fields": {
        "nombre": "Believe reduce half fill. Could model middle thus loss director else on.",
        "apellido": "Form capital have find. Claim try business machine west development. Majority sound memory.",
        "email": "shannoncuevas@example.com",
        "telefono": "Big region.",
        "fecha_nacimiento": "1987-05-05"
    }
},
{
    "model": "apaeropuerto.pasajero",
    "pk": 29,
    "fields": {
        "nombre": "Indicate also difference pressure mouth. Few decade his black west.",
        "apellido": "Price right door above common wrong bar. Game only final.",
        "email": "carla91@example.com",
        "telefono": "Phone left.",
        "fecha_nacimiento": "2022-12-13"
    }
},
{
    "model": "apaeropuerto.pasajero",
    "pk": 30,
    "fields": {
        "nombre": "Social send else stay make. Contain another education international. Rise strategy forget term.",
        "apellido": "Red though because environment exactly whether. Financial degree reduce training lay.",
        "email": "gonzalezjonathan@example.com",
        "telefono": "Air charge.",
        "fecha_nacimiento": "1978-10-12"
    }
},
{
    "model": "apaeropuerto.equipaje",
    "pk": 1,
    "fields": {
        "pasajero": 13,
        "peso": 0.7066080817943874,
        "dimensiones": "Something local job. Continue into power.",
        "tipo_material": "Other natural unit."
    }
},
{
    "model": "apaeropuerto.equipaje",
    "pk": 2,
    "fields": {
        "pasajero": 24,
        "peso": 0.10323561063314113,
        "dimensiones": "Analysis similar receive build radio management.",
        "tipo_material": "Score feeling catch not."
    }
},
{
    "model": "apaeropuerto.equipaje",
    "pk": 3,
    "fields": {
        "pasajero": 15,
        "peso": 0.8046019700787674,
        "dimensiones": "Work cold finish know.",
        "tipo_material": "Respond describe mission."
    }
},
{
    "model": "apaeropuerto.equipaje",
    "pk": 4,
    "fields": {
        "pasajero": 21,
        "peso": 0.7041645386539466,
        "dimensiones": "Threat glass end top organization simple.",
        "tipo_material": "Them of low western power."
    }
},
{
    "model": "apaeropuerto.equipaje",
    "pk": 5,
    "fields": {
        "pasajero": 22,
        "peso": 0.9515246158197288,
        "dimensiones": "Yard follow dinner line sound service.",
        "tipo_material": "Family enjoy despite."
    }
},
{
    "model": "apaeropuerto.equipaje",
    "pk": 6,
    "fields": {
        "pasajero": 19,
        "peso": 0.4891032465841133,
        "dimensiones": "Star stay fight next assume piece.",
        "tipo_material": "Happen can especially nor."
    }
},
{
    "model": "apaeropuerto.equipaje",
    "pk": 7,
    "fields": {
        "pasajero": 8,
        "peso": 0.31570156858555065,
        "dimensiones": "She energy wide special value adult throw.",
        "tipo_material": "Agent yes wear."
    }
},
{
    "model": "apaeropuerto.equipaje",
    "pk": 8,
    "fields": {
        "pasajero": 20,
        "peso": 0.29090950055113673,
        "dimensiones": "Share indicate contain kitchen none.",
        "tipo_material": "High green finish up."
    }
},
{
    "model": "apaeropuerto.equipaje",
    "pk": 9,
    "fields": {
        "pasajero": 30,
        "peso": 0.6833713420988975,
        "dimensiones": "Subject health rate enough.",
        "tipo_material": "Happy Mr knowledge and."
    }
},
{
    "model": "apaeropuerto.equipaje",
    "pk": 10,
    "fields": {
        "pasajero": 25,
        "peso": 0.5641983019927616,
        "dimensiones": "Country manager evidence.",
        "tipo_material": "Base day wide cup."
    }
},
{
    "model": "apaeropuerto.equipaje",
    "pk": 11,
    "fields": {
        "pasajero": 18,
        "peso": 0.3115813973126186,
        "dimensiones": "Window country camera message produce stuff.",
        "tipo_material": "Half black middle society."
    }
},
{
    "model": "apaeropuerto.equipaje",
    "pk": 12,
    "fields": {
        "pasajero": 5,
        "peso": 0.9412617263287605,
        "dimensiones": "Always floor everyone career industry.",
        "tipo_material": "Very of case beyond."
    }
},
{
    "model": "apaeropuerto.equipaje",
    "pk": 13,
    "fields": {
        "pasajero": 6,
        "peso": 0.14828891233153363,
        "dimensiones": "Quickly break account challenge.",
        "tipo_material": "Medical according pull each."
    }
},
{
    "model": "apaeropuerto.equipaje",
    "pk": 14,
    "fields": {
        "pasajero": 7,
        "peso": 0.9801074510392644,
        "dimensiones": "Day purpose city already them when.",
        "tipo_material": "Control your ago tend."
    }
},
{
    "model": "apaeropuerto.equipaje",
    "pk": 15,
    "fields": {
        "pasajero": 10,
        "peso": 0.9485086601062035,
        "dimensiones": "Floor take stock address our strong.",
        "tipo_material": "Film whatever wish buy."
    }
},
{
    "model": "apaeropuerto.equipaje",
    "pk": 16,
    "fields": {
        "pasajero": 17,
        "peso": 0.1077649334318399,
        "dimensiones": "Fly author from rather other.",
        "tipo_material": "Always house to offer."
    }
},
{
    "model": "apaeropuerto.equipaje",
    "pk": 17,
    "fields": {
        "pasajero": 29,
        "peso": 0.40469020313655457,
        "dimensiones": "Employee as city kid move lay scientist leader.",
        "tipo_material": "Wall book room."
    }
},
{
    "model": "apaeropuerto.equipaje",
    "pk": 18,
    "fields": {
        "pasajero": 11,
        "peso": 0.008016222270176177,
        "dimensiones": "Action production beautiful you listen.",
        "tipo_material": "From energy he artist."
    }
},
{
    "model": "apaeropuerto.equipaje",
    "pk": 19,
    "fields": {
        "pasajero": 28,
        "peso": 0.9361325360290804,
        "dimensiones": "National rather deal.",
        "tipo_material": "House growth hospital."
    }
},
{
    "model": "apaeropuerto.equipaje",
    "pk": 20,
    "fields": {
        "pasajero": 26,
        "peso": 0.9767830052566815,
        "dimensiones": "Each manager respond laugh line.",
        "tipo_material": "Dream heart child west."
    }
},
{
    "model": "apaeropuerto.equipaje",
    "pk": 21,
    "fields": {
        "pasajero": 12,
        "peso": 0.9418561539422954,
        "dimensiones": "Black perform finish risk certain.",
        "tipo_material": "Strong stop she lot."
    }
},
{
    "model": "apaeropuerto.equipaje",
    "pk": 22,
    "fields": {
        "pasajero": 2,
        "peso": 0.36556749711777925,
        "dimensiones": "Continue admit coach make reality a well.",
        "tipo_material": "Surface top these daughter."
    }
},
{
    "model": "apaeropuerto.equipaje",
    "pk": 23,
    "fields": {
        "pasajero": 23,
        "peso": 0.6456582489062004,
        "dimensiones": "Piece attention be prevent bill you.",
        "tipo_material": "Always type stay."
    }
},
{
    "model": "apaeropuerto.equipaje",
    "pk": 24,
    "fields": {
        "pasajero": 1,
        "peso": 0.12441097521205724,
        "dimensiones": "Subject address three five do east.",
        "tipo_material": "Item friend plant market."
    }
},
{
    "model": "apaeropuerto.equipaje",
    "pk": 25,
    "fields": {
        "pasajero": 9,
        "peso": 0.934257320970165,
        "dimensiones": "From entire board draw can.",
        "tipo_material": "Future town baby shake hard."
    }
},
{
    "model": "apaeropuerto.equipaje",
    "pk": 26,
    "fields": {
        "pasajero": 27,
        "peso": 0.07622703629784855,
        "dimensiones": "Social need hour in wear.",
        "tipo_material": "Today will family since."
    }
},
{
    "model": "apaeropuerto.equipaje",
    "pk": 27,
    "fields": {
        "pasajero": 4,
        "peso": 0.37703274963467137,
        "dimensiones": "Significant throw health realize if program.",
        "tipo_material": "Something its what should."
    }
},
{
    "model": "apaeropuerto.equipaje",
    "pk": 28,
    "fields": {
        "pasajero": 16,
        "peso": 0.4896172019328747,
        "dimensiones": "Commercial authority size wrong data Mr yard.",
        "tipo_material": "Entire us nor."
    }
},
{
    "model": "apaeropuerto.equipaje",
    "pk": 29,
    "fields": {
        "pasajero": 3,
        "peso": 0.002694944628119922,
        "dimensiones": "Real work order difference.",
        "tipo_material": "Reach guy she individual dog."
    }
},
{
    "model": "apaeropuerto.equipaje",
    "pk": 30,
    "fields": {
        "pasajero": 14,
        "peso": 0.41898052256527474,
        "dimensiones": "Morning home former there.",
        "tipo_material": "Few east power full nation."
    }
},
{
    "model": "apaeropuerto.aerolinea",
    "pk": 1,
    "fields": {
        "nombre": "Speak million agreement thousand. For defense control child watch language edge.",
        "codigo": "Wind.",
        "pais": "Recognize research ball cultural actually. Wish suddenly office available turn.",
        "fecha_fundacion": "2007-10-28"
    }
},
{
    "model": "apaeropuerto.aerolinea",
    "pk": 2,
    "fields": {
        "nombre": "Contain from resource against. Late right environmental sing. Voice participant cut.",
        "codigo": "Sell.",
        "pais": "Later total personal development. Minute age past rock.",
        "fecha_fundacion": "1997-06-15"
    }
},
{
    "model": "apaeropuerto.aerolinea",
    "pk": 3,
    "fields": {
        "nombre": "Join its professional simply. Everybody able can guess.",
        "codigo": "Arrive my.",
        "pais": "Cell news plan heavy break move.\nThird time population commercial population people.",
        "fecha_fundacion": "2017-08-13"
    }
},
{
    "model": "apaeropuerto.aerolinea",
    "pk": 4,
    "fields": {
        "nombre": "How education age style. Maybe full party clearly room together measure. Enough assume new.",
        "codigo": "Central.",
        "pais": "Want discuss election security operation bank energy environment.\nHere moment grow go.",
        "fecha_fundacion": "1980-08-14"
    }
},
{
    "model": "apaeropuerto.aerolinea",
    "pk": 5,
    "fields": {
        "nombre": "Offer activity else. Worker physical than tree.",
        "codigo": "Ten skin.",
        "pais": "Cover kind full home technology type. Station term site game why. Often I reflect give though real.",
        "fecha_fundacion": "1989-06-01"
    }
},
{
    "model": "apaeropuerto.aerolinea",
    "pk": 6,
    "fields": {
        "nombre": "Difference even time quite open. Stand discover article perform during. Measure two traditional.",
        "codigo": "Yeah.",
        "pais": "Cause seek public process modern meet. Security will represent it book significant.",
        "fecha_fundacion": "2014-08-06"
    }
},
{
    "model": "apaeropuerto.aerolinea",
    "pk": 7,
    "fields": {
        "nombre": "Indeed design cultural. Beautiful authority bar market able television. Notice decision bar next.",
        "codigo": "Back.",
        "pais": "There rock yes thank. Ground field identify wonder. Whatever defense question list wall wide.",
        "fecha_fundacion": "1993-03-07"
    }
},
{
    "model": "apaeropuerto.aerolinea",
    "pk": 8,
    "fields": {
        "nombre": "Single out man their road have. Step down alone culture personal want.",
        "codigo": "Exactly.",
        "pais": "Sort human citizen already. Seek peace he newspaper probably step.",
        "fecha_fundacion": "2013-02-27"
    }
},
{
    "model": "apaeropuerto.aerolinea",
    "pk": 9,
    "fields": {
        "nombre": "Book offer suggest certain authority public. Affect age accept television receive end whether.",
        "codigo": "Military.",
        "pais": "Know word activity the audience pick sister. Administration recent commercial.",
        "fecha_fundacion": "1992-10-15"
    }
},
{
    "model": "apaeropuerto.aerolinea",
    "pk": 10,
    "fields": {
        "nombre": "Chair picture head paper director player lead. Cold seek whether realize.",
        "codigo": "My.",
        "pais": "Very every goal report with turn discover. Life remember trip team.",
        "fecha_fundacion": "2002-08-14"
    }
},
{
    "model": "apaeropuerto.aerolinea",
    "pk": 11,
    "fields": {
        "nombre": "Opportunity listen blue around. Whose fear south answer also.",
        "codigo": "Two.",
        "pais": "Add yeah team. Truth information probably bring number actually bad.",
        "fecha_fundacion": "2019-06-28"
    }
},
{
    "model": "apaeropuerto.aerolinea",
    "pk": 12,
    "fields": {
        "nombre": "Pick call game almost film animal grow.\nLevel prepare person talk. Wind lead PM ever.",
        "codigo": "Bring.",
        "pais": "Live treatment security share whom rather. Until like might market mention.",
        "fecha_fundacion": "1988-06-14"
    }
},
{
    "model": "apaeropuerto.aerolinea",
    "pk": 13,
    "fields": {
        "nombre": "Face brother west expect western would.",
        "codigo": "From song.",
        "pais": "Upon experience wish. Make or hair from natural site. Truth choice mouth race.",
        "fecha_fundacion": "1977-11-17"
    }
},
{
    "model": "apaeropuerto.aerolinea",
    "pk": 14,
    "fields": {
        "nombre": "Industry media peace forward go yet knowledge beyond. Beat election home stop mother.",
        "codigo": "Others.",
        "pais": "Commercial politics here around each. Never fact that your important.",
        "fecha_fundacion": "1972-02-14"
    }
},
{
    "model": "apaeropuerto.aerolinea",
    "pk": 15,
    "fields": {
        "nombre": "Reason example gas sense. Test go painting assume black close.",
        "codigo": "Follow.",
        "pais": "Least hour find major. Debate bad market.",
        "fecha_fundacion": "2021-05-21"
    }
},
{
    "model": "apaeropuerto.aerolinea",
    "pk": 16,
    "fields": {
        "nombre": "Explain peace exactly party color model behavior.",
        "codigo": "Argue.",
        "pais": "Natural them weight receive leg. Page establish send bar.",
        "fecha_fundacion": "1984-05-23"
    }
},
{
    "model": "apaeropuerto.aerolinea",
    "pk": 17,
    "fields": {
        "nombre": "Some someone myself section tonight. Quality project produce describe certainly.",
        "codigo": "Else.",
        "pais": "By their item. Plant group send house traditional drive education.",
        "fecha_fundacion": "2006-01-29"
    }
},
{
    "model": "apaeropuerto.aerolinea",
    "pk": 18,
    "fields": {
        "nombre": "Bill service direction relate person professional probably.",
        "codigo": "Plant.",
        "pais": "Could relationship who issue. Phone four buy campaign.",
        "fecha_fundacion": "1993-10-29"
    }
},
{
    "model": "apaeropuerto.aerolinea",
    "pk": 19,
    "fields": {
        "nombre": "Worker short true road. So support nice source. Too trade century history.",
        "codigo": "Task.",
        "pais": "Unit doctor bag.",
        "fecha_fundacion": "2023-06-26"
    }
},
{
    "model": "apaeropuerto.aerolinea",
    "pk": 20,
    "fields": {
        "nombre": "People receive increase. Reduce group total.\nInclude strategy down chair north system develop.",
        "codigo": "Trade.",
        "pais": "Minute now those.",
        "fecha_fundacion": "1989-04-07"
    }
},
{
    "model": "apaeropuerto.aerolinea",
    "pk": 21,
    "fields": {
        "nombre": "Evening church clearly hot camera attack language office. Four common pressure next bag investment.",
        "codigo": "Audience.",
        "pais": "Bed sea from indicate career road prove nothing.",
        "fecha_fundacion": "1990-03-08"
    }
},
{
    "model": "apaeropuerto.aerolinea",
    "pk": 22,
    "fields": {
        "nombre": "Condition law able charge these a thus. Front hotel hundred window.",
        "codigo": "Meet down.",
        "pais": "Stage modern past himself store. Painting perform husband city.",
        "fecha_fundacion": "1986-05-29"
    }
},
{
    "model": "apaeropuerto.aerolinea",
    "pk": 23,
    "fields": {
        "nombre": "Human lose once avoid decade about affect. Seven they study protect concern short.",
        "codigo": "Risk.",
        "pais": "Mouth magazine star plant clearly police. History line machine parent house floor Republican.",
        "fecha_fundacion": "1994-11-20"
    }
},
{
    "model": "apaeropuerto.aerolinea",
    "pk": 24,
    "fields": {
        "nombre": "School quite meet animal improve rate. Forward itself south capital. Maybe large red you brother.",
        "codigo": "Heart.",
        "pais": "Machine history which page. Add dog agent allow nation.",
        "fecha_fundacion": "1974-02-18"
    }
},
{
    "model": "apaeropuerto.aerolinea",
    "pk": 25,
    "fields": {
        "nombre": "Recently him give issue. Health claim story practice.",
        "codigo": "Source.",
        "pais": "Beyond military notice mouth chance drug. Market operation always agent election result sound.",
        "fecha_fundacion": "2023-11-01"
    }
},
{
    "model": "apaeropuerto.aerolinea",
    "pk": 26,
    "fields": {
        "nombre": "Second decide foreign knowledge story whose. Agent smile pressure production once.",
        "codigo": "Surface.",
        "pais": "Stay beyond stand physical protect sea. Water road huge success go.",
        "fecha_fundacion": "2001-09-01"
    }
},
{
    "model": "apaeropuerto.aerolinea",
    "pk": 27,
    "fields": {
        "nombre": "American spring something heart record special specific.",
        "codigo": "Cause.",
        "pais": "Long win knowledge occur what. Light set stock. Exist agreement effect else.",
        "fecha_fundacion": "2010-03-25"
    }
},
{
    "model": "apaeropuerto.aerolinea",
    "pk": 28,
    "fields": {
        "nombre": "Because so indeed get.",
        "codigo": "Dark.",
        "pais": "Yes everything strong couple. Create vote board hard support.",
        "fecha_fundacion": "2002-11-05"
    }
},
{
    "model": "apaeropuerto.aerolinea",
    "pk": 29,
    "fields": {
        "nombre": "Often leg provide experience work strong.",
        "codigo": "Station.",
        "pais": "Reality instead four against part start could six. General husband lay single yes tonight himself.",
        "fecha_fundacion": "1996-02-19"
    }
},
{
    "model": "apaeropuerto.aerolinea",
    "pk": 30,
    "fields": {
        "nombre": "Television girl what figure. Area would arrive future.",
        "codigo": "Director.",
        "pais": "Wish perhaps employee her fast but. Position share feel camera.\nKid order computer best couple.",
        "fecha_fundacion": "2021-01-06"
    }
},
{
    "model": "apaeropuerto.vueloaerolinea",
    "pk": 1,
    "fields": {
        "vuelo": 14,
        "aerolinea": 17,
        "fecha_operacion": "1980-10-18T20:04:19.262",
        "estado": "Song tough write international else.",
        "precio": 0.5105838804825233
    }
},
{
    "model": "apaeropuerto.vueloaerolinea",
    "pk": 2,
    "fields": {
        "vuelo": 10,
        "aerolinea": 19,
        "fecha_operacion": "2012-11-28T16:38:19.048",
        "estado": "Pattern similar thousand question.",
        "precio": 0.9625195941494528
    }
},
{
    "model": "apaeropuerto.vueloaerolinea",
    "pk": 3,
    "fields": {
        "vuelo": 29,
        "aerolinea": 15,
        "fecha_operacion": "2023-04-19T00:14:53.995",
        "estado": "Fish dinner civil thus she but floor form.",
        "precio": 0.8369161766359314
    }
},
{
    "model": "apaeropuerto.vueloaerolinea",
    "pk": 4,
    "fields": {
        "vuelo": 2,
        "aerolinea": 17,
        "fecha_operacion": "1987-08-10T15:57:42.072",
        "estado": "Surface ask less next thing yourself lawyer.",
        "precio": 0.7735794010419654
    }
},
{
    "model": "apaeropuerto.vueloaerolinea",
    "pk": 5,
    "fields": {
        "vuelo": 4,
        "aerolinea": 4,
        "fecha_operacion": "2006-11-21T11:32:24.595",
        "estado": "President manager range couple alone happen.",
        "precio": 0.8107538245342174
    }
},
{
    "model": "apaeropuerto.vueloaerolinea",
    "pk": 6,
    "fields": {
        "vuelo": 8,
        "aerolinea": 23,
        "fecha_operacion": "2015-07-01T18:58:22.036",
        "estado": "Seven media bag she reduce Mr every.",
        "precio": 0.6666758551316279
    }
},
{
    "model": "apaeropuerto.vueloaerolinea",
    "pk": 7,
    "fields": {
        "vuelo": 26,
        "aerolinea": 22,
        "fecha_operacion": "2012-05-24T06:17:48.340",
        "estado": "College life fund.",
        "precio": 0.10582315136236786
    }
},
{
    "model": "apaeropuerto.vueloaerolinea",
    "pk": 8,
    "fields": {
        "vuelo": 29,
        "aerolinea": 26,
        "fecha_operacion": "1977-04-02T23:51:59.908",
        "estado": "Thousand police movement interesting since the.",
        "precio": 0.14078757932174468
    }
},
{
    "model": "apaeropuerto.vueloaerolinea",
    "pk": 9,
    "fields": {
        "vuelo": 2,
        "aerolinea": 21,
        "fecha_operacion": "1985-03-01T04:30:36.147",
        "estado": "Huge give keep war brother.",
        "precio": 0.7585231775207752
    }
},
{
    "model": "apaeropuerto.vueloaerolinea",
    "pk": 10,
    "fields": {
        "vuelo": 4,
        "aerolinea": 1,
        "fecha_operacion": "2019-05-29T01:28:21.898",
        "estado": "Later local cover. Game east our word.",
        "precio": 0.6306490826099252
    }
},
{
    "model": "apaeropuerto.vueloaerolinea",
    "pk": 11,
    "fields": {
        "vuelo": 2,
        "aerolinea": 7,
        "fecha_operacion": "2023-12-20T12:30:16.134",
        "estado": "Stock guess partner role us.",
        "precio": 0.11070631065360081
    }
},
{
    "model": "apaeropuerto.vueloaerolinea",
    "pk": 12,
    "fields": {
        "vuelo": 13,
        "aerolinea": 24,
        "fecha_operacion": "1988-09-24T18:55:32.827",
        "estado": "Quality often summer ok ahead cut positive.",
        "precio": 0.416338954057071
    }
},
{
    "model": "apaeropuerto.vueloaerolinea",
    "pk": 13,
    "fields": {
        "vuelo": 19,
        "aerolinea": 18,
        "fecha_operacion": "2003-05-21T23:24:22.746",
        "estado": "Far ability education.",
        "precio": 0.38823811966708766
    }
},
{
    "model": "apaeropuerto.vueloaerolinea",
    "pk": 14,
    "fields": {
        "vuelo": 22,
        "aerolinea": 10,
        "fecha_operacion": "2004-08-07T14:59:15.742",
        "estado": "Choice and student management today.",
        "precio": 0.9425224724991272
    }
},
{
    "model": "apaeropuerto.vueloaerolinea",
    "pk": 15,
    "fields": {
        "vuelo": 17,
        "aerolinea": 15,
        "fecha_operacion": "2023-09-04T07:42:03.431",
        "estado": "Future difficult size hundred coach.",
        "precio": 0.10831270581406216
    }
},
{
    "model": "apaeropuerto.vueloaerolinea",
    "pk": 16,
    "fields": {
        "vuelo": 9,
        "aerolinea": 7,
        "fecha_operacion": "2012-02-27T03:23:47.094",
        "estado": "Fast someone product live.",
        "precio": 0.6089667993360008
    }
},
{
    "model": "apaeropuerto.vueloaerolinea",
    "pk": 17,
    "fields": {
        "vuelo": 16,
        "aerolinea": 23,
        "fecha_operacion": "1999-06-14T11:01:28.372",
        "estado": "Buy head read them adult reality price.",
        "precio": 0.9517007914901131
    }
},
{
    "model": "apaeropuerto.vueloaerolinea",
    "pk": 18,
    "fields": {
        "vuelo": 9,
        "aerolinea": 22,
        "fecha_operacion": "2010-06-09T13:31:08.042",
        "estado": "Real song might. Produce night environmental.",
        "precio": 0.37512354533033365
    }
},
{
    "model": "apaeropuerto.vueloaerolinea",
    "pk": 19,
    "fields": {
        "vuelo": 15,
        "aerolinea": 16,
        "fecha_operacion": "2008-04-06T17:56:38.691",
        "estado": "Majority current see offer stock.",
        "precio": 0.5610595552424664
    }
},
{
    "model": "apaeropuerto.vueloaerolinea",
    "pk": 20,
    "fields": {
        "vuelo": 11,
        "aerolinea": 14,
        "fecha_operacion": "2000-12-20T02:35:09.480",
        "estado": "Law blue agent run buy respond knowledge.",
        "precio": 0.5571092304730246
    }
},
{
    "model": "apaeropuerto.vueloaerolinea",
    "pk": 21,
    "fields": {
        "vuelo": 21,
        "aerolinea": 8,
        "fecha_operacion": "1989-05-12T15:49:19.034",
        "estado": "Beautiful chair natural beyond.",
        "precio": 0.017325354015792938
    }
},
{
    "model": "apaeropuerto.vueloaerolinea",
    "pk": 22,
    "fields": {
        "vuelo": 6,
        "aerolinea": 4,
        "fecha_operacion": "1981-01-23T07:26:46.136",
        "estado": "Say free best himself growth.",
        "precio": 0.7748949916817701
    }
},
{
    "model": "apaeropuerto.vueloaerolinea",
    "pk": 23,
    "fields": {
        "vuelo": 21,
        "aerolinea": 26,
        "fecha_operacion": "2000-04-24T18:00:01.803",
        "estado": "Would maybe fight local heart work treatment.",
        "precio": 0.9483012000195141
    }
},
{
    "model": "apaeropuerto.vueloaerolinea",
    "pk": 24,
    "fields": {
        "vuelo": 27,
        "aerolinea": 16,
        "fecha_operacion": "2010-01-12T05:44:21.764",
        "estado": "She system challenge name family.",
        "precio": 0.8649166867947636
    }
},
{
    "model": "apaeropuerto.vueloaerolinea",
    "pk": 25,
    "fields": {
        "vuelo": 13,
        "aerolinea": 23,
        "fecha_operacion": "2020-06-02T09:12:24.647",
        "estado": "Six recently attack leave see safe.",
        "precio": 0.6701708941286793
    }
},
{
    "model": "apaeropuerto.vueloaerolinea",
    "pk": 26,
    "fields": {
        "vuelo": 26,
        "aerolinea": 14,
        "fecha_operacion": "1982-09-05T03:26:39.160",
        "estado": "Movement computer serious number hair.",
        "precio": 0.6093038136813406
    }
},
{
    "model": "apaeropuerto.vueloaerolinea",
    "pk": 27,
    "fields": {
        "vuelo": 21,
        "aerolinea": 12,
        "fecha_operacion": "2013-08-04T13:59:10.064",
        "estado": "Good turn less nearly.",
        "precio": 0.5936437208805917
    }
},
{
    "model": "apaeropuerto.vueloaerolinea",
    "pk": 28,
    "fields": {
        "vuelo": 23,
        "aerolinea": 9,
        "fecha_operacion": "2023-04-18T08:58:48.836",
        "estado": "Blue line card hair ahead research necessary.",
        "precio": 0.41596509543498117
    }
},
{
    "model": "apaeropuerto.vueloaerolinea",
    "pk": 29,
    "fields": {
        "vuelo": 13,
        "aerolinea": 26,
        "fecha_operacion": "1989-05-27T18:56:51.125",
        "estado": "Group range sort represent since.",
        "precio": 0.3603412664038341
    }
},
{
    "model": "apaeropuerto.vueloaerolinea",
    "pk": 30,
    "fields": {
        "vuelo": 7,
        "aerolinea": 12,
        "fecha_operacion": "2012-12-06T15:25:28.000",
        "estado": "Including include worker how only almost.",
        "precio": 0.9920658993082246
    }
},
{
    "model": "apaeropuerto.reserva",
    "pk": 1,
    "fields": {
        "pasajero": 24,
        "vuelo": 28,
        "fecha_reserva": "1985-05-15T13:25:00.894",
        "estado": "Simple ask lawyer them decade east.",
        "metodo_pago": "Cause nice side year away."
    }
},
{
    "model": "apaeropuerto.reserva",
    "pk": 2,
    "fields": {
        "pasajero": 21,
        "vuelo": 4,
        "fecha_reserva": "2015-07-05T09:49:55.845",
        "estado": "Air finish push cold under more Democrat.",
        "metodo_pago": "Win around during weight election yourself world."
    }
},
{
    "model": "apaeropuerto.reserva",
    "pk": 3,
    "fields": {
        "pasajero": 18,
        "vuelo": 29,
        "fecha_reserva": "2016-02-11T23:21:43.601",
        "estado": "Contain especially science responsibility place.",
        "metodo_pago": "Current prepare certain."
    }
},
{
    "model": "apaeropuerto.reserva",
    "pk": 4,
    "fields": {
        "pasajero": 7,
        "vuelo": 9,
        "fecha_reserva": "1988-12-01T23:01:32.549",
        "estado": "With board these information school.",
        "metodo_pago": "Field save movement local bank bar suffer."
    }
},
{
    "model": "apaeropuerto.reserva",
    "pk": 5,
    "fields": {
        "pasajero": 1,
        "vuelo": 15,
        "fecha_reserva": "2010-04-05T05:29:41.282",
        "estado": "Reduce by develop much despite answer.",
        "metodo_pago": "Dog they direction recent others."
    }
},
{
    "model": "apaeropuerto.reserva",
    "pk": 6,
    "fields": {
        "pasajero": 17,
        "vuelo": 18,
        "fecha_reserva": "1973-02-11T04:12:41.393",
        "estado": "Dinner two interest painting risk night.",
        "metodo_pago": "Parent do sign occur go near perhaps."
    }
},
{
    "model": "apaeropuerto.reserva",
    "pk": 7,
    "fields": {
        "pasajero": 17,
        "vuelo": 13,
        "fecha_reserva": "2008-10-20T00:04:34.897",
        "estado": "Number kid her choice prove.",
        "metodo_pago": "Nothing sense improve alone whatever end effect."
    }
},
{
    "model": "apaeropuerto.reserva",
    "pk": 8,
    "fields": {
        "pasajero": 13,
        "vuelo": 29,
        "fecha_reserva": "1992-03-08T17:16:56.740",
        "estado": "Alone commercial the manager last follow.",
        "metodo_pago": "End country approach partner of local west."
    }
},
{
    "model": "apaeropuerto.reserva",
    "pk": 9,
    "fields": {
        "pasajero": 25,
        "vuelo": 18,
        "fecha_reserva": "1992-09-17T21:41:04.534",
        "estado": "Stock assume foreign officer student ok.",
        "metodo_pago": "By let that certain."
    }
},
{
    "model": "apaeropuerto.reserva",
    "pk": 10,
    "fields": {
        "pasajero": 28,
        "vuelo": 18,
        "fecha_reserva": "2003-12-23T01:56:36.055",
        "estado": "Minute kid work partner option system game.",
        "metodo_pago": "Left professor last official. Paper heart nearly."
    }
},
{
    "model": "apaeropuerto.reserva",
    "pk": 11,
    "fields": {
        "pasajero": 15,
        "vuelo": 22,
        "fecha_reserva": "2004-04-30T03:51:39.985",
        "estado": "Itself least our check live economy.",
        "metodo_pago": "Tough him reality these."
    }
},
{
    "model": "apaeropuerto.reserva",
    "pk": 12,
    "fields": {
        "pasajero": 10,
        "vuelo": 4,
        "fecha_reserva": "2023-01-24T06:54:22.983",
        "estado": "Range whole floor pretty.",
        "metodo_pago": "Network painting better subject."
    }
},
{
    "model": "apaeropuerto.reserva",
    "pk": 13,
    "fields": {
        "pasajero": 11,
        "vuelo": 12,
        "fecha_reserva": "1999-11-20T14:26:05.101",
        "estado": "None yeah foot reveal while can radio.",
        "metodo_pago": "Church many thus carry industry job."
    }
},
{
    "model": "apaeropuerto.reserva",
    "pk": 14,
    "fields": {
        "pasajero": 10,
        "vuelo": 18,
        "fecha_reserva": "1996-10-11T10:19:21.509",
        "estado": "Note professor security billion sit medical four.",
        "metodo_pago": "Executive no main guess performance."
    }
},
{
    "model": "apaeropuerto.reserva",
    "pk": 15,
    "fields": {
        "pasajero": 30,
        "vuelo": 23,
        "fecha_reserva": "2000-04-21T11:55:16.903",
        "estado": "Character although between event.",
        "metodo_pago": "Maybe produce instead."
    }
},
{
    "model": "apaeropuerto.reserva",
    "pk": 16,
    "fields": {
        "pasajero": 20,
        "vuelo": 20,
        "fecha_reserva": "1978-12-25T16:22:24.576",
        "estado": "Fine newspaper stop perform special wear.",
        "metodo_pago": "Fill gun compare gas."
    }
},
{
    "model": "apaeropuerto.reserva",
    "pk": 17,
    "fields": {
        "pasajero": 10,
        "vuelo": 7,
        "fecha_reserva": "1988-10-23T03:07:55.803",
        "estado": "While serve dream fight despite.",
        "metodo_pago": "Company market develop."
    }
},
{
    "model": "apaeropuerto.reserva",
    "pk": 18,
    "fields": {
        "pasajero": 3,
        "vuelo": 12,
        "fecha_reserva": "2021-06-26T17:32:20.893",
        "estado": "For modern physical born.",
        "metodo_pago": "Challenge color woman woman."
    }
},
{
    "model": "apaeropuerto.reserva",
    "pk": 19,
    "fields": {
        "pasajero": 17,
        "vuelo": 1,
        "fecha_reserva": "2004-10-18T07:14:41.895",
        "estado": "Spend building big weight music technology.",
        "metodo_pago": "Treatment lay stay issue team out also central."
    }
},
{
    "model": "apaeropuerto.reserva",
    "pk": 20,
    "fields": {
        "pasajero": 13,
        "vuelo": 20,
        "fecha_reserva": "2010-11-01T01:27:37.439",
        "estado": "Event throw capital partner say seat various.",
        "metodo_pago": "Past poor large include investment."
    }
},
{
    "model": "apaeropuerto.reserva",
    "pk": 21,
    "fields": {
        "pasajero": 2,
        "vuelo": 26,
        "fecha_reserva": "1994-03-12T01:12:08.382",
        "estado": "Development stuff tell lay from.",
        "metodo_pago": "Grow road keep."
    }
},
{
    "model": "apaeropuerto.reserva",
    "pk": 22,
    "fields": {
        "pasajero": 26,
        "vuelo": 25,
        "fecha_reserva": "2002-08-26T10:23:51.044",
        "estado": "Same each drug network us project artist expert.",
        "metodo_pago": "Perform what this manage young."
    }
},
{
    "model": "apaeropuerto.reserva",
    "pk": 23,
    "fields": {
        "pasajero": 7,
        "vuelo": 3,
        "fecha_reserva": "1993-11-05T02:00:15.280",
        "estado": "Sound product once organization east.",
        "metodo_pago": "Leave society rule government eat affect pull."
    }
},
{
    "model": "apaeropuerto.reserva",
    "pk": 24,
    "fields": {
        "pasajero": 12,
        "vuelo": 30,
        "fecha_reserva": "1983-11-07T15:31:48.245",
        "estado": "Room measure build those enter seem indeed price.",
        "metodo_pago": "If three experience throughout no military."
    }
},
{
    "model": "apaeropuerto.reserva",
    "pk": 25,
    "fields": {
        "pasajero": 3,
        "vuelo": 5,
        "fecha_reserva": "2021-08-11T00:30:24.660",
        "estado": "Inside minute eight quality music rich.",
        "metodo_pago": "Million tend then."
    }
},
{
    "model": "apaeropuerto.reserva",
    "pk": 26,
    "fields": {
        "pasajero": 24,
        "vuelo": 13,
        "fecha_reserva": "1987-08-31T17:11:12.149",
        "estado": "Less role knowledge present heart.",
        "metodo_pago": "Physical quite note leave."
    }
},
{
    "model": "apaeropuerto.reserva",
    "pk": 27,
    "fields": {
        "pasajero": 6,
        "vuelo": 20,
        "fecha_reserva": "2015-11-30T04:14:47.030",
        "estado": "By fall professor project first.",
        "metodo_pago": "My wear say expert."
    }
},
{
    "model": "apaeropuerto.reserva",
    "pk": 28,
    "fields": {
        "pasajero": 25,
        "vuelo": 5,
        "fecha_reserva": "2010-10-30T18:08:50.590",
        "estado": "Worry by somebody after industry glass star.",
        "metodo_pago": "Baby this blue result process letter true."
    }
},
{
    "model": "apaeropuerto.reserva",
    "pk": 29,
    "fields": {
        "pasajero": 24,
        "vuelo": 19,
        "fecha_reserva": "2010-11-09T17:18:27.381",
        "estado": "Work animal allow send to remember American.",
        "metodo_pago": "Imagine lose health."
    }
},
{
    "model": "apaeropuerto.reserva",
    "pk": 30,
    "fields": {
        "pasajero": 15,
        "vuelo": 8,
        "fecha_reserva": "1992-02-13T08:01:55.650",
        "estado": "Home best force drive resource.",
        "metodo_pago": "Agency current action improve."
    }
},
{
    "model": "apaeropuerto.empleado",
    "pk": 1,
    "fields": {
        "nombre": "Identify lose artist social ability light. Into song oil.",
        "apellido": "Nature onto difference above always social fund. Tax past together soldier successful center above.",
        "cargo": "Military action character stuff three skill picture. Serious thought fine again.",
        "aeropuerto": 4,
        "fecha_contratacion": "1989-04-10"
    }
},
{
    "model": "apaeropuerto.empleado",
    "pk": 2,
    "fields": {
        "nombre": "Billion itself subject into range partner choose.",
        "apellido": "Sound alone deep property event. Staff each believe writer year.",
        "cargo": "Information meet sister. Heart visit really brother visit.",
        "aeropuerto": 17,
        "fecha_contratacion": "1983-06-22"
    }
},
{
    "model": "apaeropuerto.empleado",
    "pk": 3,
    "fields": {
        "nombre": "Save lot everyone. Others skill over open very. Practice fine paper democratic next.",
        "apellido": "Read ability room maybe reduce visit rest. Shake series us important.",
        "cargo": "Camera no into serve entire out especially. Religious world step action. Middle lawyer career act.",
        "aeropuerto": 13,
        "fecha_contratacion": "1983-11-14"
    }
},
{
    "model": "apaeropuerto.empleado",
    "pk": 4,
    "fields": {
        "nombre": "Maintain wait before meeting when pass test. Generation hold voice medical.",
        "apellido": "Contain hundred our pay.\nIdea various ten. Think second occur want tend.",
        "cargo": "Television consumer everybody. Whom money process head before. Music pass that no media chance.",
        "aeropuerto": 28,
        "fecha_contratacion": "1979-09-26"
    }
},
{
    "model": "apaeropuerto.empleado",
    "pk": 5,
    "fields": {
        "nombre": "House strategy country sure. End probably poor us.",
        "apellido": "Example recent effort reflect north stay. Front relate stock manager like.",
        "cargo": "Type step many government and. Model drive early Mr. Record power tend.",
        "aeropuerto": 2,
        "fecha_contratacion": "2000-01-02"
    }
},
{
    "model": "apaeropuerto.empleado",
    "pk": 6,
    "fields": {
        "nombre": "Development table condition foot property offer clearly. Rich first life.",
        "apellido": "Daughter dark trip never energy. Natural company billion fly.",
        "cargo": "Study near leg suffer recently. Require PM from candidate light growth wide.",
        "aeropuerto": 9,
        "fecha_contratacion": "1995-12-11"
    }
},
{
    "model": "apaeropuerto.empleado",
    "pk": 7,
    "fields": {
        "nombre": "Easy fear we for manage.",
        "apellido": "West see size possible. Positive lawyer arrive upon baby power.",
        "cargo": "Stand base machine officer. Section which care middle. Sound find gun describe.",
        "aeropuerto": 12,
        "fecha_contratacion": "1982-10-23"
    }
},
{
    "model": "apaeropuerto.empleado",
    "pk": 8,
    "fields": {
        "nombre": "Simply civil dog environmental. Allow full suggest west part cell value.",
        "apellido": "Recently institution before region.",
        "cargo": "Big Republican least help lawyer.",
        "aeropuerto": 14,
        "fecha_contratacion": "2014-12-31"
    }
},
{
    "model": "apaeropuerto.empleado",
    "pk": 9,
    "fields": {
        "nombre": "School strong mind him model. Born reality level quality easy policy stand.",
        "apellido": "Whose yourself thousand. Suffer actually particular more body strong admit.",
        "cargo": "Debate clear difficult wall performance establish through.",
        "aeropuerto": 25,
        "fecha_contratacion": "2023-12-25"
    }
},
{
    "model": "apaeropuerto.empleado",
    "pk": 10,
    "fields": {
        "nombre": "Doctor increase dog game kitchen. President Democrat station wall question.",
        "apellido": "Dream step series notice return. Class want about firm check must.",
        "cargo": "Country pay both there attack.\nMarriage book how school.",
        "aeropuerto": 18,
        "fecha_contratacion": "2001-04-23"
    }
},
{
    "model": "apaeropuerto.empleado",
    "pk": 11,
    "fields": {
        "nombre": "Small truth sign room. Onto learn time such court time class nature.",
        "apellido": "Parent nearly chair where past activity beyond.",
        "cargo": "Appear job part popular why. Me myself response other base star. Bag tonight wear girl pattern.",
        "aeropuerto": 22,
        "fecha_contratacion": "2014-12-09"
    }
},
{
    "model": "apaeropuerto.empleado",
    "pk": 12,
    "fields": {
        "nombre": "Director friend only Mr husband history. Site phone on note yeah. Know sense second.",
        "apellido": "A during at place event firm I. Recent office hundred phone would side trouble.",
        "cargo": "Set data sport. Difference dark modern practice movement would. Keep last although case.",
        "aeropuerto": 19,
        "fecha_contratacion": "2023-06-13"
    }
},
{
    "model": "apaeropuerto.empleado",
    "pk": 13,
    "fields": {
        "nombre": "Purpose fear step speech western raise almost kitchen.",
        "apellido": "Our city maybe great offer language remain student.",
        "cargo": "Many job official local office alone action. Major wait then west agree surface high.",
        "aeropuerto": 16,
        "fecha_contratacion": "2004-09-07"
    }
},
{
    "model": "apaeropuerto.empleado",
    "pk": 14,
    "fields": {
        "nombre": "Action back anything staff you father. Lose reason pressure view traditional just south.",
        "apellido": "Road who good group purpose quality health. Design make surface fish.",
        "cargo": "Eight build seem bar computer heart agree. Speak lay term then.",
        "aeropuerto": 27,
        "fecha_contratacion": "1972-02-06"
    }
},
{
    "model": "apaeropuerto.empleado",
    "pk": 15,
    "fields": {
        "nombre": "Sense energy nearly black personal easy. Art population economic seven.",
        "apellido": "Before election test apply face purpose. Land idea woman change occur.",
        "cargo": "Like would job natural by. Away face direction growth senior.",
        "aeropuerto": 10,
        "fecha_contratacion": "1972-12-02"
    }
},
{
    "model": "apaeropuerto.empleado",
    "pk": 16,
    "fields": {
        "nombre": "Trip indicate small always hard cup still.",
        "apellido": "Bit wife just may call collection support. Notice difference side yet style.",
        "cargo": "Senior order hotel water reach true. Consider long enjoy be. Entire change wind manage any food.",
        "aeropuerto": 30,
        "fecha_contratacion": "1984-08-30"
    }
},
{
    "model": "apaeropuerto.empleado",
    "pk": 17,
    "fields": {
        "nombre": "Model read white ball everyone ever. Voice box you job.",
        "apellido": "Answer none safe list. Outside its many always now. Establish million degree yet assume.",
        "cargo": "Street it new maybe. Ready some product draw senior less particular.",
        "aeropuerto": 29,
        "fecha_contratacion": "1974-01-27"
    }
},
{
    "model": "apaeropuerto.empleado",
    "pk": 18,
    "fields": {
        "nombre": "Together behind stock necessary cover. Than drug bring determine.",
        "apellido": "Begin could job bag. Hold deal conference hit author.\nIncluding pass one why condition.",
        "cargo": "May side tonight must not. Nor that skill see standard.",
        "aeropuerto": 8,
        "fecha_contratacion": "2017-08-07"
    }
},
{
    "model": "apaeropuerto.empleado",
    "pk": 19,
    "fields": {
        "nombre": "Onto reflect some nation page seat nearly. Successful their cover.\nRadio never player.",
        "apellido": "Model six difference.",
        "cargo": "Radio radio green dog. See analysis effort water.",
        "aeropuerto": 15,
        "fecha_contratacion": "1996-10-20"
    }
},
{
    "model": "apaeropuerto.empleado",
    "pk": 20,
    "fields": {
        "nombre": "Impact week executive under style receive prevent. Design science big.",
        "apellido": "Learn lead purpose reason only what. New lay find seven discuss.",
        "cargo": "Main only cell.",
        "aeropuerto": 6,
        "fecha_contratacion": "2017-03-19"
    }
},
{
    "model": "apaeropuerto.empleado",
    "pk": 21,
    "fields": {
        "nombre": "When professional story edge arrive.",
        "apellido": "Next threat here plant director. Decision act program continue final.",
        "cargo": "Method whom race alone. Until I road he southern.",
        "aeropuerto": 26,
        "fecha_contratacion": "2013-07-06"
    }
},
{
    "model": "apaeropuerto.empleado",
    "pk": 22,
    "fields": {
        "nombre": "Appear public book coach. Sing together cover suffer carry.",
        "apellido": "Investment environment protect join.",
        "cargo": "Central have court tax. Field record campaign themselves. Five visit term pattern part hard.",
        "aeropuerto": 11,
        "fecha_contratacion": "2008-09-25"
    }
},
{
    "model": "apaeropuerto.empleado",
    "pk": 23,
    "fields": {
        "nombre": "Tax very travel citizen. Sit treat long better pull. Standard vote ahead head.",
        "apellido": "Actually activity so onto forward. Arm figure likely century always.",
        "cargo": "Water western owner by expect. Policy mission always head. Identify many partner bit from defense.",
        "aeropuerto": 7,
        "fecha_contratacion": "2024-01-15"
    }
},
{
    "model": "apaeropuerto.empleado",
    "pk": 24,
    "fields": {
        "nombre": "Brother floor religious voice enter commercial. Myself base not. Test forget dark card.",
        "apellido": "Imagine true while. Strategy such on back stay challenge page three.",
        "cargo": "Four most hot scientist people body official. Democrat home why.",
        "aeropuerto": 1,
        "fecha_contratacion": "2017-05-16"
    }
},
{
    "model": "apaeropuerto.empleado",
    "pk": 25,
    "fields": {
        "nombre": "Contain who treatment right coach field. Enjoy manage design near.",
        "apellido": "Game attorney bit free simple. Stop control green address. Indeed again close never blood buy.",
        "cargo": "General century anyone fund pay short. Science spend language form charge government.",
        "aeropuerto": 21,
        "fecha_contratacion": "2001-11-10"
    }
},
{
    "model": "apaeropuerto.empleado",
    "pk": 26,
    "fields": {
        "nombre": "Some yourself rate travel whole. Follow financial story trip name marriage standard chance.",
        "apellido": "So former show ever together politics. Show seem red apply network. Property personal cover cost.",
        "cargo": "Add group thing condition court. Break notice federal control beautiful note.",
        "aeropuerto": 24,
        "fecha_contratacion": "2006-01-27"
    }
},
{
    "model": "apaeropuerto.empleado",
    "pk": 27,
    "fields": {
        "nombre": "Long media test sound explain establish doctor.",
        "apellido": "Buy serious week yes camera step. Claim later serve floor data expect.",
        "cargo": "Do try someone recognize.\nAgent into parent player really recently.",
        "aeropuerto": 5,
        "fecha_contratacion": "2010-11-19"
    }
},
{
    "model": "apaeropuerto.empleado",
    "pk": 28,
    "fields": {
        "nombre": "Population effect like population yeah while. Community her always expert.",
        "apellido": "Old enjoy detail else at. Similar clearly million sing. Remain five method yourself.",
        "cargo": "Eye region computer ready rule. There goal important third. Care involve have member door admit.",
        "aeropuerto": 3,
        "fecha_contratacion": "2019-11-15"
    }
},
{
    "model": "apaeropuerto.empleado",
    "pk": 29,
    "fields": {
        "nombre": "Listen news point member her. Kind campaign her specific.",
        "apellido": "Decision hard skill. Politics Congress under show.",
        "cargo": "Article material of key doctor ten push.",
        "aeropuerto": 23,
        "fecha_contratacion": "2015-03-20"
    }
},
{
    "model": "apaeropuerto.empleado",
    "pk": 30,
    "fields": {
        "nombre": "Reason song large continue shake bill.",
        "apellido": "Keep put mission southern role. This reach but focus science.",
        "cargo": "Crime wide likely. Material able across traditional.",
        "aeropuerto": 20,
        "fecha_contratacion": "1997-10-25"
    }
},
{
    "model": "apaeropuerto.silla",
    "pk": 1,
    "fields": {
        "numero": 11803,
        "clase": "Mrs conference free.",
        "vuelo": 16,
        "precio": 0.23121442748906906
    }
},
{
    "model": "apaeropuerto.silla",
    "pk": 2,
    "fields": {
        "numero": 1913,
        "clase": "Well commercial.",
        "vuelo": 16,
        "precio": 0.26260145774952814
    }
},
{
    "model": "apaeropuerto.silla",
    "pk": 3,
    "fields": {
        "numero": 28034,
        "clase": "Whose thousand call.",
        "vuelo": 9,
        "precio": 0.7798709215632881
    }
},
{
    "model": "apaeropuerto.silla",
    "pk": 4,
    "fields": {
        "numero": 13563,
        "clase": "Article appear go.",
        "vuelo": 8,
        "precio": 0.664429857479815
    }
},
{
    "model": "apaeropuerto.silla",
    "pk": 5,
    "fields": {
        "numero": -1860,
        "clase": "Million economic.",
        "vuelo": 28,
        "precio": 0.6038516948755567
    }
},
{
    "model": "apaeropuerto.silla",
    "pk": 6,
    "fields": {
        "numero": 7947,
        "clase": "Left see marriage.",
        "vuelo": 1,
        "precio": 0.3698014947670577
    }
},
{
    "model": "apaeropuerto.silla",
    "pk": 7,
    "fields": {
        "numero": 13731,
        "clase": "Particularly.",
        "vuelo": 12,
        "precio": 0.72477385345856
    }
},
{
    "model": "apaeropuerto.silla",
    "pk": 8,
    "fields": {
        "numero": -16869,
        "clase": "Require fear lot.",
        "vuelo": 15,
        "precio": 0.3898809485833412
    }
},
{
    "model": "apaeropuerto.silla",
    "pk": 9,
    "fields": {
        "numero": 6884,
        "clase": "Side adult every.",
        "vuelo": 6,
        "precio": 0.08365830638057581
    }
},
{
    "model": "apaeropuerto.silla",
    "pk": 10,
    "fields": {
        "numero": 11160,
        "clase": "Sell six expect.",
        "vuelo": 16,
        "precio": 0.6365017329249861
    }
},
{
    "model": "apaeropuerto.silla",
    "pk": 11,
    "fields": {
        "numero": -3425,
        "clase": "Marriage despite.",
        "vuelo": 19,
        "precio": 0.7862142879552176
    }
},
{
    "model": "apaeropuerto.silla",
    "pk": 12,
    "fields": {
        "numero": -24879,
        "clase": "Ability he off.",
        "vuelo": 26,
        "precio": 0.7443982879317583
    }
},
{
    "model": "apaeropuerto.silla",
    "pk": 13,
    "fields": {
        "numero": 12100,
        "clase": "Character away.",
        "vuelo": 9,
        "precio": 0.6112150168652073
    }
},
{
    "model": "apaeropuerto.silla",
    "pk": 14,
    "fields": {
        "numero": -6496,
        "clase": "Story office.",
        "vuelo": 24,
        "precio": 0.10866890554789821
    }
},
{
    "model": "apaeropuerto.silla",
    "pk": 15,
    "fields": {
        "numero": 32165,
        "clase": "Indicate song tough.",
        "vuelo": 15,
        "precio": 0.8613454321060197
    }
},
{
    "model": "apaeropuerto.silla",
    "pk": 16,
    "fields": {
        "numero": 12536,
        "clase": "Manage behind.",
        "vuelo": 18,
        "precio": 0.8934585080621946
    }
},
{
    "model": "apaeropuerto.silla",
    "pk": 17,
    "fields": {
        "numero": -7053,
        "clase": "Should allow give.",
        "vuelo": 26,
        "precio": 0.37260353172167815
    }
},
{
    "model": "apaeropuerto.silla",
    "pk": 18,
    "fields": {
        "numero": 14040,
        "clase": "Thank early room.",
        "vuelo": 16,
        "precio": 0.06154105358301398
    }
},
{
    "model": "apaeropuerto.silla",
    "pk": 19,
    "fields": {
        "numero": 11001,
        "clase": "Treatment real.",
        "vuelo": 15,
        "precio": 0.6003885018117887
    }
},
{
    "model": "apaeropuerto.silla",
    "pk": 20,
    "fields": {
        "numero": -1283,
        "clase": "Event quality.",
        "vuelo": 21,
        "precio": 0.8010695646883348
    }
},
{
    "model": "apaeropuerto.silla",
    "pk": 21,
    "fields": {
        "numero": 10911,
        "clase": "Lay small kid part.",
        "vuelo": 20,
        "precio": 0.09303204486825867
    }
},
{
    "model": "apaeropuerto.silla",
    "pk": 22,
    "fields": {
        "numero": 26086,
        "clase": "Into worry program.",
        "vuelo": 25,
        "precio": 0.8165844203207056
    }
},
{
    "model": "apaeropuerto.silla",
    "pk": 23,
    "fields": {
        "numero": -15266,
        "clase": "We senior.",
        "vuelo": 10,
        "precio": 0.39753202116478725
    }
},
{
    "model": "apaeropuerto.silla",
    "pk": 24,
    "fields": {
        "numero": -23233,
        "clase": "Indeed job increase.",
        "vuelo": 3,
        "precio": 0.9756043715473721
    }
},
{
    "model": "apaeropuerto.silla",
    "pk": 25,
    "fields": {
        "numero": 13381,
        "clase": "Morning series.",
        "vuelo": 5,
        "precio": 0.3102618948155976
    }
},
{
    "model": "apaeropuerto.silla",
    "pk": 26,
    "fields": {
        "numero": -7735,
        "clase": "Heavy conference.",
        "vuelo": 7,
        "precio": 0.5936194215113051
    }
},
{
    "model": "apaeropuerto.silla",
    "pk": 27,
    "fields": {
        "numero": -18512,
        "clase": "Eye condition after.",
        "vuelo": 9,
        "precio": 0.4095328171386541
    }
},
{
    "model": "apaeropuerto.silla",
    "pk": 28,
    "fields": {
        "numero": -29901,
        "clase": "Oil very painting.",
        "vuelo": 14,
        "precio": 0.8896383256736542
    }
},
{
    "model": "apaeropuerto.silla",
    "pk": 29,
    "fields": {
        "numero": -17341,
        "clase": "Benefit information.",
        "vuelo": 6,
        "precio": 0.8030021728255845
    }
},
{
    "model": "apaeropuerto.silla",
    "pk": 30,
    "fields": {
        "numero": 16819,
        "clase": "Ago some open.",
        "vuelo": 6,
        "precio": 0.2524391022315514
    }
},
{
    "model": "apaeropuerto.servicio",
    "pk": 1,
    "fields": {
        "tipo_servicio": "Defense collection movement risk. Since blue civil member perform future environmental.",
        "costo": 0.9965917771062781,
        "aeropuerto": 21,
        "duracion": -7855
    }
},
{
    "model": "apaeropuerto.servicio",
    "pk": 2,
    "fields": {
        "tipo_servicio": "Doctor age issue own attack run in. Person policy sea theory.",
        "costo": 0.23278608986268057,
        "aeropuerto": 29,
        "duracion": 25506
    }
},
{
    "model": "apaeropuerto.servicio",
    "pk": 3,
    "fields": {
        "tipo_servicio": "High speech foreign order scientist Mrs. Him newspaper know another.",
        "costo": 0.5518159875956185,
        "aeropuerto": 2,
        "duracion": -11764
    }
},
{
    "model": "apaeropuerto.servicio",
    "pk": 4,
    "fields": {
        "tipo_servicio": "Professional idea than sing current these guess. As policy write six almost country.",
        "costo": 0.9842497849826713,
        "aeropuerto": 6,
        "duracion": -22562
    }
},
{
    "model": "apaeropuerto.servicio",
    "pk": 5,
    "fields": {
        "tipo_servicio": "Avoid recently seat various million. Tree individual should lay wall mother civil hotel.",
        "costo": 0.8894317677778479,
        "aeropuerto": 30,
        "duracion": -12639
    }
},
{
    "model": "apaeropuerto.servicio",
    "pk": 6,
    "fields": {
        "tipo_servicio": "Young image value its. At sell prepare authority tree begin. War now page people.",
        "costo": 0.628263963693357,
        "aeropuerto": 29,
        "duracion": -5054
    }
},
{
    "model": "apaeropuerto.servicio",
    "pk": 7,
    "fields": {
        "tipo_servicio": "More me expert strategy. Put keep join explain word relationship.",
        "costo": 0.29438529909879896,
        "aeropuerto": 4,
        "duracion": -968
    }
},
{
    "model": "apaeropuerto.servicio",
    "pk": 8,
    "fields": {
        "tipo_servicio": "At method school art school pattern. Center trouble base.",
        "costo": 0.8552759599578056,
        "aeropuerto": 1,
        "duracion": -17001
    }
},
{
    "model": "apaeropuerto.servicio",
    "pk": 9,
    "fields": {
        "tipo_servicio": "Magazine late stuff director condition. Discussion at poor. Fall reflect positive style join arm.",
        "costo": 0.07348300985690681,
        "aeropuerto": 28,
        "duracion": 22966
    }
},
{
    "model": "apaeropuerto.servicio",
    "pk": 10,
    "fields": {
        "tipo_servicio": "Field shake source. Suffer attorney rather stage name.",
        "costo": 0.5094677630013955,
        "aeropuerto": 4,
        "duracion": -20156
    }
},
{
    "model": "apaeropuerto.servicio",
    "pk": 11,
    "fields": {
        "tipo_servicio": "Prove woman air knowledge. Yard that involve blue box onto likely.",
        "costo": 0.5397795654714326,
        "aeropuerto": 28,
        "duracion": 10704
    }
},
{
    "model": "apaeropuerto.servicio",
    "pk": 12,
    "fields": {
        "tipo_servicio": "Congress last control continue finally. Week maintain tough.",
        "costo": 0.028218635551237048,
        "aeropuerto": 2,
        "duracion": -15574
    }
},
{
    "model": "apaeropuerto.servicio",
    "pk": 13,
    "fields": {
        "tipo_servicio": "Compare behavior share rise house Mrs later current. Wait indeed deep then.",
        "costo": 0.5839394539392762,
        "aeropuerto": 20,
        "duracion": 17460
    }
},
{
    "model": "apaeropuerto.servicio",
    "pk": 14,
    "fields": {
        "tipo_servicio": "Source yet toward gun stuff now break. Road exist indeed get during some help make.",
        "costo": 0.31842441589611536,
        "aeropuerto": 23,
        "duracion": -15593
    }
},
{
    "model": "apaeropuerto.servicio",
    "pk": 15,
    "fields": {
        "tipo_servicio": "Single learn we.",
        "costo": 0.050699692881929104,
        "aeropuerto": 24,
        "duracion": 29260
    }
},
{
    "model": "apaeropuerto.servicio",
    "pk": 16,
    "fields": {
        "tipo_servicio": "School pass administration enter. Rule door movement score camera. Appear teacher side stand.",
        "costo": 0.30417296906830216,
        "aeropuerto": 10,
        "duracion": 22159
    }
},
{
    "model": "apaeropuerto.servicio",
    "pk": 17,
    "fields": {
        "tipo_servicio": "Reduce condition operation rise capital affect gun growth.",
        "costo": 0.6696712852982815,
        "aeropuerto": 2,
        "duracion": -24027
    }
},
{
    "model": "apaeropuerto.servicio",
    "pk": 18,
    "fields": {
        "tipo_servicio": "During wide model community affect set network.",
        "costo": 0.5960503386481887,
        "aeropuerto": 12,
        "duracion": 29452
    }
},
{
    "model": "apaeropuerto.servicio",
    "pk": 19,
    "fields": {
        "tipo_servicio": "Technology consumer know name no authority political experience. Her price light.",
        "costo": 0.12323307441779074,
        "aeropuerto": 4,
        "duracion": -17231
    }
},
{
    "model": "apaeropuerto.servicio",
    "pk": 20,
    "fields": {
        "tipo_servicio": "East the manager relate deep.\nEnvironmental so sea everything field one happy.",
        "costo": 0.9030569890318595,
        "aeropuerto": 12,
        "duracion": -26430
    }
},
{
    "model": "apaeropuerto.servicio",
    "pk": 21,
    "fields": {
        "tipo_servicio": "Why early point dinner travel. Move option small position very. Brother Congress you child.",
        "costo": 0.7226031397184813,
        "aeropuerto": 23,
        "duracion": -17694
    }
},
{
    "model": "apaeropuerto.servicio",
    "pk": 22,
    "fields": {
        "tipo_servicio": "Learn reach role wide standard moment sense. Tough myself upon time recently sign prove real.",
        "costo": 0.5115523559368771,
        "aeropuerto": 11,
        "duracion": -29257
    }
},
{
    "model": "apaeropuerto.servicio",
    "pk": 23,
    "fields": {
        "tipo_servicio": "Network force thought affect political alone especially. Able piece well.",
        "costo": 0.3967621612802703,
        "aeropuerto": 8,
        "duracion": 4947
    }
},
{
    "model": "apaeropuerto.servicio",
    "pk": 24,
    "fields": {
        "tipo_servicio": "Current chance not reason long number possible. Guy significant college mission officer.",
        "costo": 0.4049387284077848,
        "aeropuerto": 16,
        "duracion": -5448
    }
},
{
    "model": "apaeropuerto.servicio",
    "pk": 25,
    "fields": {
        "tipo_servicio": "Task rock matter break join population under.",
        "costo": 0.31514621814255894,
        "aeropuerto": 30,
        "duracion": 13165
    }
},
{
    "model": "apaeropuerto.servicio",
    "pk": 26,
    "fields": {
        "tipo_servicio": "Class notice require subject. Class than here yeah table health. Machine choose stand which price.",
        "costo": 0.3945302618034817,
        "aeropuerto": 16,
        "duracion": 23558
    }
},
{
    "model": "apaeropuerto.servicio",
    "pk": 27,
    "fields": {
        "tipo_servicio": "Indeed building reduce board receive question.",
        "costo": 0.5102260397201175,
        "aeropuerto": 27,
        "duracion": 22397
    }
},
{
    "model": "apaeropuerto.servicio",
    "pk": 28,
    "fields": {
        "tipo_servicio": "Note father end prevent dinner. Training choose performance paper sound factor.",
        "costo": 0.8179877118724177,
        "aeropuerto": 23,
        "duracion": -10025
    }
},
{
    "model": "apaeropuerto.servicio",
    "pk": 29,
    "fields": {
        "tipo_servicio": "Speech enjoy so later nation. I involve seem positive.",
        "costo": 0.23733079632159182,
        "aeropuerto": 19,
        "duracion": -24036
    }
},
{
    "model": "apaeropuerto.servicio",
    "pk": 30,
    "fields": {
        "tipo_servicio": "Painting heavy none cause. Street structure else despite behavior.",
        "costo": 0.22172471175449338,
        "aeropuerto": 5,
        "duracion": -22993
    }
},
{
    "model": "apaeropuerto.ruta",
    "pk": 1,
    "fields": {
        "origen": 22,
        "destino": 18,
        "duracion": 3840,
        "distancia": 0.2794534538824508
    }
},
{
    "model": "apaeropuerto.ruta",
    "pk": 2,
    "fields": {
        "origen": 24,
        "destino": 21,
        "duracion": -9262,
        "distancia": 0.25488333398639473
    }
},
{
    "model": "apaeropuerto.ruta",
    "pk": 3,
    "fields": {
        "origen": 4,
        "destino": 9,
        "duracion": 5781,
        "distancia": 0.6320899926148791
    }
},
{
    "model": "apaeropuerto.ruta",
    "pk": 4,
    "fields": {
        "origen": 21,
        "destino": 17,
        "duracion": 7548,
        "distancia": 0.348448185884478
    }
},
{
    "model": "apaeropuerto.ruta",
    "pk": 5,
    "fields": {
        "origen": 1,
        "destino": 17,
        "duracion": 11141,
        "distancia": 0.23722342257146345
    }
},
{
    "model": "apaeropuerto.ruta",
    "pk": 6,
    "fields": {
        "origen": 28,
        "destino": 18,
        "duracion": 15914,
        "distancia": 0.3897391495372968
    }
},
{
    "model": "apaeropuerto.ruta",
    "pk": 7,
    "fields": {
        "origen": 5,
        "destino": 23,
        "duracion": -28575,
        "distancia": 0.1415201565545936
    }
},
{
    "model": "apaeropuerto.ruta",
    "pk": 8,
    "fields": {
        "origen": 3,
        "destino": 11,
        "duracion": -22811,
        "distancia": 0.8037848260471792
    }
},
{
    "model": "apaeropuerto.ruta",
    "pk": 9,
    "fields": {
        "origen": 7,
        "destino": 27,
        "duracion": 5849,
        "distancia": 0.8266077724077844
    }
},
{
    "model": "apaeropuerto.ruta",
    "pk": 10,
    "fields": {
        "origen": 26,
        "destino": 24,
        "duracion": 23314,
        "distancia": 0.5111811023354329
    }
},
{
    "model": "apaeropuerto.ruta",
    "pk": 11,
    "fields": {
        "origen": 23,
        "destino": 29,
        "duracion": 8984,
        "distancia": 0.10973129124172576
    }
},
{
    "model": "apaeropuerto.ruta",
    "pk": 12,
    "fields": {
        "origen": 9,
        "destino": 14,
        "duracion": -8641,
        "distancia": 0.13645732472771088
    }
},
{
    "model": "apaeropuerto.ruta",
    "pk": 13,
    "fields": {
        "origen": 13,
        "destino": 12,
        "duracion": 22901,
        "distancia": 0.6664018346207199
    }
},
{
    "model": "apaeropuerto.ruta",
    "pk": 14,
    "fields": {
        "origen": 10,
        "destino": 24,
        "duracion": -3405,
        "distancia": 0.29793719250938
    }
},
{
    "model": "apaeropuerto.ruta",
    "pk": 15,
    "fields": {
        "origen": 14,
        "destino": 18,
        "duracion": -6072,
        "distancia": 0.40337578424201426
    }
},
{
    "model": "apaeropuerto.ruta",
    "pk": 16,
    "fields": {
        "origen": 18,
        "destino": 6,
        "duracion": -25045,
        "distancia": 0.7119284930738726
    }
},
{
    "model": "apaeropuerto.ruta",
    "pk": 17,
    "fields": {
        "origen": 4,
        "destino": 18,
        "duracion": -6221,
        "distancia": 0.4322114078660324
    }
},
{
    "model": "apaeropuerto.ruta",
    "pk": 18,
    "fields": {
        "origen": 17,
        "destino": 27,
        "duracion": -22364,
        "distancia": 0.7035177442475385
    }
},
{
    "model": "apaeropuerto.ruta",
    "pk": 19,
    "fields": {
        "origen": 6,
        "destino": 14,
        "duracion": -7905,
        "distancia": 0.39369519346430637
    }
},
{
    "model": "apaeropuerto.ruta",
    "pk": 20,
    "fields": {
        "origen": 19,
        "destino": 5,
        "duracion": -26801,
        "distancia": 0.21509559809717316
    }
},
{
    "model": "apaeropuerto.ruta",
    "pk": 21,
    "fields": {
        "origen": 15,
        "destino": 16,
        "duracion": -22866,
        "distancia": 0.2742002650750962
    }
},
{
    "model": "apaeropuerto.ruta",
    "pk": 22,
    "fields": {
        "origen": 6,
        "destino": 10,
        "duracion": 9526,
        "distancia": 0.5056675004210335
    }
},
{
    "model": "apaeropuerto.ruta",
    "pk": 23,
    "fields": {
        "origen": 17,
        "destino": 13,
        "duracion": -24476,
        "distancia": 0.9215503977241916
    }
},
{
    "model": "apaeropuerto.ruta",
    "pk": 24,
    "fields": {
        "origen": 6,
        "destino": 3,
        "duracion": -19407,
        "distancia": 0.5450915787805535
    }
},
{
    "model": "apaeropuerto.ruta",
    "pk": 25,
    "fields": {
        "origen": 26,
        "destino": 11,
        "duracion": 18915,
        "distancia": 0.8034030707269189
    }
},
{
    "model": "apaeropuerto.ruta",
    "pk": 26,
    "fields": {
        "origen": 15,
        "destino": 21,
        "duracion": 8604,
        "distancia": 0.3011626427398052
    }
},
{
    "model": "apaeropuerto.ruta",
    "pk": 27,
    "fields": {
        "origen": 16,
        "destino": 29,
        "duracion": 29018,
        "distancia": 0.2372235971496639
    }
},
{
    "model": "apaeropuerto.ruta",
    "pk": 28,
    "fields": {
        "origen": 8,
        "destino": 27,
        "duracion": -160,
        "distancia": 0.8537334301008369
    }
},
{
    "model": "apaeropuerto.ruta",
    "pk": 29,
    "fields": {
        "origen": 27,
        "destino": 24,
        "duracion": -29063,
        "distancia": 0.5217550123890459
    }
},
{
    "model": "apaeropuerto.ruta",
    "pk": 30,
    "fields": {
        "origen": 14,
        "destino": 23,
        "duracion": 15768,
        "distancia": 0.5267511752626265
    }
}
]
