[
{
    "model": "auth.permission",
    "pk": 1,
    "fields": {
        "name": "Can add log entry",
        "content_type": 1,
        "codename": "add_logentry"
    }
},
{
    "model": "auth.permission",
    "pk": 2,
    "fields": {
        "name": "Can change log entry",
        "content_type": 1,
        "codename": "change_logentry"
    }
},
{
    "model": "auth.permission",
    "pk": 3,
    "fields": {
        "name": "Can delete log entry",
        "content_type": 1,
        "codename": "delete_logentry"
    }
},
{
    "model": "auth.permission",
    "pk": 4,
    "fields": {
        "name": "Can view log entry",
        "content_type": 1,
        "codename": "view_logentry"
    }
},
{
    "model": "auth.permission",
    "pk": 5,
    "fields": {
        "name": "Can add permission",
        "content_type": 2,
        "codename": "add_permission"
    }
},
{
    "model": "auth.permission",
    "pk": 6,
    "fields": {
        "name": "Can change permission",
        "content_type": 2,
        "codename": "change_permission"
    }
},
{
    "model": "auth.permission",
    "pk": 7,
    "fields": {
        "name": "Can delete permission",
        "content_type": 2,
        "codename": "delete_permission"
    }
},
{
    "model": "auth.permission",
    "pk": 8,
    "fields": {
        "name": "Can view permission",
        "content_type": 2,
        "codename": "view_permission"
    }
},
{
    "model": "auth.permission",
    "pk": 9,
    "fields": {
        "name": "Can add group",
        "content_type": 3,
        "codename": "add_group"
    }
},
{
    "model": "auth.permission",
    "pk": 10,
    "fields": {
        "name": "Can change group",
        "content_type": 3,
        "codename": "change_group"
    }
},
{
    "model": "auth.permission",
    "pk": 11,
    "fields": {
        "name": "Can delete group",
        "content_type": 3,
        "codename": "delete_group"
    }
},
{
    "model": "auth.permission",
    "pk": 12,
    "fields": {
        "name": "Can view group",
        "content_type": 3,
        "codename": "view_group"
    }
},
{
    "model": "auth.permission",
    "pk": 13,
    "fields": {
        "name": "Can add user",
        "content_type": 4,
        "codename": "add_user"
    }
},
{
    "model": "auth.permission",
    "pk": 14,
    "fields": {
        "name": "Can change user",
        "content_type": 4,
        "codename": "change_user"
    }
},
{
    "model": "auth.permission",
    "pk": 15,
    "fields": {
        "name": "Can delete user",
        "content_type": 4,
        "codename": "delete_user"
    }
},
{
    "model": "auth.permission",
    "pk": 16,
    "fields": {
        "name": "Can view user",
        "content_type": 4,
        "codename": "view_user"
    }
},
{
    "model": "auth.permission",
    "pk": 17,
    "fields": {
        "name": "Can add content type",
        "content_type": 5,
        "codename": "add_contenttype"
    }
},
{
    "model": "auth.permission",
    "pk": 18,
    "fields": {
        "name": "Can change content type",
        "content_type": 5,
        "codename": "change_contenttype"
    }
},
{
    "model": "auth.permission",
    "pk": 19,
    "fields": {
        "name": "Can delete content type",
        "content_type": 5,
        "codename": "delete_contenttype"
    }
},
{
    "model": "auth.permission",
    "pk": 20,
    "fields": {
        "name": "Can view content type",
        "content_type": 5,
        "codename": "view_contenttype"
    }
},
{
    "model": "auth.permission",
    "pk": 21,
    "fields": {
        "name": "Can add session",
        "content_type": 6,
        "codename": "add_session"
    }
},
{
    "model": "auth.permission",
    "pk": 22,
    "fields": {
        "name": "Can change session",
        "content_type": 6,
        "codename": "change_session"
    }
},
{
    "model": "auth.permission",
    "pk": 23,
    "fields": {
        "name": "Can delete session",
        "content_type": 6,
        "codename": "delete_session"
    }
},
{
    "model": "auth.permission",
    "pk": 24,
    "fields": {
        "name": "Can view session",
        "content_type": 6,
        "codename": "view_session"
    }
},
{
    "model": "auth.permission",
    "pk": 25,
    "fields": {
        "name": "Can add equipaje",
        "content_type": 7,
        "codename": "add_equipaje"
    }
},
{
    "model": "auth.permission",
    "pk": 26,
    "fields": {
        "name": "Can change equipaje",
        "content_type": 7,
        "codename": "change_equipaje"
    }
},
{
    "model": "auth.permission",
    "pk": 27,
    "fields": {
        "name": "Can delete equipaje",
        "content_type": 7,
        "codename": "delete_equipaje"
    }
},
{
    "model": "auth.permission",
    "pk": 28,
    "fields": {
        "name": "Can view equipaje",
        "content_type": 7,
        "codename": "view_equipaje"
    }
},
{
    "model": "auth.permission",
    "pk": 29,
    "fields": {
        "name": "Can add perfil pasajero",
        "content_type": 8,
        "codename": "add_perfilpasajero"
    }
},
{
    "model": "auth.permission",
    "pk": 30,
    "fields": {
        "name": "Can change perfil pasajero",
        "content_type": 8,
        "codename": "change_perfilpasajero"
    }
},
{
    "model": "auth.permission",
    "pk": 31,
    "fields": {
        "name": "Can delete perfil pasajero",
        "content_type": 8,
        "codename": "delete_perfilpasajero"
    }
},
{
    "model": "auth.permission",
    "pk": 32,
    "fields": {
        "name": "Can view perfil pasajero",
        "content_type": 8,
        "codename": "view_perfilpasajero"
    }
},
{
    "model": "auth.permission",
    "pk": 33,
    "fields": {
        "name": "Can add servicio",
        "content_type": 9,
        "codename": "add_servicio"
    }
},
{
    "model": "auth.permission",
    "pk": 34,
    "fields": {
        "name": "Can change servicio",
        "content_type": 9,
        "codename": "change_servicio"
    }
},
{
    "model": "auth.permission",
    "pk": 35,
    "fields": {
        "name": "Can delete servicio",
        "content_type": 9,
        "codename": "delete_servicio"
    }
},
{
    "model": "auth.permission",
    "pk": 36,
    "fields": {
        "name": "Can view servicio",
        "content_type": 9,
        "codename": "view_servicio"
    }
},
{
    "model": "auth.permission",
    "pk": 37,
    "fields": {
        "name": "Can add vuelo",
        "content_type": 10,
        "codename": "add_vuelo"
    }
},
{
    "model": "auth.permission",
    "pk": 38,
    "fields": {
        "name": "Can change vuelo",
        "content_type": 10,
        "codename": "change_vuelo"
    }
},
{
    "model": "auth.permission",
    "pk": 39,
    "fields": {
        "name": "Can delete vuelo",
        "content_type": 10,
        "codename": "delete_vuelo"
    }
},
{
    "model": "auth.permission",
    "pk": 40,
    "fields": {
        "name": "Can view vuelo",
        "content_type": 10,
        "codename": "view_vuelo"
    }
},
{
    "model": "auth.permission",
    "pk": 41,
    "fields": {
        "name": "Can add aerolinea",
        "content_type": 11,
        "codename": "add_aerolinea"
    }
},
{
    "model": "auth.permission",
    "pk": 42,
    "fields": {
        "name": "Can change aerolinea",
        "content_type": 11,
        "codename": "change_aerolinea"
    }
},
{
    "model": "auth.permission",
    "pk": 43,
    "fields": {
        "name": "Can delete aerolinea",
        "content_type": 11,
        "codename": "delete_aerolinea"
    }
},
{
    "model": "auth.permission",
    "pk": 44,
    "fields": {
        "name": "Can view aerolinea",
        "content_type": 11,
        "codename": "view_aerolinea"
    }
},
{
    "model": "auth.permission",
    "pk": 45,
    "fields": {
        "name": "Can add empleado",
        "content_type": 12,
        "codename": "add_empleado"
    }
},
{
    "model": "auth.permission",
    "pk": 46,
    "fields": {
        "name": "Can change empleado",
        "content_type": 12,
        "codename": "change_empleado"
    }
},
{
    "model": "auth.permission",
    "pk": 47,
    "fields": {
        "name": "Can delete empleado",
        "content_type": 12,
        "codename": "delete_empleado"
    }
},
{
    "model": "auth.permission",
    "pk": 48,
    "fields": {
        "name": "Can view empleado",
        "content_type": 12,
        "codename": "view_empleado"
    }
},
{
    "model": "auth.permission",
    "pk": 49,
    "fields": {
        "name": "Can add estadisticas vuelo",
        "content_type": 13,
        "codename": "add_estadisticasvuelo"
    }
},
{
    "model": "auth.permission",
    "pk": 50,
    "fields": {
        "name": "Can change estadisticas vuelo",
        "content_type": 13,
        "codename": "change_estadisticasvuelo"
    }
},
{
    "model": "auth.permission",
    "pk": 51,
    "fields": {
        "name": "Can delete estadisticas vuelo",
        "content_type": 13,
        "codename": "delete_estadisticasvuelo"
    }
},
{
    "model": "auth.permission",
    "pk": 52,
    "fields": {
        "name": "Can view estadisticas vuelo",
        "content_type": 13,
        "codename": "view_estadisticasvuelo"
    }
},
{
    "model": "auth.permission",
    "pk": 53,
    "fields": {
        "name": "Can add asiento",
        "content_type": 14,
        "codename": "add_asiento"
    }
},
{
    "model": "auth.permission",
    "pk": 54,
    "fields": {
        "name": "Can change asiento",
        "content_type": 14,
        "codename": "change_asiento"
    }
},
{
    "model": "auth.permission",
    "pk": 55,
    "fields": {
        "name": "Can delete asiento",
        "content_type": 14,
        "codename": "delete_asiento"
    }
},
{
    "model": "auth.permission",
    "pk": 56,
    "fields": {
        "name": "Can view asiento",
        "content_type": 14,
        "codename": "view_asiento"
    }
},
{
    "model": "auth.permission",
    "pk": 57,
    "fields": {
        "name": "Can add pasajero",
        "content_type": 15,
        "codename": "add_pasajero"
    }
},
{
    "model": "auth.permission",
    "pk": 58,
    "fields": {
        "name": "Can change pasajero",
        "content_type": 15,
        "codename": "change_pasajero"
    }
},
{
    "model": "auth.permission",
    "pk": 59,
    "fields": {
        "name": "Can delete pasajero",
        "content_type": 15,
        "codename": "delete_pasajero"
    }
},
{
    "model": "auth.permission",
    "pk": 60,
    "fields": {
        "name": "Can view pasajero",
        "content_type": 15,
        "codename": "view_pasajero"
    }
},
{
    "model": "auth.permission",
    "pk": 61,
    "fields": {
        "name": "Can add vuelo aerolinea",
        "content_type": 16,
        "codename": "add_vueloaerolinea"
    }
},
{
    "model": "auth.permission",
    "pk": 62,
    "fields": {
        "name": "Can change vuelo aerolinea",
        "content_type": 16,
        "codename": "change_vueloaerolinea"
    }
},
{
    "model": "auth.permission",
    "pk": 63,
    "fields": {
        "name": "Can delete vuelo aerolinea",
        "content_type": 16,
        "codename": "delete_vueloaerolinea"
    }
},
{
    "model": "auth.permission",
    "pk": 64,
    "fields": {
        "name": "Can view vuelo aerolinea",
        "content_type": 16,
        "codename": "view_vueloaerolinea"
    }
},
{
    "model": "auth.permission",
    "pk": 65,
    "fields": {
        "name": "Can add reserva",
        "content_type": 17,
        "codename": "add_reserva"
    }
},
{
    "model": "auth.permission",
    "pk": 66,
    "fields": {
        "name": "Can change reserva",
        "content_type": 17,
        "codename": "change_reserva"
    }
},
{
    "model": "auth.permission",
    "pk": 67,
    "fields": {
        "name": "Can delete reserva",
        "content_type": 17,
        "codename": "delete_reserva"
    }
},
{
    "model": "auth.permission",
    "pk": 68,
    "fields": {
        "name": "Can view reserva",
        "content_type": 17,
        "codename": "view_reserva"
    }
},
{
    "model": "auth.permission",
    "pk": 69,
    "fields": {
        "name": "Can add aeropuerto",
        "content_type": 18,
        "codename": "add_aeropuerto"
    }
},
{
    "model": "auth.permission",
    "pk": 70,
    "fields": {
        "name": "Can change aeropuerto",
        "content_type": 18,
        "codename": "change_aeropuerto"
    }
},
{
    "model": "auth.permission",
    "pk": 71,
    "fields": {
        "name": "Can delete aeropuerto",
        "content_type": 18,
        "codename": "delete_aeropuerto"
    }
},
{
    "model": "auth.permission",
    "pk": 72,
    "fields": {
        "name": "Can view aeropuerto",
        "content_type": 18,
        "codename": "view_aeropuerto"
    }
},
{
    "model": "auth.permission",
    "pk": 73,
    "fields": {
        "name": "Can add contacto aeropuerto",
        "content_type": 19,
        "codename": "add_contactoaeropuerto"
    }
},
{
    "model": "auth.permission",
    "pk": 74,
    "fields": {
        "name": "Can change contacto aeropuerto",
        "content_type": 19,
        "codename": "change_contactoaeropuerto"
    }
},
{
    "model": "auth.permission",
    "pk": 75,
    "fields": {
        "name": "Can delete contacto aeropuerto",
        "content_type": 19,
        "codename": "delete_contactoaeropuerto"
    }
},
{
    "model": "auth.permission",
    "pk": 76,
    "fields": {
        "name": "Can view contacto aeropuerto",
        "content_type": 19,
        "codename": "view_contactoaeropuerto"
    }
},
{
    "model": "apaeropuerto.aeropuerto",
    "pk": 1,
    "fields": {
        "nombre": "Mrs human small.\nMeet today for individual. Congress analysis say customer. Draw show plan near.",
        "ciudades": "ES",
        "pais": "ES",
        "capacidad_maxima": 150
    }
},
{
    "model": "apaeropuerto.aeropuerto",
    "pk": 2,
    "fields": {
        "nombre": "Land on low level sport. Eye just all modern turn question ever.",
        "ciudades": "ES",
        "pais": "ES",
        "capacidad_maxima": 150
    }
},
{
    "model": "apaeropuerto.aeropuerto",
    "pk": 3,
    "fields": {
        "nombre": "Expect magazine sense trade.\nTreatment list check least page pass daughter. Let save tend term any.",
        "ciudades": "ES",
        "pais": "ES",
        "capacidad_maxima": 150
    }
},
{
    "model": "apaeropuerto.aeropuerto",
    "pk": 4,
    "fields": {
        "nombre": "Behavior space my event to serious. Tv beyond gas drive dinner hit.",
        "ciudades": "ES",
        "pais": "ES",
        "capacidad_maxima": 150
    }
},
{
    "model": "apaeropuerto.aeropuerto",
    "pk": 5,
    "fields": {
        "nombre": "Hour have nor must. Health raise every himself sea doctor.",
        "ciudades": "ES",
        "pais": "ES",
        "capacidad_maxima": 150
    }
},
{
    "model": "apaeropuerto.contactoaeropuerto",
    "pk": 1,
    "fields": {
        "nombre_contacto": "South four but leave factor tax. Different its wait. Traditional should skill skin us.",
        "telefono_contacto": "Memory concern.",
        "email_contacto": "samantha04@example.com",
        "años_trabajados": 13410,
        "aeropuerto": 3
    }
},
{
    "model": "apaeropuerto.contactoaeropuerto",
    "pk": 2,
    "fields": {
        "nombre_contacto": "Age pass grow chair start gas phone. Teacher drive lead that through enjoy decision.",
        "telefono_contacto": "Strong also.",
        "email_contacto": "kellyshelia@example.org",
        "años_trabajados": 24930,
        "aeropuerto": 4
    }
},
{
    "model": "apaeropuerto.contactoaeropuerto",
    "pk": 3,
    "fields": {
        "nombre_contacto": "Question plant recently ready marriage. General write least answer per cultural production.",
        "telefono_contacto": "Foot these.",
        "email_contacto": "fitzgeraldjonathan@example.com",
        "años_trabajados": -12629,
        "aeropuerto": 1
    }
},
{
    "model": "apaeropuerto.contactoaeropuerto",
    "pk": 4,
    "fields": {
        "nombre_contacto": "Speak follow must million write. Have herself per ago still.",
        "telefono_contacto": "Simple right.",
        "email_contacto": "julia80@example.net",
        "años_trabajados": -11474,
        "aeropuerto": 5
    }
},
{
    "model": "apaeropuerto.contactoaeropuerto",
    "pk": 5,
    "fields": {
        "nombre_contacto": "Task with year however. Realize pass seat whole within old any. Home trade base player bar.",
        "telefono_contacto": "Dinner story.",
        "email_contacto": "wrightnatalie@example.org",
        "años_trabajados": 11109,
        "aeropuerto": 2
    }
},
{
    "model": "apaeropuerto.aerolinea",
    "pk": 1,
    "fields": {
        "nombre": "Analysis second floor direction police million top. Win trade everybody. Wall candidate and.",
        "codigo": "Together.",
        "fecha_fundacion": "2012-03-19",
        "pais": "ES",
        "aeropuerto": [
            2
        ]
    }
},
{
    "model": "apaeropuerto.aerolinea",
    "pk": 2,
    "fields": {
        "nombre": "Front every hotel build remember. Want likely need.",
        "codigo": "Want.",
        "fecha_fundacion": "2022-12-16",
        "pais": "ES",
        "aeropuerto": [
            5
        ]
    }
},
{
    "model": "apaeropuerto.aerolinea",
    "pk": 3,
    "fields": {
        "nombre": "Century energy yeah stuff subject long.",
        "codigo": "Model so.",
        "fecha_fundacion": "1978-06-28",
        "pais": "ES",
        "aeropuerto": [
            3
        ]
    }
},
{
    "model": "apaeropuerto.aerolinea",
    "pk": 4,
    "fields": {
        "nombre": "Between cell more church. For civil area side change side. Next send through college space fish.",
        "codigo": "Light.",
        "fecha_fundacion": "1991-11-22",
        "pais": "ES",
        "aeropuerto": [
            5
        ]
    }
},
{
    "model": "apaeropuerto.aerolinea",
    "pk": 5,
    "fields": {
        "nombre": "Treat however skill wonder necessary town. Maybe professor quite people network visit.",
        "codigo": "College.",
        "fecha_fundacion": "2016-05-09",
        "pais": "ES",
        "aeropuerto": [
            3,
            5
        ]
    }
},
{
    "model": "apaeropuerto.vuelo",
    "pk": 1,
    "fields": {
        "hora_salida": "2007-11-26T21:36:30.285",
        "hora_llegada": "1985-11-26T13:26:04.242",
        "estado": false,
        "duracion": "-8036 15:49:33.957046",
        "origen": 4,
        "destino": 3
    }
},
{
    "model": "apaeropuerto.vuelo",
    "pk": 2,
    "fields": {
        "hora_salida": "2012-12-15T23:30:07.203",
        "hora_llegada": "1985-02-28T22:13:20.989",
        "estado": true,
        "duracion": "-10153 22:43:13.786031",
        "origen": 3,
        "destino": 1
    }
},
{
    "model": "apaeropuerto.vuelo",
    "pk": 3,
    "fields": {
        "hora_salida": "2003-11-14T16:57:43.565",
        "hora_llegada": "2023-05-19T09:11:32.643",
        "estado": true,
        "duracion": "7125 16:13:49.077526",
        "origen": 4,
        "destino": 2
    }
},
{
    "model": "apaeropuerto.vuelo",
    "pk": 4,
    "fields": {
        "hora_salida": "1989-04-11T18:23:47.859",
        "hora_llegada": "1990-04-30T06:37:54.813",
        "estado": false,
        "duracion": "383 12:14:06.953607",
        "origen": 5,
        "destino": 4
    }
},
{
    "model": "apaeropuerto.vuelo",
    "pk": 5,
    "fields": {
        "hora_salida": "2022-03-30T10:07:18.532",
        "hora_llegada": "2018-02-25T23:38:25.323",
        "estado": false,
        "duracion": "-1494 13:31:06.790626",
        "origen": 5,
        "destino": 3
    }
},
{
    "model": "apaeropuerto.estadisticasvuelo",
    "pk": 1,
    "fields": {
        "fecha_estadisticas": "2023-09-27",
        "numero_asientos_vendidos": 904,
        "numero_cancelaciones": -23018,
        "feedback_pasajeros": "Yeah its certain cold. Off theory others recently.\nThroughout our government. Property push whole and. Security radio everyone state.",
        "vuelo": 5
    }
},
{
    "model": "apaeropuerto.estadisticasvuelo",
    "pk": 2,
    "fields": {
        "fecha_estadisticas": "1989-08-27",
        "numero_asientos_vendidos": -21075,
        "numero_cancelaciones": -29580,
        "feedback_pasajeros": "Just read company. Popular join nothing finish into million focus.\nName respond perhaps foreign total. Visit decide building young begin class. Argue tax nothing these.",
        "vuelo": 1
    }
},
{
    "model": "apaeropuerto.estadisticasvuelo",
    "pk": 3,
    "fields": {
        "fecha_estadisticas": "1975-02-06",
        "numero_asientos_vendidos": 3847,
        "numero_cancelaciones": 19849,
        "feedback_pasajeros": "Choose war bag democratic responsibility fact feel. Research responsibility away would. Pass section organization image.",
        "vuelo": 3
    }
},
{
    "model": "apaeropuerto.estadisticasvuelo",
    "pk": 4,
    "fields": {
        "fecha_estadisticas": "2009-10-01",
        "numero_asientos_vendidos": -19618,
        "numero_cancelaciones": -22245,
        "feedback_pasajeros": "Body hand information knowledge control. Sign want difficult or.",
        "vuelo": 2
    }
},
{
    "model": "apaeropuerto.estadisticasvuelo",
    "pk": 5,
    "fields": {
        "fecha_estadisticas": "2012-04-13",
        "numero_asientos_vendidos": -71,
        "numero_cancelaciones": 20205,
        "feedback_pasajeros": "Model born when pull necessary his up. Service organization hear indeed soldier. Evidence cause contain simple south third.\nCurrent tough seat. Walk offer know wide scene PM. More do thing.",
        "vuelo": 4
    }
},
{
    "model": "apaeropuerto.pasajero",
    "pk": 1,
    "fields": {
        "nombre": "Consider pull.",
        "apellido": "Really he week.",
        "email": "perezgregory@example.org",
        "telefono": 16383,
        "fecha_nacimiento": "2015-08-07",
        "vuelo": [
            4
        ]
    }
},
{
    "model": "apaeropuerto.pasajero",
    "pk": 2,
    "fields": {
        "nombre": "Give cover hotel.",
        "apellido": "Into drive small.",
        "email": "gloverpamela@example.net",
        "telefono": 31668,
        "fecha_nacimiento": "1985-01-17",
        "vuelo": [
            4
        ]
    }
},
{
    "model": "apaeropuerto.pasajero",
    "pk": 3,
    "fields": {
        "nombre": "Cut article charge.",
        "apellido": "Last room part.",
        "email": "carl51@example.net",
        "telefono": -26995,
        "fecha_nacimiento": "1986-11-12",
        "vuelo": [
            5
        ]
    }
},
{
    "model": "apaeropuerto.pasajero",
    "pk": 4,
    "fields": {
        "nombre": "So officer music.",
        "apellido": "Positive let.",
        "email": "gyork@example.com",
        "telefono": -23533,
        "fecha_nacimiento": "2021-07-27",
        "vuelo": [
            4
        ]
    }
},
{
    "model": "apaeropuerto.pasajero",
    "pk": 5,
    "fields": {
        "nombre": "Consumer huge.",
        "apellido": "Worry no discover.",
        "email": "robertleblanc@example.com",
        "telefono": 19374,
        "fecha_nacimiento": "2018-04-23",
        "vuelo": [
            2,
            4
        ]
    }
},
{
    "model": "apaeropuerto.perfilpasajero",
    "pk": 1,
    "fields": {
        "direccion": "Peace like summer military. Mean issue few staff as investment quite.\nNatural whether effort. Magazine morning position sell writer.\nSend senior mind. Alone state dream important.\nFocus piece leave adult card. None detail at democratic.",
        "documento_identidad": "Approach.",
        "nacionalidad": "Mind wonder address couple kind age.",
        "vivienda": "Miss while care claim sign political.",
        "pasajero": 1
    }
},
{
    "model": "apaeropuerto.perfilpasajero",
    "pk": 2,
    "fields": {
        "direccion": "Health admit environment citizen. Establish question strategy wide PM far dinner. Opportunity by true including protect laugh speak.",
        "documento_identidad": "Series.",
        "nacionalidad": "Analysis finally model body industry heart.",
        "vivienda": "Expect just instead fall direction leave.",
        "pasajero": 4
    }
},
{
    "model": "apaeropuerto.perfilpasajero",
    "pk": 3,
    "fields": {
        "direccion": "Process house foot government east husband change. Blood low common big sure agency deal your. Network college PM stock election ok threat me.\nFriend book down high west. Guess billion surface case magazine way.",
        "documento_identidad": "Life.",
        "nacionalidad": "Plan discover along what.",
        "vivienda": "Clear maintain character threat bit.",
        "pasajero": 5
    }
},
{
    "model": "apaeropuerto.perfilpasajero",
    "pk": 4,
    "fields": {
        "direccion": "Indeed to education. Leave fall few or rest try rest. Sport space green nice.\nCard have I. Teacher theory own benefit.\nWould fine let seem establish ready. Hospital manager simply knowledge wonder usually manage.",
        "documento_identidad": "Thing.",
        "nacionalidad": "Issue base guess garden kind history.",
        "vivienda": "Yes box painting system kitchen.",
        "pasajero": 2
    }
},
{
    "model": "apaeropuerto.perfilpasajero",
    "pk": 5,
    "fields": {
        "direccion": "Themselves large plant yeah happy opportunity. During fact thousand agency ever cultural pass.\nRecent move commercial put shoulder. Better argue star.\nBill begin director receive weight hope area. Yet house cause probably success agent.",
        "documento_identidad": "Hard.",
        "nacionalidad": "Several like something in. End section thank.",
        "vivienda": "Lay land most care subject cold.",
        "pasajero": 3
    }
},
{
    "model": "apaeropuerto.equipaje",
    "pk": 1,
    "fields": {
        "peso": 0.08622228680847221,
        "dimensiones": "Watch leave crime raise drop sure wide born.",
        "tipo_material": "Sell hand better my.",
        "color": "Along resource also school bad.",
        "pasajero": 1
    }
},
{
    "model": "apaeropuerto.equipaje",
    "pk": 2,
    "fields": {
        "peso": 0.2064560149077851,
        "dimensiones": "Onto child see establish.",
        "tipo_material": "Eat include compare.",
        "color": "Its strategy practice become.",
        "pasajero": 5
    }
},
{
    "model": "apaeropuerto.equipaje",
    "pk": 3,
    "fields": {
        "peso": 0.38696361435078386,
        "dimensiones": "Out sing modern receive.",
        "tipo_material": "Focus such sing.",
        "color": "Develop car fast help high.",
        "pasajero": 3
    }
},
{
    "model": "apaeropuerto.equipaje",
    "pk": 4,
    "fields": {
        "peso": 0.6473720930644042,
        "dimensiones": "According within hotel entire.",
        "tipo_material": "Born realize I gas.",
        "color": "Kitchen trouble everybody single American page.",
        "pasajero": 3
    }
},
{
    "model": "apaeropuerto.equipaje",
    "pk": 5,
    "fields": {
        "peso": 0.5600207569414845,
        "dimensiones": "Two rest radio election civil.",
        "tipo_material": "Quite when great choose kid.",
        "color": "Loss wide computer society.",
        "pasajero": 4
    }
},
{
    "model": "apaeropuerto.vueloaerolinea",
    "pk": 1,
    "fields": {
        "fecha_operacion": null,
        "estado": "",
        "clase": "E",
        "incidencias": "",
        "vuelo": 1,
        "aerolinea": 4
    }
},
{
    "model": "apaeropuerto.vueloaerolinea",
    "pk": 2,
    "fields": {
        "fecha_operacion": null,
        "estado": "",
        "clase": "E",
        "incidencias": "",
        "vuelo": 1,
        "aerolinea": 5
    }
},
{
    "model": "apaeropuerto.vueloaerolinea",
    "pk": 3,
    "fields": {
        "fecha_operacion": null,
        "estado": "",
        "clase": "E",
        "incidencias": "",
        "vuelo": 2,
        "aerolinea": 1
    }
},
{
    "model": "apaeropuerto.vueloaerolinea",
    "pk": 4,
    "fields": {
        "fecha_operacion": null,
        "estado": "",
        "clase": "E",
        "incidencias": "",
        "vuelo": 3,
        "aerolinea": 1
    }
},
{
    "model": "apaeropuerto.vueloaerolinea",
    "pk": 5,
    "fields": {
        "fecha_operacion": null,
        "estado": "",
        "clase": "E",
        "incidencias": "",
        "vuelo": 4,
        "aerolinea": 5
    }
},
{
    "model": "apaeropuerto.vueloaerolinea",
    "pk": 6,
    "fields": {
        "fecha_operacion": null,
        "estado": "",
        "clase": "E",
        "incidencias": "",
        "vuelo": 5,
        "aerolinea": 3
    }
},
{
    "model": "apaeropuerto.vueloaerolinea",
    "pk": 7,
    "fields": {
        "fecha_operacion": null,
        "estado": "",
        "clase": "E",
        "incidencias": "",
        "vuelo": 5,
        "aerolinea": 4
    }
},
{
    "model": "apaeropuerto.vueloaerolinea",
    "pk": 8,
    "fields": {
        "fecha_operacion": "1992-01-23T22:36:18.956",
        "estado": "Media eight recent particular expert effort. Shake per when describe.\nListen debate through media environment summer. Central as edge window argue cultural. Wish us growth some if plant relate.",
        "clase": "E",
        "incidencias": "His within those leader. Consumer effect life sometimes hear stock get can. Create fill democratic.",
        "vuelo": 4,
        "aerolinea": 3
    }
},
{
    "model": "apaeropuerto.vueloaerolinea",
    "pk": 9,
    "fields": {
        "fecha_operacion": "1984-07-10T18:25:31.667",
        "estado": "Painting every hand yeah them feel year build.\nLetter chance tough cultural personal attention federal other. Use yeah hear statement wonder. When allow look assume board report.",
        "clase": "E",
        "incidencias": "Machine from show indeed rest lawyer. Minute family home must society particularly beat.",
        "vuelo": 3,
        "aerolinea": 4
    }
},
{
    "model": "apaeropuerto.vueloaerolinea",
    "pk": 10,
    "fields": {
        "fecha_operacion": "1996-03-16T11:39:38.254",
        "estado": "Would to represent land. Call especially without teach. Leg them need control.\nResult cell expert mind project but. Face make service them administration.",
        "clase": "E",
        "incidencias": "On read officer body next economic.",
        "vuelo": 5,
        "aerolinea": 2
    }
},
{
    "model": "apaeropuerto.vueloaerolinea",
    "pk": 11,
    "fields": {
        "fecha_operacion": "1983-10-05T18:31:08.034",
        "estado": "Medical enter a blood maintain ask. Tax future away family enough chance race hard. Project drug best actually be yourself.",
        "clase": "E",
        "incidencias": "Seven available join about. I method become floor doctor begin.",
        "vuelo": 4,
        "aerolinea": 2
    }
},
{
    "model": "apaeropuerto.vueloaerolinea",
    "pk": 12,
    "fields": {
        "fecha_operacion": "1984-03-09T17:41:38.683",
        "estado": "Miss gas detail whom behavior reach. Better back small instead local. Listen ahead find close issue house nice.",
        "clase": "E",
        "incidencias": "Scientist itself around official. Fire attack music. Behavior measure no price catch site.",
        "vuelo": 1,
        "aerolinea": 3
    }
},
{
    "model": "apaeropuerto.reserva",
    "pk": 1,
    "fields": {
        "fecha_reserva": "2024-11-01T11:04:23.909",
        "codigo_descueto": "Phone mission wonder majority perform. As suffer group plan answer.",
        "metodo_pago": "tarjeta",
        "estado_de_pago": false,
        "pasajero": 5,
        "vuelo": 4
    }
},
{
    "model": "apaeropuerto.reserva",
    "pk": 2,
    "fields": {
        "fecha_reserva": "2024-11-01T11:04:23.909",
        "codigo_descueto": "Possible bring everybody girl policy weight affect. Tend yet partner by.",
        "metodo_pago": "tarjeta",
        "estado_de_pago": true,
        "pasajero": 3,
        "vuelo": 5
    }
},
{
    "model": "apaeropuerto.reserva",
    "pk": 3,
    "fields": {
        "fecha_reserva": "2024-11-01T11:04:23.909",
        "codigo_descueto": "Threat man traditional then church father. Yes mean first reveal eye.",
        "metodo_pago": "tarjeta",
        "estado_de_pago": true,
        "pasajero": 2,
        "vuelo": 5
    }
},
{
    "model": "apaeropuerto.reserva",
    "pk": 4,
    "fields": {
        "fecha_reserva": "2024-11-01T11:04:23.909",
        "codigo_descueto": "Wife director man head. North maintain camera once despite decision next.",
        "metodo_pago": "tarjeta",
        "estado_de_pago": true,
        "pasajero": 5,
        "vuelo": 4
    }
},
{
    "model": "apaeropuerto.reserva",
    "pk": 5,
    "fields": {
        "fecha_reserva": "2024-11-01T11:04:23.909",
        "codigo_descueto": "Rich each Republican sport gas. Them middle easy matter. Guess on catch.",
        "metodo_pago": "tarjeta",
        "estado_de_pago": false,
        "pasajero": 3,
        "vuelo": 4
    }
},
{
    "model": "apaeropuerto.asiento",
    "pk": 1,
    "fields": {
        "clase": "E",
        "precio": "0.75",
        "posicion": "M",
        "sistema_entretenimiento": true,
        "vuelo": 2,
        "pasajero": 2
    }
},
{
    "model": "apaeropuerto.asiento",
    "pk": 2,
    "fields": {
        "clase": "E",
        "precio": "0.62",
        "posicion": "P",
        "sistema_entretenimiento": false,
        "vuelo": 5,
        "pasajero": 4
    }
},
{
    "model": "apaeropuerto.asiento",
    "pk": 3,
    "fields": {
        "clase": "E",
        "precio": "0.55",
        "posicion": "V",
        "sistema_entretenimiento": false,
        "vuelo": 1,
        "pasajero": 5
    }
},
{
    "model": "apaeropuerto.asiento",
    "pk": 4,
    "fields": {
        "clase": "E",
        "precio": "0.42",
        "posicion": "P",
        "sistema_entretenimiento": false,
        "vuelo": 5,
        "pasajero": 1
    }
},
{
    "model": "apaeropuerto.asiento",
    "pk": 5,
    "fields": {
        "clase": "E",
        "precio": "0.44",
        "posicion": "P",
        "sistema_entretenimiento": true,
        "vuelo": 2,
        "pasajero": 5
    }
},
{
    "model": "apaeropuerto.servicio",
    "pk": 1,
    "fields": {
        "tipo_servicio": "Democrat person major leave arrive light. Floor wonder without would. Can gun consider staff.",
        "costo": 0.2502576700348301,
        "duracion_servicio": "11:55:54",
        "añadido": "Local try especially sport. Guess baby reflect where partner face.",
        "aeropuerto": [
            3
        ]
    }
},
{
    "model": "apaeropuerto.servicio",
    "pk": 2,
    "fields": {
        "tipo_servicio": "Old market who full. White among guy now goal key size appear.",
        "costo": 0.975677863493979,
        "duracion_servicio": "06:57:08",
        "añadido": "Possible official develop current. Matter your join issue team heavy meeting.",
        "aeropuerto": [
            2,
            5
        ]
    }
},
{
    "model": "apaeropuerto.servicio",
    "pk": 3,
    "fields": {
        "tipo_servicio": "Character practice full ability. Send military work item.",
        "costo": 0.0005421642890712786,
        "duracion_servicio": "15:45:00",
        "añadido": "Fear energy scene agreement would. Race soldier parent institution also onto.",
        "aeropuerto": [
            2
        ]
    }
},
{
    "model": "apaeropuerto.servicio",
    "pk": 4,
    "fields": {
        "tipo_servicio": "Song well play four. Thus thought my reality finally account.",
        "costo": 0.7130913211833751,
        "duracion_servicio": "08:07:12",
        "añadido": "Note act movement continue trip dog. Draw official article western even even. Size hand sound.",
        "aeropuerto": [
            3,
            5
        ]
    }
},
{
    "model": "apaeropuerto.servicio",
    "pk": 5,
    "fields": {
        "tipo_servicio": "Still religious need pull myself especially service. Nature program save sit church debate.",
        "costo": 0.8563388525004246,
        "duracion_servicio": "01:31:48",
        "añadido": "At game son short law pick. Name class job foreign right sea.",
        "aeropuerto": [
            3
        ]
    }
},
{
    "model": "apaeropuerto.empleado",
    "pk": 1,
    "fields": {
        "nombre": "Child lot blue political. Collection future nothing see.",
        "apellido": "Local respond stock name grow too. Join street billion ground indicate skin suddenly attention.",
        "cargo": "EM",
        "fecha_contratacion": "1988-12-03",
        "servicio": 3
    }
},
{
    "model": "apaeropuerto.empleado",
    "pk": 2,
    "fields": {
        "nombre": "Draw court your bank dinner resource. White find audience coach. Stay place must soldier.",
        "apellido": "Church risk floor history. Sing get bring not security.",
        "cargo": "EM",
        "fecha_contratacion": "2004-09-24",
        "servicio": 5
    }
},
{
    "model": "apaeropuerto.empleado",
    "pk": 3,
    "fields": {
        "nombre": "Able sister none heavy property. Data wait almost analysis account.",
        "apellido": "Upon try soon yeah they effect other. Rest water receive institution.",
        "cargo": "EM",
        "fecha_contratacion": "2022-10-08",
        "servicio": 1
    }
},
{
    "model": "apaeropuerto.empleado",
    "pk": 4,
    "fields": {
        "nombre": "Discuss much country deep. Than by vote little.",
        "apellido": "Degree system him leg.",
        "cargo": "EM",
        "fecha_contratacion": "1980-11-04",
        "servicio": 1
    }
},
{
    "model": "apaeropuerto.empleado",
    "pk": 5,
    "fields": {
        "nombre": "Foreign remember evidence more present without. Career attorney trip someone situation.",
        "apellido": "Medical which professor order continue gas attention trade.",
        "cargo": "EM",
        "fecha_contratacion": "1972-04-09",
        "servicio": 5
    }
}
]
