[
{
    "model": "auth.user",
    "pk": 1,
    "fields": {
        "password": "pbkdf2_sha256$870000$dpbnWk2baUIUZGrguy35tZ$lOvWwEcwRH+WDYlrdaxMwaBe+LMKAi6DwbEx9otJ78s=",
        "last_login": "2024-10-30T16:04:59.419",
        "is_superuser": true,
        "username": "ale",
        "first_name": "",
        "last_name": "",
        "email": "ale@i.com",
        "is_staff": true,
        "is_active": true,
        "date_joined": "2024-10-30T16:04:39.308",
        "groups": [],
        "user_permissions": []
    }
},
{
    "model": "sessions.session",
    "pk": "9gqnpczgpj1512mavr7y3lrhwcwza2uo",
    "fields": {
        "session_data": ".eJxVjDsOwyAQBe9CHSHzh5TpfQa0C0twEmHJ2FWUu0dILpL2zcx7swjHXuPRaYtLZlcm2OV3Q0hPagPkB7T7ytPa9m1BPhR-0s7nNdPrdrp_BxV6HTWRR-UgKPTBBpPB6iKLkKBSMQAKrRRWa4GYJDqH3k6UBLjJGSOR2OcL9xs4KA:1t6AFn:ZvdLIuKKakQshts52ZpvlV5fD--zHY9QI-Yur99LP3s",
        "expire_date": "2024-11-13T16:04:59.469"
    }
},
{
    "model": "apaeropuerto.aeropuerto",
    "pk": 1,
    "fields": {
        "nombre": "Provide Mr few. Man pick decide throughout. Memory together say idea.",
        "ciudades": "ES",
        "pais": "ES",
        "capacidad_maxima": 150
    }
},
{
    "model": "apaeropuerto.aeropuerto",
    "pk": 2,
    "fields": {
        "nombre": "Technology measure safe sea stop mention. Item increase available identify next attention.",
        "ciudades": "ES",
        "pais": "ES",
        "capacidad_maxima": 150
    }
},
{
    "model": "apaeropuerto.aeropuerto",
    "pk": 3,
    "fields": {
        "nombre": "Series state north agree medical. Apply suffer they help her receive word.",
        "ciudades": "ES",
        "pais": "ES",
        "capacidad_maxima": 150
    }
},
{
    "model": "apaeropuerto.aeropuerto",
    "pk": 4,
    "fields": {
        "nombre": "Read office bag later. Office glass find. Make own high go.",
        "ciudades": "ES",
        "pais": "ES",
        "capacidad_maxima": 150
    }
},
{
    "model": "apaeropuerto.aeropuerto",
    "pk": 5,
    "fields": {
        "nombre": "Other role tonight entire draw every choose.",
        "ciudades": "ES",
        "pais": "ES",
        "capacidad_maxima": 150
    }
},
{
    "model": "apaeropuerto.aeropuerto",
    "pk": 6,
    "fields": {
        "nombre": "Town theory institution woman off model customer. Pm cup movement together.",
        "ciudades": "ES",
        "pais": "ES",
        "capacidad_maxima": 150
    }
},
{
    "model": "apaeropuerto.aeropuerto",
    "pk": 7,
    "fields": {
        "nombre": "In reach simple expect in fill material card. Remember model find nothing determine check create.",
        "ciudades": "ES",
        "pais": "ES",
        "capacidad_maxima": 150
    }
},
{
    "model": "apaeropuerto.aeropuerto",
    "pk": 8,
    "fields": {
        "nombre": "Upon production same visit nice. Several argue here anyone around board.",
        "ciudades": "ES",
        "pais": "ES",
        "capacidad_maxima": 150
    }
},
{
    "model": "apaeropuerto.aeropuerto",
    "pk": 9,
    "fields": {
        "nombre": "Bring mean husband affect game. Her stock part power cultural others.",
        "ciudades": "ES",
        "pais": "ES",
        "capacidad_maxima": 150
    }
},
{
    "model": "apaeropuerto.aeropuerto",
    "pk": 10,
    "fields": {
        "nombre": "Spring teacher reflect identify worry artist. Situation just sign message cover song.",
        "ciudades": "ES",
        "pais": "ES",
        "capacidad_maxima": 150
    }
},
{
    "model": "apaeropuerto.aeropuerto",
    "pk": 11,
    "fields": {
        "nombre": "New class college give perhaps card. Talk Republican fall simply true camera.",
        "ciudades": "ES",
        "pais": "ES",
        "capacidad_maxima": 150
    }
},
{
    "model": "apaeropuerto.aeropuerto",
    "pk": 12,
    "fields": {
        "nombre": "Senior indeed important service end. Current state people treat assume model loss which.",
        "ciudades": "ES",
        "pais": "ES",
        "capacidad_maxima": 150
    }
},
{
    "model": "apaeropuerto.aeropuerto",
    "pk": 13,
    "fields": {
        "nombre": "Those card dog none.",
        "ciudades": "ES",
        "pais": "ES",
        "capacidad_maxima": 150
    }
},
{
    "model": "apaeropuerto.aeropuerto",
    "pk": 14,
    "fields": {
        "nombre": "Character PM none operation herself treat five always. For we community exactly.",
        "ciudades": "ES",
        "pais": "ES",
        "capacidad_maxima": 150
    }
},
{
    "model": "apaeropuerto.aeropuerto",
    "pk": 15,
    "fields": {
        "nombre": "Citizen country see car early. Crime piece try.",
        "ciudades": "ES",
        "pais": "ES",
        "capacidad_maxima": 150
    }
},
{
    "model": "apaeropuerto.aeropuerto",
    "pk": 16,
    "fields": {
        "nombre": "Eat need state born himself. Size alone back part inside wife.",
        "ciudades": "ES",
        "pais": "ES",
        "capacidad_maxima": 150
    }
},
{
    "model": "apaeropuerto.aeropuerto",
    "pk": 17,
    "fields": {
        "nombre": "Issue hotel traditional benefit. For far sea could reduce or fish. My yard language.",
        "ciudades": "ES",
        "pais": "ES",
        "capacidad_maxima": 150
    }
},
{
    "model": "apaeropuerto.aeropuerto",
    "pk": 18,
    "fields": {
        "nombre": "Buy under free soldier machine already. Market still skin describe executive size pass over.",
        "ciudades": "ES",
        "pais": "ES",
        "capacidad_maxima": 150
    }
},
{
    "model": "apaeropuerto.aeropuerto",
    "pk": 19,
    "fields": {
        "nombre": "Boy history development those part ago. Start strategy relationship.\nGoal speak fish bit support.",
        "ciudades": "ES",
        "pais": "ES",
        "capacidad_maxima": 150
    }
},
{
    "model": "apaeropuerto.aeropuerto",
    "pk": 20,
    "fields": {
        "nombre": "Reduce win direction land. Center source industry blue play one.",
        "ciudades": "ES",
        "pais": "ES",
        "capacidad_maxima": 150
    }
},
{
    "model": "apaeropuerto.aeropuerto",
    "pk": 21,
    "fields": {
        "nombre": "Marriage make several fact film matter action agree.",
        "ciudades": "ES",
        "pais": "ES",
        "capacidad_maxima": 150
    }
},
{
    "model": "apaeropuerto.aeropuerto",
    "pk": 22,
    "fields": {
        "nombre": "Month activity base on read season every forget. Price maybe who administration admit fast their.",
        "ciudades": "ES",
        "pais": "ES",
        "capacidad_maxima": 150
    }
},
{
    "model": "apaeropuerto.aeropuerto",
    "pk": 23,
    "fields": {
        "nombre": "Listen never film quickly ever full treatment take. Section himself hand traditional.",
        "ciudades": "ES",
        "pais": "ES",
        "capacidad_maxima": 150
    }
},
{
    "model": "apaeropuerto.aeropuerto",
    "pk": 24,
    "fields": {
        "nombre": "Data north address decade billion develop baby. Simply seek notice part read blue none front.",
        "ciudades": "ES",
        "pais": "ES",
        "capacidad_maxima": 150
    }
},
{
    "model": "apaeropuerto.aeropuerto",
    "pk": 25,
    "fields": {
        "nombre": "Discover paper resource national out eight. Cell site bad.",
        "ciudades": "ES",
        "pais": "ES",
        "capacidad_maxima": 150
    }
},
{
    "model": "apaeropuerto.aeropuerto",
    "pk": 26,
    "fields": {
        "nombre": "Beautiful investment reveal remain my wonder. Close defense old against part.",
        "ciudades": "ES",
        "pais": "ES",
        "capacidad_maxima": 150
    }
},
{
    "model": "apaeropuerto.aeropuerto",
    "pk": 27,
    "fields": {
        "nombre": "Tax still ready individual perform themselves.",
        "ciudades": "ES",
        "pais": "ES",
        "capacidad_maxima": 150
    }
},
{
    "model": "apaeropuerto.aeropuerto",
    "pk": 28,
    "fields": {
        "nombre": "Case condition court exactly.",
        "ciudades": "ES",
        "pais": "ES",
        "capacidad_maxima": 150
    }
},
{
    "model": "apaeropuerto.aeropuerto",
    "pk": 29,
    "fields": {
        "nombre": "Cover color tree. May scientist section set myself. Short fast among clearly wall way.",
        "ciudades": "ES",
        "pais": "ES",
        "capacidad_maxima": 150
    }
},
{
    "model": "apaeropuerto.aeropuerto",
    "pk": 30,
    "fields": {
        "nombre": "Event travel model edge.",
        "ciudades": "ES",
        "pais": "ES",
        "capacidad_maxima": 150
    }
},
{
    "model": "apaeropuerto.aeropuerto",
    "pk": 31,
    "fields": {
        "nombre": "Mind until as teacher hear station election. Article fund rise sea author author.",
        "ciudades": "ES",
        "pais": "ES",
        "capacidad_maxima": 150
    }
},
{
    "model": "apaeropuerto.aeropuerto",
    "pk": 32,
    "fields": {
        "nombre": "Face view bad beat. Mention own protect. Go size program exactly.",
        "ciudades": "ES",
        "pais": "ES",
        "capacidad_maxima": 150
    }
},
{
    "model": "apaeropuerto.aeropuerto",
    "pk": 33,
    "fields": {
        "nombre": "Heart add hold which way chance. Heart method hand.",
        "ciudades": "ES",
        "pais": "ES",
        "capacidad_maxima": 150
    }
},
{
    "model": "apaeropuerto.aeropuerto",
    "pk": 34,
    "fields": {
        "nombre": "Mouth both bring worker produce. Its song ever. Again air natural from thus single.",
        "ciudades": "ES",
        "pais": "ES",
        "capacidad_maxima": 150
    }
},
{
    "model": "apaeropuerto.aeropuerto",
    "pk": 35,
    "fields": {
        "nombre": "She field law every participant. Day we memory true relationship event rock surface.",
        "ciudades": "ES",
        "pais": "ES",
        "capacidad_maxima": 150
    }
},
{
    "model": "apaeropuerto.aeropuerto",
    "pk": 36,
    "fields": {
        "nombre": "Hit either rest. Small number wall either fact require. Report per low accept.",
        "ciudades": "ES",
        "pais": "ES",
        "capacidad_maxima": 150
    }
},
{
    "model": "apaeropuerto.aeropuerto",
    "pk": 37,
    "fields": {
        "nombre": "There available business task relationship. Kitchen management see ready without lawyer.",
        "ciudades": "ES",
        "pais": "ES",
        "capacidad_maxima": 150
    }
},
{
    "model": "apaeropuerto.aeropuerto",
    "pk": 38,
    "fields": {
        "nombre": "Part official second value half. Stuff staff finally identify. Season money keep would.",
        "ciudades": "ES",
        "pais": "ES",
        "capacidad_maxima": 150
    }
},
{
    "model": "apaeropuerto.aeropuerto",
    "pk": 39,
    "fields": {
        "nombre": "Continue recently goal hard go market. Huge president pull concern.",
        "ciudades": "ES",
        "pais": "ES",
        "capacidad_maxima": 150
    }
},
{
    "model": "apaeropuerto.aeropuerto",
    "pk": 40,
    "fields": {
        "nombre": "No unit art seem how whom lay. Build low poor. Help right board task force.",
        "ciudades": "ES",
        "pais": "ES",
        "capacidad_maxima": 150
    }
},
{
    "model": "apaeropuerto.aeropuerto",
    "pk": 41,
    "fields": {
        "nombre": "Indicate current interesting resource. Region sit card health how may ever yeah.",
        "ciudades": "ES",
        "pais": "ES",
        "capacidad_maxima": 150
    }
},
{
    "model": "apaeropuerto.aeropuerto",
    "pk": 42,
    "fields": {
        "nombre": "Near treatment well stop teach design fire. Soldier hit training stand heavy type.",
        "ciudades": "ES",
        "pais": "ES",
        "capacidad_maxima": 150
    }
},
{
    "model": "apaeropuerto.aeropuerto",
    "pk": 43,
    "fields": {
        "nombre": "Reflect offer expert perhaps. Quite ten answer especially claim. Need history perform again.",
        "ciudades": "ES",
        "pais": "ES",
        "capacidad_maxima": 150
    }
},
{
    "model": "apaeropuerto.aeropuerto",
    "pk": 44,
    "fields": {
        "nombre": "Whether last social write raise eye go class. Opportunity cold others gas choice home.",
        "ciudades": "ES",
        "pais": "ES",
        "capacidad_maxima": 150
    }
},
{
    "model": "apaeropuerto.aeropuerto",
    "pk": 45,
    "fields": {
        "nombre": "Team but particularly north. Season science prepare quality institution.",
        "ciudades": "ES",
        "pais": "ES",
        "capacidad_maxima": 150
    }
},
{
    "model": "apaeropuerto.aeropuerto",
    "pk": 46,
    "fields": {
        "nombre": "Listen expert officer nice begin. Simply lawyer control say factor. Although street I little staff.",
        "ciudades": "ES",
        "pais": "ES",
        "capacidad_maxima": 150
    }
},
{
    "model": "apaeropuerto.aeropuerto",
    "pk": 47,
    "fields": {
        "nombre": "Recognize read think way response deep. Movie decide marriage back build speak.",
        "ciudades": "ES",
        "pais": "ES",
        "capacidad_maxima": 150
    }
},
{
    "model": "apaeropuerto.aeropuerto",
    "pk": 48,
    "fields": {
        "nombre": "My save particularly question. Couple keep hope newspaper letter.",
        "ciudades": "ES",
        "pais": "ES",
        "capacidad_maxima": 150
    }
},
{
    "model": "apaeropuerto.aeropuerto",
    "pk": 49,
    "fields": {
        "nombre": "Country total agree. Those stop head spring. Say interview your training during.",
        "ciudades": "ES",
        "pais": "ES",
        "capacidad_maxima": 150
    }
},
{
    "model": "apaeropuerto.aeropuerto",
    "pk": 50,
    "fields": {
        "nombre": "Visit notice job important. Suggest help role individual blood happy address around.",
        "ciudades": "ES",
        "pais": "ES",
        "capacidad_maxima": 150
    }
},
{
    "model": "apaeropuerto.contactoaeropuerto",
    "pk": 1,
    "fields": {
        "nombre_contacto": "Wind police seem wide radio smile spring.",
        "telefono_contacto": "Be culture.",
        "email_contacto": "gcross@example.net",
        "años_trabajados": -23652,
        "aeropuerto": 37
    }
},
{
    "model": "apaeropuerto.contactoaeropuerto",
    "pk": 2,
    "fields": {
        "nombre_contacto": "Machine me she teach picture answer language win. Manager blood growth our capital.",
        "telefono_contacto": "Reason rock.",
        "email_contacto": "lopezjames@example.org",
        "años_trabajados": 26996,
        "aeropuerto": 7
    }
},
{
    "model": "apaeropuerto.contactoaeropuerto",
    "pk": 3,
    "fields": {
        "nombre_contacto": "Protect military there hear structure. Everybody common direction decide network identify personal.",
        "telefono_contacto": "State case.",
        "email_contacto": "westkevin@example.com",
        "años_trabajados": -10788,
        "aeropuerto": 44
    }
},
{
    "model": "apaeropuerto.contactoaeropuerto",
    "pk": 4,
    "fields": {
        "nombre_contacto": "Sure player southern last pull allow exactly. Voice laugh support argue imagine tough.",
        "telefono_contacto": "Right theory.",
        "email_contacto": "cdiaz@example.com",
        "años_trabajados": 29659,
        "aeropuerto": 45
    }
},
{
    "model": "apaeropuerto.contactoaeropuerto",
    "pk": 5,
    "fields": {
        "nombre_contacto": "Goal three quickly social wear stuff government.",
        "telefono_contacto": "Short kid help.",
        "email_contacto": "matthew88@example.com",
        "años_trabajados": -20308,
        "aeropuerto": 28
    }
},
{
    "model": "apaeropuerto.contactoaeropuerto",
    "pk": 6,
    "fields": {
        "nombre_contacto": "Law feel expect step traditional knowledge.",
        "telefono_contacto": "Occur if job.",
        "email_contacto": "tammysantiago@example.net",
        "años_trabajados": -24699,
        "aeropuerto": 24
    }
},
{
    "model": "apaeropuerto.contactoaeropuerto",
    "pk": 7,
    "fields": {
        "nombre_contacto": "Employee though million happy name serve. Serve voice ground. Top president food task.",
        "telefono_contacto": "Major science.",
        "email_contacto": "bradyjulie@example.org",
        "años_trabajados": 22252,
        "aeropuerto": 49
    }
},
{
    "model": "apaeropuerto.contactoaeropuerto",
    "pk": 8,
    "fields": {
        "nombre_contacto": "Interesting training meet form.",
        "telefono_contacto": "Hotel ground.",
        "email_contacto": "jeremy15@example.org",
        "años_trabajados": 2541,
        "aeropuerto": 50
    }
},
{
    "model": "apaeropuerto.contactoaeropuerto",
    "pk": 9,
    "fields": {
        "nombre_contacto": "Us style arm more tend community station.",
        "telefono_contacto": "Yard make.",
        "email_contacto": "ortegajessica@example.com",
        "años_trabajados": 16112,
        "aeropuerto": 32
    }
},
{
    "model": "apaeropuerto.contactoaeropuerto",
    "pk": 10,
    "fields": {
        "nombre_contacto": "Read bag use century save say. I almost factor firm list week.",
        "telefono_contacto": "Care meeting.",
        "email_contacto": "mooremichele@example.net",
        "años_trabajados": -18989,
        "aeropuerto": 48
    }
},
{
    "model": "apaeropuerto.contactoaeropuerto",
    "pk": 11,
    "fields": {
        "nombre_contacto": "Personal subject eight may together. Police human everybody trial within would exactly.",
        "telefono_contacto": "The act should.",
        "email_contacto": "meadowsashley@example.org",
        "años_trabajados": 8758,
        "aeropuerto": 47
    }
},
{
    "model": "apaeropuerto.contactoaeropuerto",
    "pk": 12,
    "fields": {
        "nombre_contacto": "Add education most include work represent can. For kind dinner room response case.",
        "telefono_contacto": "Chance us rest.",
        "email_contacto": "chelsea99@example.net",
        "años_trabajados": -22124,
        "aeropuerto": 9
    }
},
{
    "model": "apaeropuerto.contactoaeropuerto",
    "pk": 13,
    "fields": {
        "nombre_contacto": "Name husband forget thank vote. Size order American gas beyond national.",
        "telefono_contacto": "Present choice.",
        "email_contacto": "melissa14@example.org",
        "años_trabajados": 28727,
        "aeropuerto": 5
    }
},
{
    "model": "apaeropuerto.contactoaeropuerto",
    "pk": 14,
    "fields": {
        "nombre_contacto": "Education both draw detail simply speak. Relate daughter generation.",
        "telefono_contacto": "Coach quality.",
        "email_contacto": "todd12@example.com",
        "años_trabajados": -5298,
        "aeropuerto": 41
    }
},
{
    "model": "apaeropuerto.contactoaeropuerto",
    "pk": 15,
    "fields": {
        "nombre_contacto": "Generation whatever along tell too visit yeah. Firm television themselves box many magazine goal.",
        "telefono_contacto": "Name believe.",
        "email_contacto": "evanswilliam@example.com",
        "años_trabajados": 12310,
        "aeropuerto": 40
    }
},
{
    "model": "apaeropuerto.contactoaeropuerto",
    "pk": 16,
    "fields": {
        "nombre_contacto": "Lead similar Mrs lead agreement article.",
        "telefono_contacto": "Forget order.",
        "email_contacto": "ashleypatrick@example.org",
        "años_trabajados": 5218,
        "aeropuerto": 13
    }
},
{
    "model": "apaeropuerto.contactoaeropuerto",
    "pk": 17,
    "fields": {
        "nombre_contacto": "Key major firm become meeting your certain cultural.\nRoom almost nothing recently.",
        "telefono_contacto": "Soon hard.",
        "email_contacto": "ahill@example.com",
        "años_trabajados": -24930,
        "aeropuerto": 21
    }
},
{
    "model": "apaeropuerto.contactoaeropuerto",
    "pk": 18,
    "fields": {
        "nombre_contacto": "Center near her detail. Ago dinner success party your probably. Tell argue report beyond community.",
        "telefono_contacto": "Rich face fly.",
        "email_contacto": "vbrown@example.com",
        "años_trabajados": 13629,
        "aeropuerto": 33
    }
},
{
    "model": "apaeropuerto.contactoaeropuerto",
    "pk": 19,
    "fields": {
        "nombre_contacto": "Tell task born attack. Police although choice step best.",
        "telefono_contacto": "Husband.",
        "email_contacto": "tiffanymcintyre@example.org",
        "años_trabajados": -27949,
        "aeropuerto": 39
    }
},
{
    "model": "apaeropuerto.contactoaeropuerto",
    "pk": 20,
    "fields": {
        "nombre_contacto": "Information time per political administration the treat. Value quickly job discuss why list.",
        "telefono_contacto": "Call public.",
        "email_contacto": "yallen@example.net",
        "años_trabajados": -24414,
        "aeropuerto": 17
    }
},
{
    "model": "apaeropuerto.contactoaeropuerto",
    "pk": 21,
    "fields": {
        "nombre_contacto": "Network able board lead indeed record quickly.",
        "telefono_contacto": "Room issue.",
        "email_contacto": "hayesjessica@example.org",
        "años_trabajados": -1797,
        "aeropuerto": 29
    }
},
{
    "model": "apaeropuerto.contactoaeropuerto",
    "pk": 22,
    "fields": {
        "nombre_contacto": "Six standard unit body sing soon data. Question measure partner new side cover understand.",
        "telefono_contacto": "Particular.",
        "email_contacto": "aliciafisher@example.com",
        "años_trabajados": -11410,
        "aeropuerto": 34
    }
},
{
    "model": "apaeropuerto.contactoaeropuerto",
    "pk": 23,
    "fields": {
        "nombre_contacto": "Organization minute language into. Worry baby meet once.",
        "telefono_contacto": "Yes nearly.",
        "email_contacto": "pierceamber@example.com",
        "años_trabajados": -1773,
        "aeropuerto": 8
    }
},
{
    "model": "apaeropuerto.contactoaeropuerto",
    "pk": 24,
    "fields": {
        "nombre_contacto": "Strong minute good trade. Right assume first stop. Program require behind great.",
        "telefono_contacto": "Project mind.",
        "email_contacto": "rmartin@example.net",
        "años_trabajados": 13359,
        "aeropuerto": 46
    }
},
{
    "model": "apaeropuerto.contactoaeropuerto",
    "pk": 25,
    "fields": {
        "nombre_contacto": "Hundred range property itself. Mouth soldier response world action low.",
        "telefono_contacto": "Instead.",
        "email_contacto": "kboone@example.net",
        "años_trabajados": -28672,
        "aeropuerto": 19
    }
},
{
    "model": "apaeropuerto.contactoaeropuerto",
    "pk": 26,
    "fields": {
        "nombre_contacto": "Design card too. Owner behavior leg quickly.",
        "telefono_contacto": "Performance.",
        "email_contacto": "wwilliams@example.com",
        "años_trabajados": -19190,
        "aeropuerto": 26
    }
},
{
    "model": "apaeropuerto.contactoaeropuerto",
    "pk": 27,
    "fields": {
        "nombre_contacto": "Lose local about world rise western include. Provide body pressure group.",
        "telefono_contacto": "Turn none.",
        "email_contacto": "haynesjorge@example.net",
        "años_trabajados": -24120,
        "aeropuerto": 25
    }
},
{
    "model": "apaeropuerto.contactoaeropuerto",
    "pk": 28,
    "fields": {
        "nombre_contacto": "Pay fall team able point fall. Maybe easy game billion process return.",
        "telefono_contacto": "Human feeling.",
        "email_contacto": "jodiwhite@example.com",
        "años_trabajados": -6893,
        "aeropuerto": 10
    }
},
{
    "model": "apaeropuerto.contactoaeropuerto",
    "pk": 29,
    "fields": {
        "nombre_contacto": "There measure author year.",
        "telefono_contacto": "Trade him.",
        "email_contacto": "jcannon@example.net",
        "años_trabajados": 28633,
        "aeropuerto": 43
    }
},
{
    "model": "apaeropuerto.contactoaeropuerto",
    "pk": 30,
    "fields": {
        "nombre_contacto": "Positive quickly draw attorney quite participant Democrat. Book top thousand give.",
        "telefono_contacto": "Bag marriage.",
        "email_contacto": "tamarahouse@example.net",
        "años_trabajados": 27477,
        "aeropuerto": 18
    }
},
{
    "model": "apaeropuerto.contactoaeropuerto",
    "pk": 31,
    "fields": {
        "nombre_contacto": "Soon art raise. Share feel step surface. Rule best night magazine film argue wall.",
        "telefono_contacto": "Suddenly born.",
        "email_contacto": "james83@example.org",
        "años_trabajados": -29930,
        "aeropuerto": 14
    }
},
{
    "model": "apaeropuerto.contactoaeropuerto",
    "pk": 32,
    "fields": {
        "nombre_contacto": "With activity particular fact happen. Picture surface and nearly nation public next.",
        "telefono_contacto": "Above four.",
        "email_contacto": "martinscott@example.com",
        "años_trabajados": -30857,
        "aeropuerto": 42
    }
},
{
    "model": "apaeropuerto.contactoaeropuerto",
    "pk": 33,
    "fields": {
        "nombre_contacto": "Behind while wish forward.",
        "telefono_contacto": "Generation.",
        "email_contacto": "wilcoxbrian@example.com",
        "años_trabajados": -25867,
        "aeropuerto": 3
    }
},
{
    "model": "apaeropuerto.contactoaeropuerto",
    "pk": 34,
    "fields": {
        "nombre_contacto": "Someone stuff total party computer since edge. Enter high PM check soldier.",
        "telefono_contacto": "Suggest job.",
        "email_contacto": "cunninghammichael@example.org",
        "años_trabajados": 3712,
        "aeropuerto": 36
    }
},
{
    "model": "apaeropuerto.contactoaeropuerto",
    "pk": 35,
    "fields": {
        "nombre_contacto": "What party leader fly you. Including different start few dream watch either.",
        "telefono_contacto": "Three others.",
        "email_contacto": "emartin@example.com",
        "años_trabajados": 11633,
        "aeropuerto": 11
    }
},
{
    "model": "apaeropuerto.contactoaeropuerto",
    "pk": 36,
    "fields": {
        "nombre_contacto": "Decide church interview coach. Pretty state some. High either beyond.",
        "telefono_contacto": "Box role.",
        "email_contacto": "huynhkirsten@example.net",
        "años_trabajados": 13094,
        "aeropuerto": 16
    }
},
{
    "model": "apaeropuerto.contactoaeropuerto",
    "pk": 37,
    "fields": {
        "nombre_contacto": "Admit radio day bag ok stock. Model behind it arrive.",
        "telefono_contacto": "Expert single.",
        "email_contacto": "kathrynwebster@example.com",
        "años_trabajados": 12990,
        "aeropuerto": 38
    }
},
{
    "model": "apaeropuerto.contactoaeropuerto",
    "pk": 38,
    "fields": {
        "nombre_contacto": "Best yourself physical involve. Hundred between well event book put.",
        "telefono_contacto": "Lose nation.",
        "email_contacto": "gaildavis@example.com",
        "años_trabajados": -15435,
        "aeropuerto": 6
    }
},
{
    "model": "apaeropuerto.contactoaeropuerto",
    "pk": 39,
    "fields": {
        "nombre_contacto": "Watch behavior remember glass. Here chair nation fire right reach song.",
        "telefono_contacto": "Fact first.",
        "email_contacto": "rachel90@example.net",
        "años_trabajados": 16097,
        "aeropuerto": 1
    }
},
{
    "model": "apaeropuerto.contactoaeropuerto",
    "pk": 40,
    "fields": {
        "nombre_contacto": "Science amount staff deep chance federal.",
        "telefono_contacto": "Too lead.",
        "email_contacto": "jessica50@example.com",
        "años_trabajados": 22780,
        "aeropuerto": 30
    }
},
{
    "model": "apaeropuerto.contactoaeropuerto",
    "pk": 41,
    "fields": {
        "nombre_contacto": "White trade business wind push. Oil degree author media usually day few.",
        "telefono_contacto": "Magazine.",
        "email_contacto": "saraburke@example.net",
        "años_trabajados": -15635,
        "aeropuerto": 23
    }
},
{
    "model": "apaeropuerto.contactoaeropuerto",
    "pk": 42,
    "fields": {
        "nombre_contacto": "Wall especially find finish media. Evidence white move contain remain physical item.",
        "telefono_contacto": "Relate well.",
        "email_contacto": "ruizthomas@example.org",
        "años_trabajados": 6496,
        "aeropuerto": 31
    }
},
{
    "model": "apaeropuerto.contactoaeropuerto",
    "pk": 43,
    "fields": {
        "nombre_contacto": "Reach prepare across edge house.",
        "telefono_contacto": "Believe.",
        "email_contacto": "vcarey@example.org",
        "años_trabajados": 9375,
        "aeropuerto": 20
    }
},
{
    "model": "apaeropuerto.contactoaeropuerto",
    "pk": 44,
    "fields": {
        "nombre_contacto": "Six sound sort these degree. Present early five school. Will deal church argue.",
        "telefono_contacto": "Spring center.",
        "email_contacto": "cookgeorge@example.net",
        "años_trabajados": 14836,
        "aeropuerto": 27
    }
},
{
    "model": "apaeropuerto.contactoaeropuerto",
    "pk": 45,
    "fields": {
        "nombre_contacto": "Itself prevent goal stage. Newspaper in east nature.",
        "telefono_contacto": "Positive and.",
        "email_contacto": "lcurtis@example.net",
        "años_trabajados": 27270,
        "aeropuerto": 35
    }
},
{
    "model": "apaeropuerto.contactoaeropuerto",
    "pk": 46,
    "fields": {
        "nombre_contacto": "Expect college election attention someone. Receive think stage executive it real.",
        "telefono_contacto": "Hour major.",
        "email_contacto": "gabriela03@example.net",
        "años_trabajados": 10832,
        "aeropuerto": 12
    }
},
{
    "model": "apaeropuerto.contactoaeropuerto",
    "pk": 47,
    "fields": {
        "nombre_contacto": "Finish expert car step along hundred serious. Husband old other process institution loss state.",
        "telefono_contacto": "Guess look.",
        "email_contacto": "bobby59@example.net",
        "años_trabajados": -28930,
        "aeropuerto": 22
    }
},
{
    "model": "apaeropuerto.contactoaeropuerto",
    "pk": 48,
    "fields": {
        "nombre_contacto": "Degree lose world spend. Remember maintain girl idea full. Choice individual age alone north.",
        "telefono_contacto": "Prepare skin.",
        "email_contacto": "ohunter@example.net",
        "años_trabajados": 23910,
        "aeropuerto": 15
    }
},
{
    "model": "apaeropuerto.contactoaeropuerto",
    "pk": 49,
    "fields": {
        "nombre_contacto": "Player need evening admit. Present night east her before cold of.",
        "telefono_contacto": "Yard memory.",
        "email_contacto": "vmendez@example.org",
        "años_trabajados": 19803,
        "aeropuerto": 4
    }
},
{
    "model": "apaeropuerto.contactoaeropuerto",
    "pk": 50,
    "fields": {
        "nombre_contacto": "Suddenly hope real indeed walk. Environment same should court Congress key.",
        "telefono_contacto": "Reality.",
        "email_contacto": "qjohnson@example.com",
        "años_trabajados": -7264,
        "aeropuerto": 2
    }
},
{
    "model": "apaeropuerto.aerolinea",
    "pk": 1,
    "fields": {
        "nombre": "Kitchen personal must a. Everybody try apply add they item also.",
        "codigo": "Race know.",
        "fecha_fundacion": "2021-06-10",
        "pais": "ES",
        "aeropuerto": [
            26,
            43
        ]
    }
},
{
    "model": "apaeropuerto.aerolinea",
    "pk": 2,
    "fields": {
        "nombre": "Scene no yourself impact.",
        "codigo": "Big again.",
        "fecha_fundacion": "2002-01-06",
        "pais": "ES",
        "aeropuerto": [
            7,
            16,
            17,
            31,
            50
        ]
    }
},
{
    "model": "apaeropuerto.aerolinea",
    "pk": 3,
    "fields": {
        "nombre": "New perhaps firm itself people response much. Particular rock job near close.",
        "codigo": "Become.",
        "fecha_fundacion": "2018-05-16",
        "pais": "ES",
        "aeropuerto": [
            6,
            7,
            23,
            24,
            27,
            31,
            35,
            42
        ]
    }
},
{
    "model": "apaeropuerto.aerolinea",
    "pk": 4,
    "fields": {
        "nombre": "Woman pay wind bed store reality kid. Compare card worry cup maybe everyone range region.",
        "codigo": "Car.",
        "fecha_fundacion": "2014-07-12",
        "pais": "ES",
        "aeropuerto": [
            41
        ]
    }
},
{
    "model": "apaeropuerto.aerolinea",
    "pk": 5,
    "fields": {
        "nombre": "Run across strategy fall. Already ever know official benefit.",
        "codigo": "Company.",
        "fecha_fundacion": "2017-02-14",
        "pais": "ES",
        "aeropuerto": [
            13,
            14,
            16,
            17,
            18,
            26,
            31,
            35,
            49
        ]
    }
},
{
    "model": "apaeropuerto.aerolinea",
    "pk": 6,
    "fields": {
        "nombre": "Same turn Republican tonight now list none. Be box receive marriage purpose.",
        "codigo": "None.",
        "fecha_fundacion": "2024-05-15",
        "pais": "ES",
        "aeropuerto": [
            10
        ]
    }
},
{
    "model": "apaeropuerto.aerolinea",
    "pk": 7,
    "fields": {
        "nombre": "According explain receive production data. Gun when word we. This somebody religious happen.",
        "codigo": "Hold.",
        "fecha_fundacion": "1973-04-24",
        "pais": "ES",
        "aeropuerto": [
            17,
            41
        ]
    }
},
{
    "model": "apaeropuerto.aerolinea",
    "pk": 8,
    "fields": {
        "nombre": "Into go have girl. Find part after just. Everyone your firm day Mrs.",
        "codigo": "Open all.",
        "fecha_fundacion": "2003-03-09",
        "pais": "ES",
        "aeropuerto": [
            6,
            10,
            12,
            19,
            47
        ]
    }
},
{
    "model": "apaeropuerto.aerolinea",
    "pk": 9,
    "fields": {
        "nombre": "Their than customer money sea year. Direction group let fly discussion seem.",
        "codigo": "Wife.",
        "fecha_fundacion": "1989-02-27",
        "pais": "ES",
        "aeropuerto": [
            3,
            4,
            15,
            21,
            30,
            39,
            45,
            47
        ]
    }
},
{
    "model": "apaeropuerto.aerolinea",
    "pk": 10,
    "fields": {
        "nombre": "Low family market food partner thousand. Should himself professor point treatment key.",
        "codigo": "True best.",
        "fecha_fundacion": "1973-01-21",
        "pais": "ES",
        "aeropuerto": [
            5,
            21,
            30,
            44
        ]
    }
},
{
    "model": "apaeropuerto.aerolinea",
    "pk": 11,
    "fields": {
        "nombre": "Occur current occur nothing affect. Little break brother economy.",
        "codigo": "Degree.",
        "fecha_fundacion": "1971-09-10",
        "pais": "ES",
        "aeropuerto": [
            5,
            18,
            31
        ]
    }
},
{
    "model": "apaeropuerto.aerolinea",
    "pk": 12,
    "fields": {
        "nombre": "Because player move business drop. Admit design mission she.",
        "codigo": "Discuss.",
        "fecha_fundacion": "1991-09-23",
        "pais": "ES",
        "aeropuerto": [
            15
        ]
    }
},
{
    "model": "apaeropuerto.aerolinea",
    "pk": 13,
    "fields": {
        "nombre": "However image fly conference single share every scientist. Meet show throw from.",
        "codigo": "Any which.",
        "fecha_fundacion": "2003-04-29",
        "pais": "ES",
        "aeropuerto": [
            7,
            12,
            16,
            18,
            19,
            23,
            28,
            29,
            40,
            42
        ]
    }
},
{
    "model": "apaeropuerto.aerolinea",
    "pk": 14,
    "fields": {
        "nombre": "Learn plan moment when. Realize surface professor wear.",
        "codigo": "Cover.",
        "fecha_fundacion": "1970-05-31",
        "pais": "ES",
        "aeropuerto": [
            2,
            20,
            22,
            32,
            34,
            35,
            45,
            50
        ]
    }
},
{
    "model": "apaeropuerto.aerolinea",
    "pk": 15,
    "fields": {
        "nombre": "Who south difficult worry represent. Deal himself serve cut air never expect.",
        "codigo": "Process.",
        "fecha_fundacion": "2007-03-24",
        "pais": "ES",
        "aeropuerto": [
            10,
            15,
            41
        ]
    }
},
{
    "model": "apaeropuerto.aerolinea",
    "pk": 16,
    "fields": {
        "nombre": "Popular around national as cup better set. About responsibility including evidence laugh toward.",
        "codigo": "Range.",
        "fecha_fundacion": "1997-02-27",
        "pais": "ES",
        "aeropuerto": [
            2,
            20
        ]
    }
},
{
    "model": "apaeropuerto.aerolinea",
    "pk": 17,
    "fields": {
        "nombre": "Letter area think piece help thus common. Rest effort financial.",
        "codigo": "Mother.",
        "fecha_fundacion": "1971-11-17",
        "pais": "ES",
        "aeropuerto": [
            50
        ]
    }
},
{
    "model": "apaeropuerto.aerolinea",
    "pk": 18,
    "fields": {
        "nombre": "Employee describe such worry.\nEither federal wear able personal.",
        "codigo": "West.",
        "fecha_fundacion": "2007-10-08",
        "pais": "ES",
        "aeropuerto": [
            9,
            11,
            15,
            24,
            25,
            38,
            42,
            47
        ]
    }
},
{
    "model": "apaeropuerto.aerolinea",
    "pk": 19,
    "fields": {
        "nombre": "Black hour member up remember dinner nature. Human deep type door million. Raise box left attack.",
        "codigo": "Contain.",
        "fecha_fundacion": "2015-10-16",
        "pais": "ES",
        "aeropuerto": [
            2,
            10,
            12,
            17,
            25,
            28,
            35,
            38
        ]
    }
},
{
    "model": "apaeropuerto.aerolinea",
    "pk": 20,
    "fields": {
        "nombre": "Almost outside word watch. Understand standard religious. Enter guy computer so special.",
        "codigo": "Continue.",
        "fecha_fundacion": "2000-05-16",
        "pais": "ES",
        "aeropuerto": [
            7,
            15,
            44
        ]
    }
},
{
    "model": "apaeropuerto.aerolinea",
    "pk": 21,
    "fields": {
        "nombre": "Issue hour find town however. Prove project film over still south region.",
        "codigo": "Party.",
        "fecha_fundacion": "1988-02-17",
        "pais": "ES",
        "aeropuerto": [
            3,
            4,
            9,
            19,
            21,
            25,
            27,
            33,
            45,
            49
        ]
    }
},
{
    "model": "apaeropuerto.aerolinea",
    "pk": 22,
    "fields": {
        "nombre": "Increase should mind blood. Need mind recently expect nature still. Show book place.",
        "codigo": "Most show.",
        "fecha_fundacion": "1973-09-10",
        "pais": "ES",
        "aeropuerto": [
            4,
            28,
            29
        ]
    }
},
{
    "model": "apaeropuerto.aerolinea",
    "pk": 23,
    "fields": {
        "nombre": "While save manage major day. Commercial its outside painting cover.",
        "codigo": "Provide.",
        "fecha_fundacion": "1996-09-03",
        "pais": "ES",
        "aeropuerto": [
            1,
            16,
            24,
            36,
            40,
            46,
            49
        ]
    }
},
{
    "model": "apaeropuerto.aerolinea",
    "pk": 24,
    "fields": {
        "nombre": "Do soldier along option. Scene consumer party commercial quickly big. Laugh so must trip blue pull.",
        "codigo": "Some red.",
        "fecha_fundacion": "1996-10-31",
        "pais": "ES",
        "aeropuerto": [
            7,
            36,
            48
        ]
    }
},
{
    "model": "apaeropuerto.aerolinea",
    "pk": 25,
    "fields": {
        "nombre": "World name edge dream spend. Southern heavy miss success. Stand possible much.",
        "codigo": "If.",
        "fecha_fundacion": "1992-07-25",
        "pais": "ES",
        "aeropuerto": [
            17,
            18,
            21,
            33,
            48,
            50
        ]
    }
},
{
    "model": "apaeropuerto.aerolinea",
    "pk": 26,
    "fields": {
        "nombre": "Actually body use although focus. Yeah international stand. Our election house push behavior.",
        "codigo": "Throw.",
        "fecha_fundacion": "1997-03-11",
        "pais": "ES",
        "aeropuerto": [
            12,
            15,
            18,
            23,
            27,
            29,
            33,
            42,
            45,
            48
        ]
    }
},
{
    "model": "apaeropuerto.aerolinea",
    "pk": 27,
    "fields": {
        "nombre": "Admit event many. Kid bit unit society too.",
        "codigo": "Ahead.",
        "fecha_fundacion": "2021-06-15",
        "pais": "ES",
        "aeropuerto": [
            21
        ]
    }
},
{
    "model": "apaeropuerto.aerolinea",
    "pk": 28,
    "fields": {
        "nombre": "My painting choice region feel former Republican who.",
        "codigo": "Movement.",
        "fecha_fundacion": "1979-12-26",
        "pais": "ES",
        "aeropuerto": [
            5,
            39
        ]
    }
},
{
    "model": "apaeropuerto.aerolinea",
    "pk": 29,
    "fields": {
        "nombre": "Investment they whose man poor. Shoulder go modern list.",
        "codigo": "Natural.",
        "fecha_fundacion": "2012-05-25",
        "pais": "ES",
        "aeropuerto": [
            5,
            23,
            25,
            30,
            45,
            46
        ]
    }
},
{
    "model": "apaeropuerto.aerolinea",
    "pk": 30,
    "fields": {
        "nombre": "Foreign move agent dog people tree. Be have rock bit democratic apply.",
        "codigo": "Professor.",
        "fecha_fundacion": "1981-08-05",
        "pais": "ES",
        "aeropuerto": [
            1,
            2,
            5,
            10,
            11,
            14,
            26,
            36,
            48
        ]
    }
},
{
    "model": "apaeropuerto.aerolinea",
    "pk": 31,
    "fields": {
        "nombre": "Season on other. Look speech cost account itself.",
        "codigo": "Approach.",
        "fecha_fundacion": "2015-09-17",
        "pais": "ES",
        "aeropuerto": [
            4,
            8,
            14,
            18,
            31,
            32,
            49
        ]
    }
},
{
    "model": "apaeropuerto.aerolinea",
    "pk": 32,
    "fields": {
        "nombre": "Finally pass safe that son line. Talk dinner thank important trade bed girl. Often both ball.",
        "codigo": "Begin.",
        "fecha_fundacion": "1973-08-11",
        "pais": "ES",
        "aeropuerto": [
            2,
            7,
            9,
            11,
            12,
            14,
            18,
            25,
            47
        ]
    }
},
{
    "model": "apaeropuerto.aerolinea",
    "pk": 33,
    "fields": {
        "nombre": "Travel situation dark anything prove. Green never marriage.",
        "codigo": "Somebody.",
        "fecha_fundacion": "1983-12-24",
        "pais": "ES",
        "aeropuerto": [
            4,
            5,
            18,
            19,
            22,
            24,
            26,
            39,
            43
        ]
    }
},
{
    "model": "apaeropuerto.aerolinea",
    "pk": 34,
    "fields": {
        "nombre": "Difficult environmental worry style. Admit someone contain TV.",
        "codigo": "Worry oil.",
        "fecha_fundacion": "2004-02-03",
        "pais": "ES",
        "aeropuerto": [
            2,
            12,
            13,
            19,
            23,
            24,
            31,
            47,
            49,
            50
        ]
    }
},
{
    "model": "apaeropuerto.aerolinea",
    "pk": 35,
    "fields": {
        "nombre": "Building conference stand scene type Congress. Just even study allow.",
        "codigo": "Between.",
        "fecha_fundacion": "2016-08-26",
        "pais": "ES",
        "aeropuerto": [
            7,
            36,
            43
        ]
    }
},
{
    "model": "apaeropuerto.aerolinea",
    "pk": 36,
    "fields": {
        "nombre": "Whom attorney animal story. Care star bag role subject value collection any.",
        "codigo": "She chair.",
        "fecha_fundacion": "1975-12-26",
        "pais": "ES",
        "aeropuerto": [
            2,
            3,
            9,
            27,
            31,
            39,
            50
        ]
    }
},
{
    "model": "apaeropuerto.aerolinea",
    "pk": 37,
    "fields": {
        "nombre": "Doctor will Congress plant. Seven hundred hit good. While report particular my though.",
        "codigo": "Respond.",
        "fecha_fundacion": "1971-10-23",
        "pais": "ES",
        "aeropuerto": [
            3,
            4,
            7,
            10,
            24,
            32,
            33,
            37,
            44,
            46
        ]
    }
},
{
    "model": "apaeropuerto.aerolinea",
    "pk": 38,
    "fields": {
        "nombre": "Writer culture democratic election soon. Receive drive certain here or.",
        "codigo": "Rest know.",
        "fecha_fundacion": "1979-05-03",
        "pais": "ES",
        "aeropuerto": [
            38,
            44
        ]
    }
},
{
    "model": "apaeropuerto.aerolinea",
    "pk": 39,
    "fields": {
        "nombre": "Staff traditional interest throughout finally though rule.",
        "codigo": "Something.",
        "fecha_fundacion": "1997-03-25",
        "pais": "ES",
        "aeropuerto": [
            5,
            8
        ]
    }
},
{
    "model": "apaeropuerto.aerolinea",
    "pk": 40,
    "fields": {
        "nombre": "Alone bank push cut else. Police something recent establish.",
        "codigo": "One paper.",
        "fecha_fundacion": "2009-03-14",
        "pais": "ES",
        "aeropuerto": [
            1,
            6,
            11,
            14,
            19,
            21,
            31,
            41,
            45
        ]
    }
},
{
    "model": "apaeropuerto.aerolinea",
    "pk": 41,
    "fields": {
        "nombre": "Thus family nice together bit expect. Commercial likely impact low.",
        "codigo": "Various.",
        "fecha_fundacion": "1982-01-29",
        "pais": "ES",
        "aeropuerto": [
            2,
            8,
            14,
            25,
            27,
            35,
            46,
            47
        ]
    }
},
{
    "model": "apaeropuerto.aerolinea",
    "pk": 42,
    "fields": {
        "nombre": "Television small treat opportunity amount science second.",
        "codigo": "Read.",
        "fecha_fundacion": "1994-03-31",
        "pais": "ES",
        "aeropuerto": [
            12,
            20,
            21,
            33
        ]
    }
},
{
    "model": "apaeropuerto.aerolinea",
    "pk": 43,
    "fields": {
        "nombre": "These under top strategy group. Quite maybe away face move.",
        "codigo": "Establish.",
        "fecha_fundacion": "1994-11-02",
        "pais": "ES",
        "aeropuerto": [
            18,
            32,
            34,
            40,
            44
        ]
    }
},
{
    "model": "apaeropuerto.aerolinea",
    "pk": 44,
    "fields": {
        "nombre": "Threat professional sea past of. Who run ground either specific training.",
        "codigo": "Kid note.",
        "fecha_fundacion": "1972-10-12",
        "pais": "ES",
        "aeropuerto": [
            6,
            7,
            8,
            14,
            28,
            44,
            50
        ]
    }
},
{
    "model": "apaeropuerto.aerolinea",
    "pk": 45,
    "fields": {
        "nombre": "Edge church may you catch. Nation upon part budget fish. Mouth big lead partner state offer.",
        "codigo": "Evening.",
        "fecha_fundacion": "1982-12-28",
        "pais": "ES",
        "aeropuerto": [
            5,
            6,
            17,
            22,
            23,
            26,
            27,
            48
        ]
    }
},
{
    "model": "apaeropuerto.aerolinea",
    "pk": 46,
    "fields": {
        "nombre": "Whole interesting think travel quickly section. Head away boy identify boy and money.",
        "codigo": "General.",
        "fecha_fundacion": "1974-06-13",
        "pais": "ES",
        "aeropuerto": [
            3,
            7,
            11,
            22,
            26
        ]
    }
},
{
    "model": "apaeropuerto.aerolinea",
    "pk": 47,
    "fields": {
        "nombre": "Religious perhaps whole art. South threat machine away century. Total more they never.",
        "codigo": "Morning.",
        "fecha_fundacion": "2000-08-16",
        "pais": "ES",
        "aeropuerto": [
            1
        ]
    }
},
{
    "model": "apaeropuerto.aerolinea",
    "pk": 48,
    "fields": {
        "nombre": "Call natural line list claim clearly onto find. Interesting big toward southern us us a body.",
        "codigo": "West.",
        "fecha_fundacion": "1999-09-15",
        "pais": "ES",
        "aeropuerto": [
            7,
            20,
            36
        ]
    }
},
{
    "model": "apaeropuerto.aerolinea",
    "pk": 49,
    "fields": {
        "nombre": "Discuss many performance national agent third also bed. Another by help kind send rate director.",
        "codigo": "Book.",
        "fecha_fundacion": "2020-01-01",
        "pais": "ES",
        "aeropuerto": [
            13,
            22,
            27,
            32,
            35,
            40,
            41,
            44,
            47
        ]
    }
},
{
    "model": "apaeropuerto.aerolinea",
    "pk": 50,
    "fields": {
        "nombre": "Field firm especially media receive onto. Wish head wish law none.",
        "codigo": "Study.",
        "fecha_fundacion": "2019-07-17",
        "pais": "ES",
        "aeropuerto": [
            16
        ]
    }
},
{
    "model": "apaeropuerto.vuelo",
    "pk": 1,
    "fields": {
        "hora_salida": "1978-09-07T12:39:44.340",
        "hora_llegada": "1978-04-27T00:22:11.988",
        "estado": false,
        "duracion": "-134 11:42:27.648040",
        "origen": 17,
        "destino": 37
    }
},
{
    "model": "apaeropuerto.vuelo",
    "pk": 2,
    "fields": {
        "hora_salida": "2003-11-09T05:21:17.976",
        "hora_llegada": "2014-10-16T03:01:46.671",
        "estado": true,
        "duracion": "3993 21:40:28.695410",
        "origen": 17,
        "destino": 7
    }
},
{
    "model": "apaeropuerto.vuelo",
    "pk": 3,
    "fields": {
        "hora_salida": "1971-06-05T15:29:44.242",
        "hora_llegada": "2009-02-18T03:25:51.850",
        "estado": true,
        "duracion": "13772 11:56:07.608406",
        "origen": 30,
        "destino": 47
    }
},
{
    "model": "apaeropuerto.vuelo",
    "pk": 4,
    "fields": {
        "hora_salida": "2002-02-28T03:23:37.194",
        "hora_llegada": "1999-10-17T12:55:13.192",
        "estado": true,
        "duracion": "-865 09:31:35.998622",
        "origen": 20,
        "destino": 31
    }
},
{
    "model": "apaeropuerto.vuelo",
    "pk": 5,
    "fields": {
        "hora_salida": "2000-08-22T01:50:03.349",
        "hora_llegada": "2008-10-27T03:29:40.939",
        "estado": false,
        "duracion": "2988 01:39:37.590290",
        "origen": 22,
        "destino": 49
    }
},
{
    "model": "apaeropuerto.vuelo",
    "pk": 6,
    "fields": {
        "hora_salida": "1975-07-23T07:35:37.403",
        "hora_llegada": "1984-10-29T19:16:54.895",
        "estado": false,
        "duracion": "3386 11:41:17.492273",
        "origen": 21,
        "destino": 15
    }
},
{
    "model": "apaeropuerto.vuelo",
    "pk": 7,
    "fields": {
        "hora_salida": "2011-11-30T07:05:27.651",
        "hora_llegada": "1975-07-20T14:11:32.662",
        "estado": true,
        "duracion": "-13282 07:06:05.010962",
        "origen": 39,
        "destino": 35
    }
},
{
    "model": "apaeropuerto.vuelo",
    "pk": 8,
    "fields": {
        "hora_salida": "1975-08-25T09:50:02.211",
        "hora_llegada": "1994-08-09T03:54:23.798",
        "estado": false,
        "duracion": "6923 18:04:21.586903",
        "origen": 16,
        "destino": 4
    }
},
{
    "model": "apaeropuerto.vuelo",
    "pk": 9,
    "fields": {
        "hora_salida": "1999-01-28T18:33:23.608",
        "hora_llegada": "1978-03-23T09:44:07.207",
        "estado": false,
        "duracion": "-7617 15:10:43.598522",
        "origen": 24,
        "destino": 17
    }
},
{
    "model": "apaeropuerto.vuelo",
    "pk": 10,
    "fields": {
        "hora_salida": "2014-04-02T05:41:28.643",
        "hora_llegada": "2002-09-22T17:45:09.341",
        "estado": true,
        "duracion": "-4210 12:03:40.697604",
        "origen": 8,
        "destino": 1
    }
},
{
    "model": "apaeropuerto.vuelo",
    "pk": 11,
    "fields": {
        "hora_salida": "2015-12-20T08:19:07.704",
        "hora_llegada": "1973-08-22T23:04:56.797",
        "estado": true,
        "duracion": "-15460 14:45:49.092803",
        "origen": 30,
        "destino": 35
    }
},
{
    "model": "apaeropuerto.vuelo",
    "pk": 12,
    "fields": {
        "hora_salida": "1983-10-10T17:51:52.607",
        "hora_llegada": "1983-05-25T02:45:37.193",
        "estado": false,
        "duracion": "-139 08:53:44.586292",
        "origen": 7,
        "destino": 4
    }
},
{
    "model": "apaeropuerto.vuelo",
    "pk": 13,
    "fields": {
        "hora_salida": "2006-10-30T03:24:58.851",
        "hora_llegada": "2014-07-16T20:38:06.203",
        "estado": false,
        "duracion": "2816 17:13:07.351557",
        "origen": 23,
        "destino": 28
    }
},
{
    "model": "apaeropuerto.vuelo",
    "pk": 14,
    "fields": {
        "hora_salida": "2000-08-22T07:44:26.985",
        "hora_llegada": "1979-02-13T09:40:27.546",
        "estado": true,
        "duracion": "-7861 01:56:00.560918",
        "origen": 24,
        "destino": 15
    }
},
{
    "model": "apaeropuerto.vuelo",
    "pk": 15,
    "fields": {
        "hora_salida": "1983-06-14T10:57:55.081",
        "hora_llegada": "1983-11-30T14:18:09.792",
        "estado": true,
        "duracion": "169 03:20:14.710942",
        "origen": 1,
        "destino": 48
    }
},
{
    "model": "apaeropuerto.vuelo",
    "pk": 16,
    "fields": {
        "hora_salida": "1993-01-29T07:34:40.457",
        "hora_llegada": "1970-04-19T11:13:55.536",
        "estado": false,
        "duracion": "-8321 03:39:15.079046",
        "origen": 42,
        "destino": 7
    }
},
{
    "model": "apaeropuerto.vuelo",
    "pk": 17,
    "fields": {
        "hora_salida": "2004-03-22T00:44:02.026",
        "hora_llegada": "2021-11-21T10:11:33.608",
        "estado": false,
        "duracion": "6453 09:27:31.581440",
        "origen": 22,
        "destino": 35
    }
},
{
    "model": "apaeropuerto.vuelo",
    "pk": 18,
    "fields": {
        "hora_salida": "2003-01-28T19:50:54.212",
        "hora_llegada": "1971-01-24T14:56:28.138",
        "estado": true,
        "duracion": "-11693 19:05:33.925570",
        "origen": 25,
        "destino": 20
    }
},
{
    "model": "apaeropuerto.vuelo",
    "pk": 19,
    "fields": {
        "hora_salida": "1981-02-21T18:58:48.950",
        "hora_llegada": "1988-11-24T18:54:50.299",
        "estado": true,
        "duracion": "2832 23:56:01.349334",
        "origen": 41,
        "destino": 44
    }
},
{
    "model": "apaeropuerto.vuelo",
    "pk": 20,
    "fields": {
        "hora_salida": "2006-11-22T16:02:15.303",
        "hora_llegada": "1985-08-26T18:22:01.481",
        "estado": true,
        "duracion": "-7758 02:19:46.178154",
        "origen": 49,
        "destino": 27
    }
},
{
    "model": "apaeropuerto.vuelo",
    "pk": 21,
    "fields": {
        "hora_salida": "1990-08-11T15:48:42.142",
        "hora_llegada": "2011-03-31T09:31:35.059",
        "estado": true,
        "duracion": "7536 17:42:52.916655",
        "origen": 41,
        "destino": 24
    }
},
{
    "model": "apaeropuerto.vuelo",
    "pk": 22,
    "fields": {
        "hora_salida": "1988-03-27T21:28:21.943",
        "hora_llegada": "2006-12-15T02:05:16.715",
        "estado": true,
        "duracion": "6836 04:36:54.772757",
        "origen": 11,
        "destino": 31
    }
},
{
    "model": "apaeropuerto.vuelo",
    "pk": 23,
    "fields": {
        "hora_salida": "1991-07-09T06:51:25.230",
        "hora_llegada": "1988-01-13T06:01:09.019",
        "estado": true,
        "duracion": "-1274 23:09:43.788814",
        "origen": 45,
        "destino": 15
    }
},
{
    "model": "apaeropuerto.vuelo",
    "pk": 24,
    "fields": {
        "hora_salida": "2005-02-12T22:19:55.652",
        "hora_llegada": "1984-05-11T15:55:09.910",
        "estado": true,
        "duracion": "-7583 17:35:14.257617",
        "origen": 16,
        "destino": 50
    }
},
{
    "model": "apaeropuerto.vuelo",
    "pk": 25,
    "fields": {
        "hora_salida": "2022-08-11T18:41:01.493",
        "hora_llegada": "1998-03-24T06:39:37.601",
        "estado": true,
        "duracion": "-8907 11:58:36.108059",
        "origen": 13,
        "destino": 10
    }
},
{
    "model": "apaeropuerto.vuelo",
    "pk": 26,
    "fields": {
        "hora_salida": "1976-06-03T06:19:53.831",
        "hora_llegada": "1990-04-07T18:06:45.414",
        "estado": true,
        "duracion": "5056 11:46:51.582931",
        "origen": 29,
        "destino": 50
    }
},
{
    "model": "apaeropuerto.vuelo",
    "pk": 27,
    "fields": {
        "hora_salida": "2001-12-05T06:13:25.809",
        "hora_llegada": "2002-06-08T00:55:26.524",
        "estado": true,
        "duracion": "184 18:42:00.714818",
        "origen": 6,
        "destino": 49
    }
},
{
    "model": "apaeropuerto.vuelo",
    "pk": 28,
    "fields": {
        "hora_salida": "1988-01-24T00:42:11.507",
        "hora_llegada": "1990-11-28T11:25:27.960",
        "estado": false,
        "duracion": "1039 10:43:16.453439",
        "origen": 32,
        "destino": 25
    }
},
{
    "model": "apaeropuerto.vuelo",
    "pk": 29,
    "fields": {
        "hora_salida": "1975-03-05T21:58:35.035",
        "hora_llegada": "1978-05-12T15:13:37.077",
        "estado": false,
        "duracion": "1163 17:15:02.041708",
        "origen": 45,
        "destino": 4
    }
},
{
    "model": "apaeropuerto.vuelo",
    "pk": 30,
    "fields": {
        "hora_salida": "1994-02-15T21:53:26.674",
        "hora_llegada": "1994-04-24T15:53:58.569",
        "estado": true,
        "duracion": "67 18:00:31.895060",
        "origen": 42,
        "destino": 10
    }
},
{
    "model": "apaeropuerto.vuelo",
    "pk": 31,
    "fields": {
        "hora_salida": "1997-05-30T13:32:21.974",
        "hora_llegada": "1998-08-15T20:13:09.063",
        "estado": false,
        "duracion": "442 06:40:47.088231",
        "origen": 28,
        "destino": 23
    }
},
{
    "model": "apaeropuerto.vuelo",
    "pk": 32,
    "fields": {
        "hora_salida": "1977-09-30T15:38:54.210",
        "hora_llegada": "2005-09-04T07:31:46.427",
        "estado": false,
        "duracion": "10200 15:52:52.216973",
        "origen": 34,
        "destino": 19
    }
},
{
    "model": "apaeropuerto.vuelo",
    "pk": 33,
    "fields": {
        "hora_salida": "1982-12-02T01:44:22.681",
        "hora_llegada": "2010-04-23T06:30:11.926",
        "estado": false,
        "duracion": "10004 04:45:49.244754",
        "origen": 16,
        "destino": 43
    }
},
{
    "model": "apaeropuerto.vuelo",
    "pk": 34,
    "fields": {
        "hora_salida": "1975-10-09T09:44:25.759",
        "hora_llegada": "1982-06-05T03:05:29.521",
        "estado": true,
        "duracion": "2430 17:21:03.762670",
        "origen": 26,
        "destino": 13
    }
},
{
    "model": "apaeropuerto.vuelo",
    "pk": 35,
    "fields": {
        "hora_salida": "2016-12-06T13:14:21.867",
        "hora_llegada": "2021-02-26T15:30:04.729",
        "estado": true,
        "duracion": "1543 02:15:42.862793",
        "origen": 9,
        "destino": 18
    }
},
{
    "model": "apaeropuerto.vuelo",
    "pk": 36,
    "fields": {
        "hora_salida": "1990-04-05T12:56:58.845",
        "hora_llegada": "1979-12-23T10:46:32.006",
        "estado": false,
        "duracion": "-3757 21:49:33.160584",
        "origen": 3,
        "destino": 44
    }
},
{
    "model": "apaeropuerto.vuelo",
    "pk": 37,
    "fields": {
        "hora_salida": "2021-06-08T16:39:35.961",
        "hora_llegada": "1975-02-22T06:16:15.029",
        "estado": false,
        "duracion": "-16909 13:36:39.067730",
        "origen": 16,
        "destino": 48
    }
},
{
    "model": "apaeropuerto.vuelo",
    "pk": 38,
    "fields": {
        "hora_salida": "1979-09-15T23:51:17.431",
        "hora_llegada": "2011-07-15T09:03:28.623",
        "estado": false,
        "duracion": "11625 09:12:11.191312",
        "origen": 18,
        "destino": 28
    }
},
{
    "model": "apaeropuerto.vuelo",
    "pk": 39,
    "fields": {
        "hora_salida": "1976-06-01T17:51:01.107",
        "hora_llegada": "1985-04-20T21:09:08.652",
        "estado": false,
        "duracion": "3245 03:18:07.544830",
        "origen": 24,
        "destino": 32
    }
},
{
    "model": "apaeropuerto.vuelo",
    "pk": 40,
    "fields": {
        "hora_salida": "1979-10-09T10:59:49.543",
        "hora_llegada": "2001-09-09T14:00:16.205",
        "estado": false,
        "duracion": "8006 03:00:26.662211",
        "origen": 49,
        "destino": 31
    }
},
{
    "model": "apaeropuerto.vuelo",
    "pk": 41,
    "fields": {
        "hora_salida": "1978-04-25T04:39:09.138",
        "hora_llegada": "1976-04-13T18:49:26.309",
        "estado": false,
        "duracion": "-742 14:10:17.171382",
        "origen": 43,
        "destino": 3
    }
},
{
    "model": "apaeropuerto.vuelo",
    "pk": 42,
    "fields": {
        "hora_salida": "1973-09-08T06:02:32.877",
        "hora_llegada": "1996-09-11T09:04:06.944",
        "estado": false,
        "duracion": "8404 03:01:34.066478",
        "origen": 24,
        "destino": 3
    }
},
{
    "model": "apaeropuerto.vuelo",
    "pk": 43,
    "fields": {
        "hora_salida": "2010-04-24T09:49:30.298",
        "hora_llegada": "2001-11-11T05:03:50.265",
        "estado": false,
        "duracion": "-3087 19:14:19.967095",
        "origen": 9,
        "destino": 45
    }
},
{
    "model": "apaeropuerto.vuelo",
    "pk": 44,
    "fields": {
        "hora_salida": "2012-11-13T13:02:39.250",
        "hora_llegada": "1978-01-29T01:56:16.144",
        "estado": true,
        "duracion": "-12708 12:53:36.893251",
        "origen": 28,
        "destino": 30
    }
},
{
    "model": "apaeropuerto.vuelo",
    "pk": 45,
    "fields": {
        "hora_salida": "2008-07-27T14:43:48.764",
        "hora_llegada": "2009-12-28T22:02:29.832",
        "estado": true,
        "duracion": "519 07:18:41.068184",
        "origen": 11,
        "destino": 3
    }
},
{
    "model": "apaeropuerto.vuelo",
    "pk": 46,
    "fields": {
        "hora_salida": "2023-04-28T00:20:35.367",
        "hora_llegada": "1974-05-11T11:52:50.926",
        "estado": false,
        "duracion": "-17884 11:32:15.559068",
        "origen": 5,
        "destino": 50
    }
},
{
    "model": "apaeropuerto.vuelo",
    "pk": 47,
    "fields": {
        "hora_salida": "2012-05-23T22:15:50.304",
        "hora_llegada": "1978-10-29T19:26:45.491",
        "estado": false,
        "duracion": "-12261 21:10:55.187598",
        "origen": 23,
        "destino": 26
    }
},
{
    "model": "apaeropuerto.vuelo",
    "pk": 48,
    "fields": {
        "hora_salida": "2015-05-27T01:50:01.328",
        "hora_llegada": "2013-12-11T08:03:56.825",
        "estado": true,
        "duracion": "-532 06:13:55.497682",
        "origen": 39,
        "destino": 24
    }
},
{
    "model": "apaeropuerto.vuelo",
    "pk": 49,
    "fields": {
        "hora_salida": "2010-02-09T22:47:23.765",
        "hora_llegada": "2016-09-21T09:07:03.736",
        "estado": false,
        "duracion": "2415 10:19:39.970863",
        "origen": 21,
        "destino": 28
    }
},
{
    "model": "apaeropuerto.vuelo",
    "pk": 50,
    "fields": {
        "hora_salida": "1999-03-12T04:01:17.310",
        "hora_llegada": "2013-09-22T03:52:59.277",
        "estado": true,
        "duracion": "5307 23:51:41.967006",
        "origen": 35,
        "destino": 10
    }
},
{
    "model": "apaeropuerto.vuelo",
    "pk": 51,
    "fields": {
        "hora_salida": "2024-10-30T16:17:52",
        "hora_llegada": "2024-10-31T16:17:55",
        "estado": true,
        "duracion": "1 00:00:03",
        "origen": 1,
        "destino": 2
    }
},
{
    "model": "apaeropuerto.vuelo",
    "pk": 52,
    "fields": {
        "hora_salida": "2024-10-30T16:18:13",
        "hora_llegada": "2024-10-30T18:00:00",
        "estado": false,
        "duracion": "01:41:47",
        "origen": 1,
        "destino": 2
    }
},
{
    "model": "apaeropuerto.vuelo",
    "pk": 53,
    "fields": {
        "hora_salida": "2024-10-01T15:25:37",
        "hora_llegada": "2024-10-16T15:25:40",
        "estado": true,
        "duracion": "15 00:00:03",
        "origen": 17,
        "destino": 37
    }
},
{
    "model": "apaeropuerto.vuelo",
    "pk": 54,
    "fields": {
        "hora_salida": "2024-10-31T17:54:32",
        "hora_llegada": "2024-10-31T17:54:33",
        "estado": true,
        "duracion": "00:00:01",
        "origen": 1,
        "destino": 2
    }
},
{
    "model": "apaeropuerto.estadisticasvuelo",
    "pk": 1,
    "fields": {
        "fecha_estadisticas": "1974-01-18",
        "numero_asientos_vendidos": -23993,
        "numero_cancelaciones": 14283,
        "feedback_pasajeros": "Appear government store lose day research boy.\nSong say administration. As forget nice wait study can owner theory. Couple authority order.",
        "vuelo": 2
    }
},
{
    "model": "apaeropuerto.estadisticasvuelo",
    "pk": 2,
    "fields": {
        "fecha_estadisticas": "1979-10-07",
        "numero_asientos_vendidos": 10116,
        "numero_cancelaciones": 2271,
        "feedback_pasajeros": "Not position avoid sing area her author. New film without administration. Type society road environmental page oil.",
        "vuelo": 46
    }
},
{
    "model": "apaeropuerto.estadisticasvuelo",
    "pk": 3,
    "fields": {
        "fecha_estadisticas": "2003-06-29",
        "numero_asientos_vendidos": 3652,
        "numero_cancelaciones": 11021,
        "feedback_pasajeros": "Least dream state. Technology spring in special rise. Republican ask happen issue indeed budget.",
        "vuelo": 14
    }
},
{
    "model": "apaeropuerto.estadisticasvuelo",
    "pk": 4,
    "fields": {
        "fecha_estadisticas": "1999-10-06",
        "numero_asientos_vendidos": 29142,
        "numero_cancelaciones": -11430,
        "feedback_pasajeros": "Yet director stock southern huge fund. Shake daughter Mrs lot down. Thousand government rise commercial member.\nState choice yourself politics generation. We contain reality its consider safe.",
        "vuelo": 26
    }
},
{
    "model": "apaeropuerto.estadisticasvuelo",
    "pk": 5,
    "fields": {
        "fecha_estadisticas": "1971-01-05",
        "numero_asientos_vendidos": 1801,
        "numero_cancelaciones": -3714,
        "feedback_pasajeros": "Go lot think camera. Population nice run.\nChallenge collection finally. World final PM the sometimes condition.",
        "vuelo": 30
    }
},
{
    "model": "apaeropuerto.estadisticasvuelo",
    "pk": 6,
    "fields": {
        "fecha_estadisticas": "2004-05-27",
        "numero_asientos_vendidos": -26338,
        "numero_cancelaciones": 31872,
        "feedback_pasajeros": "Lay only story budget my. Soon compare must cause health.\nAway same ten dream employee. Radio look officer physical fall art major. Low purpose type statement.",
        "vuelo": 44
    }
},
{
    "model": "apaeropuerto.estadisticasvuelo",
    "pk": 7,
    "fields": {
        "fecha_estadisticas": "1991-11-18",
        "numero_asientos_vendidos": -14459,
        "numero_cancelaciones": -6383,
        "feedback_pasajeros": "Usually serve answer country.\nSo expert cultural what quality. Might likely since individual alone while. Success not she call clearly better. Food everyone drive result its.",
        "vuelo": 19
    }
},
{
    "model": "apaeropuerto.estadisticasvuelo",
    "pk": 8,
    "fields": {
        "fecha_estadisticas": "2012-10-17",
        "numero_asientos_vendidos": -6067,
        "numero_cancelaciones": -5504,
        "feedback_pasajeros": "Officer federal tonight begin skin finish. Point great plan budget.\nPressure because follow position stand her big thought. Place campaign resource within.",
        "vuelo": 4
    }
},
{
    "model": "apaeropuerto.estadisticasvuelo",
    "pk": 9,
    "fields": {
        "fecha_estadisticas": "2021-04-25",
        "numero_asientos_vendidos": 26707,
        "numero_cancelaciones": -32104,
        "feedback_pasajeros": "Individual daughter discover. Stay cup plant game.\nKitchen also believe those. Couple provide thousand just but. Operation charge try quickly while lead generation through.",
        "vuelo": 22
    }
},
{
    "model": "apaeropuerto.estadisticasvuelo",
    "pk": 10,
    "fields": {
        "fecha_estadisticas": "1985-05-26",
        "numero_asientos_vendidos": 31458,
        "numero_cancelaciones": -32745,
        "feedback_pasajeros": "Three according woman structure than. Recognize window wish to himself house wall.\nOrganization fall whether card. Test voice guy clear eye.",
        "vuelo": 17
    }
},
{
    "model": "apaeropuerto.estadisticasvuelo",
    "pk": 11,
    "fields": {
        "fecha_estadisticas": "1989-04-14",
        "numero_asientos_vendidos": -17337,
        "numero_cancelaciones": 11455,
        "feedback_pasajeros": "Need pay quickly increase above. Stand skill any. Movement dark teacher inside.\nMr free might everything. Fill age our eat.",
        "vuelo": 28
    }
},
{
    "model": "apaeropuerto.estadisticasvuelo",
    "pk": 12,
    "fields": {
        "fecha_estadisticas": "1998-04-29",
        "numero_asientos_vendidos": 26414,
        "numero_cancelaciones": 30679,
        "feedback_pasajeros": "Early laugh laugh stay firm to truth. Tax pressure left cover.",
        "vuelo": 33
    }
},
{
    "model": "apaeropuerto.estadisticasvuelo",
    "pk": 13,
    "fields": {
        "fecha_estadisticas": "1981-07-30",
        "numero_asientos_vendidos": 17810,
        "numero_cancelaciones": -19683,
        "feedback_pasajeros": "Join law trade thank accept across rest. Ready cold theory player large draw including wife.\nDemocratic total month road mention. Speak official modern business growth. Go whatever shake two.",
        "vuelo": 42
    }
},
{
    "model": "apaeropuerto.estadisticasvuelo",
    "pk": 14,
    "fields": {
        "fecha_estadisticas": "1996-03-14",
        "numero_asientos_vendidos": 19340,
        "numero_cancelaciones": -13728,
        "feedback_pasajeros": "Control marriage police offer matter.\nMedical television even seven identify argue. Cup occur explain whether recent there pass conference.",
        "vuelo": 15
    }
},
{
    "model": "apaeropuerto.estadisticasvuelo",
    "pk": 15,
    "fields": {
        "fecha_estadisticas": "1991-02-22",
        "numero_asientos_vendidos": 9066,
        "numero_cancelaciones": 32321,
        "feedback_pasajeros": "Another lawyer town tax away. Investment charge rest.",
        "vuelo": 31
    }
},
{
    "model": "apaeropuerto.estadisticasvuelo",
    "pk": 16,
    "fields": {
        "fecha_estadisticas": "2017-01-21",
        "numero_asientos_vendidos": -17418,
        "numero_cancelaciones": 27413,
        "feedback_pasajeros": "Painting find owner nature type their easy. Language someone exist its green.\nAmong price wait sport old bring detail.",
        "vuelo": 6
    }
},
{
    "model": "apaeropuerto.estadisticasvuelo",
    "pk": 17,
    "fields": {
        "fecha_estadisticas": "1984-06-29",
        "numero_asientos_vendidos": -18611,
        "numero_cancelaciones": -16345,
        "feedback_pasajeros": "Bar include hit continue. Open too medical. Probably buy smile hospital Mr option use.\nWind song as floor. Close together region hospital expect add. Reveal gun character financial.",
        "vuelo": 34
    }
},
{
    "model": "apaeropuerto.estadisticasvuelo",
    "pk": 18,
    "fields": {
        "fecha_estadisticas": "1990-12-27",
        "numero_asientos_vendidos": -30536,
        "numero_cancelaciones": 26092,
        "feedback_pasajeros": "Election fact nice. Himself defense wife hot.\nMagazine black your present. Out president free own.\nCountry side just eat speak wait. Heavy well southern couple TV with argue.",
        "vuelo": 12
    }
},
{
    "model": "apaeropuerto.estadisticasvuelo",
    "pk": 19,
    "fields": {
        "fecha_estadisticas": "1978-11-29",
        "numero_asientos_vendidos": -17874,
        "numero_cancelaciones": 15603,
        "feedback_pasajeros": "Child contain seek song eight. Practice people likely recognize.\nReligious mission shake care. World pay establish reduce book.",
        "vuelo": 3
    }
},
{
    "model": "apaeropuerto.estadisticasvuelo",
    "pk": 20,
    "fields": {
        "fecha_estadisticas": "2023-12-10",
        "numero_asientos_vendidos": 2923,
        "numero_cancelaciones": -9315,
        "feedback_pasajeros": "Of president six. Maintain contain with improve travel market. Billion rise opportunity receive. Tree music side rest may provide performance.",
        "vuelo": 11
    }
},
{
    "model": "apaeropuerto.estadisticasvuelo",
    "pk": 21,
    "fields": {
        "fecha_estadisticas": "1985-07-26",
        "numero_asientos_vendidos": -8395,
        "numero_cancelaciones": 31388,
        "feedback_pasajeros": "First student industry this several without process partner. Stop deal discover third. Similar lay strong movement class single.",
        "vuelo": 48
    }
},
{
    "model": "apaeropuerto.estadisticasvuelo",
    "pk": 22,
    "fields": {
        "fecha_estadisticas": "1981-06-12",
        "numero_asientos_vendidos": -14341,
        "numero_cancelaciones": -2549,
        "feedback_pasajeros": "Threat work beat knowledge. Discussion drive wrong news forward.\nCandidate memory always write notice middle. Father early possible.\nStory nothing feel. Party east adult including health long field.",
        "vuelo": 39
    }
},
{
    "model": "apaeropuerto.estadisticasvuelo",
    "pk": 23,
    "fields": {
        "fecha_estadisticas": "1972-03-28",
        "numero_asientos_vendidos": 31723,
        "numero_cancelaciones": -16357,
        "feedback_pasajeros": "Sort onto top far Mr party.\nVote beat add serious note clear expert. Coach before hit lay image interesting.\nSell require toward whatever off. Speech clear themselves it large.",
        "vuelo": 1
    }
},
{
    "model": "apaeropuerto.estadisticasvuelo",
    "pk": 24,
    "fields": {
        "fecha_estadisticas": "1990-11-09",
        "numero_asientos_vendidos": 11387,
        "numero_cancelaciones": -16193,
        "feedback_pasajeros": "Program reduce sound glass kind far lead report. Voice he policy benefit. Human guess visit fire.\nBoth there important how where one hold.",
        "vuelo": 16
    }
},
{
    "model": "apaeropuerto.estadisticasvuelo",
    "pk": 25,
    "fields": {
        "fecha_estadisticas": "2024-01-26",
        "numero_asientos_vendidos": -4635,
        "numero_cancelaciones": -24845,
        "feedback_pasajeros": "Car issue must century. Instead speak peace know contain cost into. Score culture identify collection wide religious guy.",
        "vuelo": 43
    }
},
{
    "model": "apaeropuerto.estadisticasvuelo",
    "pk": 26,
    "fields": {
        "fecha_estadisticas": "2010-05-30",
        "numero_asientos_vendidos": -19695,
        "numero_cancelaciones": 3274,
        "feedback_pasajeros": "Attention get seat everybody claim note.\nBehavior identify company but radio company answer. Provide behind finally piece. Get ability listen drive.",
        "vuelo": 49
    }
},
{
    "model": "apaeropuerto.estadisticasvuelo",
    "pk": 27,
    "fields": {
        "fecha_estadisticas": "2010-10-04",
        "numero_asientos_vendidos": -4013,
        "numero_cancelaciones": -16371,
        "feedback_pasajeros": "Spend run owner attack often. That society change southern factor carry.\nLay our else radio. Alone picture response cell letter information paper. Civil effort cover charge summer treat.",
        "vuelo": 38
    }
},
{
    "model": "apaeropuerto.estadisticasvuelo",
    "pk": 28,
    "fields": {
        "fecha_estadisticas": "2014-06-02",
        "numero_asientos_vendidos": -11283,
        "numero_cancelaciones": -29446,
        "feedback_pasajeros": "Serious specific speak my. Course when operation certain political. Election particular method stuff.",
        "vuelo": 45
    }
},
{
    "model": "apaeropuerto.estadisticasvuelo",
    "pk": 29,
    "fields": {
        "fecha_estadisticas": "1996-07-22",
        "numero_asientos_vendidos": 26868,
        "numero_cancelaciones": -15884,
        "feedback_pasajeros": "Rate sure big magazine player ground. Economic national analysis hand president will as seek.\nReport raise same focus yes difference. But early ball quickly less hot. Mean responsibility staff whole.",
        "vuelo": 25
    }
},
{
    "model": "apaeropuerto.estadisticasvuelo",
    "pk": 30,
    "fields": {
        "fecha_estadisticas": "2017-03-07",
        "numero_asientos_vendidos": -4714,
        "numero_cancelaciones": 22790,
        "feedback_pasajeros": "Responsibility wish election effort American dark candidate. Road long action result large.\nBar occur maybe statement. Blue success moment edge their.",
        "vuelo": 47
    }
},
{
    "model": "apaeropuerto.estadisticasvuelo",
    "pk": 31,
    "fields": {
        "fecha_estadisticas": "1993-02-23",
        "numero_asientos_vendidos": -941,
        "numero_cancelaciones": -7691,
        "feedback_pasajeros": "Trial some run. About change window phone maybe see.\nOpportunity clearly wear race. Top appear low forward. Home sort figure computer themselves painting hotel together.",
        "vuelo": 23
    }
},
{
    "model": "apaeropuerto.estadisticasvuelo",
    "pk": 32,
    "fields": {
        "fecha_estadisticas": "1980-07-10",
        "numero_asientos_vendidos": 32093,
        "numero_cancelaciones": -19577,
        "feedback_pasajeros": "Own same source court. Music employee research nor fast in defense. Development maybe word shake push tonight police myself.",
        "vuelo": 9
    }
},
{
    "model": "apaeropuerto.estadisticasvuelo",
    "pk": 33,
    "fields": {
        "fecha_estadisticas": "1972-11-25",
        "numero_asientos_vendidos": 29666,
        "numero_cancelaciones": 14500,
        "feedback_pasajeros": "Question describe product box. Apply doctor game each something trade ground many. Several professor line wait former maintain.",
        "vuelo": 10
    }
},
{
    "model": "apaeropuerto.estadisticasvuelo",
    "pk": 34,
    "fields": {
        "fecha_estadisticas": "1989-06-26",
        "numero_asientos_vendidos": -24513,
        "numero_cancelaciones": 31627,
        "feedback_pasajeros": "Allow form everything environment some meeting. Visit need impact owner.\nAttorney allow watch economic. Economic evening standard could him.",
        "vuelo": 27
    }
},
{
    "model": "apaeropuerto.estadisticasvuelo",
    "pk": 35,
    "fields": {
        "fecha_estadisticas": "2013-10-22",
        "numero_asientos_vendidos": -5196,
        "numero_cancelaciones": 4782,
        "feedback_pasajeros": "Bit hospital mother technology security country. Do fund budget.\nWoman center certainly notice. School painting message easy.\nDemocrat dream range under blue. Away guess energy reveal politics.",
        "vuelo": 13
    }
},
{
    "model": "apaeropuerto.estadisticasvuelo",
    "pk": 36,
    "fields": {
        "fecha_estadisticas": "1990-07-10",
        "numero_asientos_vendidos": 6050,
        "numero_cancelaciones": -22850,
        "feedback_pasajeros": "Class turn poor. Political do sea quite medical expect then seek.\nIn break business beautiful organization.",
        "vuelo": 21
    }
},
{
    "model": "apaeropuerto.estadisticasvuelo",
    "pk": 37,
    "fields": {
        "fecha_estadisticas": "2013-11-08",
        "numero_asientos_vendidos": 16860,
        "numero_cancelaciones": 30943,
        "feedback_pasajeros": "Program southern sister watch never collection land. Standard across worker board.",
        "vuelo": 50
    }
},
{
    "model": "apaeropuerto.estadisticasvuelo",
    "pk": 38,
    "fields": {
        "fecha_estadisticas": "1991-12-13",
        "numero_asientos_vendidos": 15872,
        "numero_cancelaciones": -1464,
        "feedback_pasajeros": "According economy doctor near language owner. Series national surface check media. Name front let red air suggest risk.\nSomebody executive soon can thousand. Believe green human huge boy both.",
        "vuelo": 40
    }
},
{
    "model": "apaeropuerto.estadisticasvuelo",
    "pk": 39,
    "fields": {
        "fecha_estadisticas": "1975-06-08",
        "numero_asientos_vendidos": -29465,
        "numero_cancelaciones": 22145,
        "feedback_pasajeros": "Cover interesting test suddenly cell involve wall. Very mind least decide if plant never. Next sound past deal total. Then size create.",
        "vuelo": 35
    }
},
{
    "model": "apaeropuerto.estadisticasvuelo",
    "pk": 40,
    "fields": {
        "fecha_estadisticas": "1993-09-14",
        "numero_asientos_vendidos": 11782,
        "numero_cancelaciones": 4020,
        "feedback_pasajeros": "Forward have actually east wait. Ground day sit assume avoid defense. Tree light team reflect chair.\nWater personal often everybody. Store push scene will develop.",
        "vuelo": 24
    }
},
{
    "model": "apaeropuerto.estadisticasvuelo",
    "pk": 41,
    "fields": {
        "fecha_estadisticas": "1992-09-15",
        "numero_asientos_vendidos": -14169,
        "numero_cancelaciones": 4783,
        "feedback_pasajeros": "Plan administration fill charge foreign. Talk help statement in.\nNation employee character exist. Amount every recognize sell.",
        "vuelo": 20
    }
},
{
    "model": "apaeropuerto.estadisticasvuelo",
    "pk": 42,
    "fields": {
        "fecha_estadisticas": "2002-06-14",
        "numero_asientos_vendidos": -9627,
        "numero_cancelaciones": -30516,
        "feedback_pasajeros": "Sell great summer per go tend. After inside front many attention.",
        "vuelo": 7
    }
},
{
    "model": "apaeropuerto.estadisticasvuelo",
    "pk": 43,
    "fields": {
        "fecha_estadisticas": "1970-11-20",
        "numero_asientos_vendidos": 28005,
        "numero_cancelaciones": -2429,
        "feedback_pasajeros": "Country sister operation federal nothing employee. Game might adult floor process house. Vote someone while picture recently.",
        "vuelo": 5
    }
},
{
    "model": "apaeropuerto.estadisticasvuelo",
    "pk": 44,
    "fields": {
        "fecha_estadisticas": "2017-05-23",
        "numero_asientos_vendidos": 25638,
        "numero_cancelaciones": 8249,
        "feedback_pasajeros": "Stage bring meeting instead book believe. Begin along campaign rate present company scene.\nVarious us student include appear field.",
        "vuelo": 29
    }
},
{
    "model": "apaeropuerto.estadisticasvuelo",
    "pk": 45,
    "fields": {
        "fecha_estadisticas": "1987-04-10",
        "numero_asientos_vendidos": 16799,
        "numero_cancelaciones": -21126,
        "feedback_pasajeros": "Guess news deal buy include. Well more letter American spring news very since.\nSeven hotel thing at bill city less. Thus environmental political but same hope serve.",
        "vuelo": 8
    }
},
{
    "model": "apaeropuerto.estadisticasvuelo",
    "pk": 46,
    "fields": {
        "fecha_estadisticas": "1980-11-16",
        "numero_asientos_vendidos": 27470,
        "numero_cancelaciones": 7038,
        "feedback_pasajeros": "Picture church thing late executive. Really court factor special not know. Ahead usually break probably manage.",
        "vuelo": 37
    }
},
{
    "model": "apaeropuerto.estadisticasvuelo",
    "pk": 47,
    "fields": {
        "fecha_estadisticas": "1992-03-20",
        "numero_asientos_vendidos": -27636,
        "numero_cancelaciones": -29942,
        "feedback_pasajeros": "Candidate service few chair Democrat avoid. Possible role lawyer article major PM both. Most realize yeah particular. Tax may employee fact voice identify order.",
        "vuelo": 32
    }
},
{
    "model": "apaeropuerto.estadisticasvuelo",
    "pk": 48,
    "fields": {
        "fecha_estadisticas": "1987-09-30",
        "numero_asientos_vendidos": -11553,
        "numero_cancelaciones": 30661,
        "feedback_pasajeros": "Direction magazine week general mind candidate. Assume develop trip region. Really explain position city center paper teach.\nWork little big old pattern.",
        "vuelo": 18
    }
},
{
    "model": "apaeropuerto.estadisticasvuelo",
    "pk": 49,
    "fields": {
        "fecha_estadisticas": "1994-09-08",
        "numero_asientos_vendidos": -11920,
        "numero_cancelaciones": 12872,
        "feedback_pasajeros": "Spend series amount Republican must finish even pick.\nCharge over yes four home at. Maintain list under. Information option too figure chair response.",
        "vuelo": 36
    }
},
{
    "model": "apaeropuerto.estadisticasvuelo",
    "pk": 50,
    "fields": {
        "fecha_estadisticas": "1990-11-25",
        "numero_asientos_vendidos": -4933,
        "numero_cancelaciones": 2707,
        "feedback_pasajeros": "Alejandro 3 prueba",
        "vuelo": 41
    }
},
{
    "model": "apaeropuerto.estadisticasvuelo",
    "pk": 51,
    "fields": {
        "fecha_estadisticas": "2024-10-30",
        "numero_asientos_vendidos": 1,
        "numero_cancelaciones": 0,
        "feedback_pasajeros": "Alejandro guapo",
        "vuelo": 51
    }
},
{
    "model": "apaeropuerto.estadisticasvuelo",
    "pk": 52,
    "fields": {
        "fecha_estadisticas": "2024-10-30",
        "numero_asientos_vendidos": 2,
        "numero_cancelaciones": 1,
        "feedback_pasajeros": "Alejandro muy listo",
        "vuelo": 52
    }
},
{
    "model": "apaeropuerto.pasajero",
    "pk": 1,
    "fields": {
        "nombre": "Else character bill.",
        "apellido": "Hour administration.",
        "email": "angelica57@example.org",
        "telefono": -27398,
        "fecha_nacimiento": "2019-04-04",
        "vuelo": [
            12,
            29,
            39,
            50
        ]
    }
},
{
    "model": "apaeropuerto.pasajero",
    "pk": 2,
    "fields": {
        "nombre": "Plan commercial.",
        "apellido": "Her admit itself.",
        "email": "marknorton@example.net",
        "telefono": 10957,
        "fecha_nacimiento": "2019-10-26",
        "vuelo": [
            12,
            22,
            23,
            27,
            42,
            46,
            48
        ]
    }
},
{
    "model": "apaeropuerto.pasajero",
    "pk": 3,
    "fields": {
        "nombre": "When stage home.",
        "apellido": "Military themselves.",
        "email": "claudia11@example.net",
        "telefono": -5877,
        "fecha_nacimiento": "2013-06-27",
        "vuelo": [
            18,
            25
        ]
    }
},
{
    "model": "apaeropuerto.pasajero",
    "pk": 4,
    "fields": {
        "nombre": "Forward character.",
        "apellido": "Today doctor Mr.",
        "email": "amywinters@example.org",
        "telefono": 25644,
        "fecha_nacimiento": "1980-08-18",
        "vuelo": [
            12,
            19,
            31
        ]
    }
},
{
    "model": "apaeropuerto.pasajero",
    "pk": 5,
    "fields": {
        "nombre": "Raise artist.",
        "apellido": "Head then available.",
        "email": "amason@example.net",
        "telefono": -23574,
        "fecha_nacimiento": "1997-10-25",
        "vuelo": [
            7,
            15,
            16,
            22,
            23,
            28,
            30,
            32
        ]
    }
},
{
    "model": "apaeropuerto.pasajero",
    "pk": 6,
    "fields": {
        "nombre": "Final after scene.",
        "apellido": "Huge always inside.",
        "email": "charlesboone@example.org",
        "telefono": 27028,
        "fecha_nacimiento": "2014-01-20",
        "vuelo": [
            5,
            10,
            18,
            36,
            41,
            42,
            44,
            47
        ]
    }
},
{
    "model": "apaeropuerto.pasajero",
    "pk": 7,
    "fields": {
        "nombre": "Best catch middle.",
        "apellido": "Two region hotel.",
        "email": "james53@example.com",
        "telefono": 22435,
        "fecha_nacimiento": "1996-09-25",
        "vuelo": [
            5,
            6,
            8,
            9,
            12,
            21,
            27,
            40,
            47
        ]
    }
},
{
    "model": "apaeropuerto.pasajero",
    "pk": 8,
    "fields": {
        "nombre": "Toward in speech.",
        "apellido": "Final above bit.",
        "email": "tammy60@example.com",
        "telefono": -3544,
        "fecha_nacimiento": "1997-07-29",
        "vuelo": [
            4,
            10,
            24,
            40,
            42,
            45
        ]
    }
},
{
    "model": "apaeropuerto.pasajero",
    "pk": 9,
    "fields": {
        "nombre": "Thousand simply.",
        "apellido": "Various send fly.",
        "email": "veronica23@example.net",
        "telefono": 14760,
        "fecha_nacimiento": "2016-03-23",
        "vuelo": [
            14,
            16,
            49
        ]
    }
},
{
    "model": "apaeropuerto.pasajero",
    "pk": 10,
    "fields": {
        "nombre": "Describe small.",
        "apellido": "Bank simple key.",
        "email": "johnsonwilliam@example.org",
        "telefono": -5149,
        "fecha_nacimiento": "2022-06-28",
        "vuelo": [
            7,
            40
        ]
    }
},
{
    "model": "apaeropuerto.pasajero",
    "pk": 11,
    "fields": {
        "nombre": "Interview involve.",
        "apellido": "Thought near major.",
        "email": "juliadavis@example.net",
        "telefono": 16202,
        "fecha_nacimiento": "1974-01-14",
        "vuelo": [
            9,
            11,
            28,
            32,
            35,
            46
        ]
    }
},
{
    "model": "apaeropuerto.pasajero",
    "pk": 12,
    "fields": {
        "nombre": "Side almost system.",
        "apellido": "Knowledge this.",
        "email": "mflores@example.com",
        "telefono": -30629,
        "fecha_nacimiento": "2018-04-11",
        "vuelo": [
            31,
            37
        ]
    }
},
{
    "model": "apaeropuerto.pasajero",
    "pk": 13,
    "fields": {
        "nombre": "Ability hotel.",
        "apellido": "Whom clearly.",
        "email": "hcampbell@example.org",
        "telefono": -25831,
        "fecha_nacimiento": "1987-09-02",
        "vuelo": [
            7,
            15,
            21,
            23,
            26,
            44
        ]
    }
},
{
    "model": "apaeropuerto.pasajero",
    "pk": 14,
    "fields": {
        "nombre": "Less none source.",
        "apellido": "Relationship.",
        "email": "umartin@example.net",
        "telefono": 5509,
        "fecha_nacimiento": "1995-01-29",
        "vuelo": [
            13,
            31,
            32,
            40,
            41,
            42,
            43,
            47,
            50
        ]
    }
},
{
    "model": "apaeropuerto.pasajero",
    "pk": 15,
    "fields": {
        "nombre": "One happy peace.",
        "apellido": "Base indicate.",
        "email": "gutierreznancy@example.net",
        "telefono": 5454,
        "fecha_nacimiento": "1970-05-04",
        "vuelo": [
            10,
            24,
            26,
            35
        ]
    }
},
{
    "model": "apaeropuerto.pasajero",
    "pk": 16,
    "fields": {
        "nombre": "Use action appear.",
        "apellido": "Full control growth.",
        "email": "kristin00@example.org",
        "telefono": 1431,
        "fecha_nacimiento": "2013-08-20",
        "vuelo": [
            11,
            12,
            17,
            20,
            22,
            31,
            35,
            41,
            48
        ]
    }
},
{
    "model": "apaeropuerto.pasajero",
    "pk": 17,
    "fields": {
        "nombre": "Situation live.",
        "apellido": "Student drive enjoy.",
        "email": "psanders@example.net",
        "telefono": 17557,
        "fecha_nacimiento": "1986-12-25",
        "vuelo": [
            3,
            8,
            12,
            16,
            18,
            30,
            33,
            48
        ]
    }
},
{
    "model": "apaeropuerto.pasajero",
    "pk": 18,
    "fields": {
        "nombre": "Study sister appear.",
        "apellido": "Measure reduce.",
        "email": "racheltaylor@example.com",
        "telefono": 3192,
        "fecha_nacimiento": "2005-09-20",
        "vuelo": [
            3,
            17,
            20,
            22,
            24,
            37,
            38,
            47,
            50
        ]
    }
},
{
    "model": "apaeropuerto.pasajero",
    "pk": 19,
    "fields": {
        "nombre": "Expect sister.",
        "apellido": "Deep suffer chance.",
        "email": "cbrown@example.org",
        "telefono": 29025,
        "fecha_nacimiento": "1982-09-15",
        "vuelo": [
            4,
            9,
            14,
            18,
            21,
            23,
            25,
            31,
            44,
            48
        ]
    }
},
{
    "model": "apaeropuerto.pasajero",
    "pk": 20,
    "fields": {
        "nombre": "Stand peace outside.",
        "apellido": "Explain wind half.",
        "email": "lauriehendricks@example.org",
        "telefono": -23553,
        "fecha_nacimiento": "2018-08-21",
        "vuelo": [
            5
        ]
    }
},
{
    "model": "apaeropuerto.pasajero",
    "pk": 21,
    "fields": {
        "nombre": "Senior might all.",
        "apellido": "Hear bit college.",
        "email": "steinwilliam@example.com",
        "telefono": 29665,
        "fecha_nacimiento": "2010-11-17",
        "vuelo": [
            2,
            4,
            12,
            15,
            26,
            29,
            40,
            47
        ]
    }
},
{
    "model": "apaeropuerto.pasajero",
    "pk": 22,
    "fields": {
        "nombre": "Live identify many.",
        "apellido": "Project visit smile.",
        "email": "amy42@example.org",
        "telefono": 19265,
        "fecha_nacimiento": "1994-12-19",
        "vuelo": [
            9,
            13,
            20,
            30,
            39,
            44
        ]
    }
},
{
    "model": "apaeropuerto.pasajero",
    "pk": 23,
    "fields": {
        "nombre": "Gas road catch bar.",
        "apellido": "Old country south.",
        "email": "isaiah58@example.com",
        "telefono": 32732,
        "fecha_nacimiento": "2016-02-06",
        "vuelo": [
            8,
            16,
            30,
            32,
            37,
            43,
            48
        ]
    }
},
{
    "model": "apaeropuerto.pasajero",
    "pk": 24,
    "fields": {
        "nombre": "Follow just still.",
        "apellido": "Usually common.",
        "email": "jmiller@example.org",
        "telefono": 21501,
        "fecha_nacimiento": "1975-12-07",
        "vuelo": [
            1,
            3,
            6,
            18,
            29,
            34,
            46,
            50
        ]
    }
},
{
    "model": "apaeropuerto.pasajero",
    "pk": 25,
    "fields": {
        "nombre": "Throughout kitchen.",
        "apellido": "On avoid bar nature.",
        "email": "seth07@example.org",
        "telefono": -470,
        "fecha_nacimiento": "2023-06-02",
        "vuelo": [
            2,
            19,
            21,
            24,
            26,
            27,
            40,
            41,
            43
        ]
    }
},
{
    "model": "apaeropuerto.pasajero",
    "pk": 26,
    "fields": {
        "nombre": "Test class word yes.",
        "apellido": "Dinner memory risk.",
        "email": "charlesbuchanan@example.net",
        "telefono": 17027,
        "fecha_nacimiento": "1971-09-12",
        "vuelo": [
            11,
            13,
            16,
            18,
            24,
            30,
            31,
            37,
            38,
            46
        ]
    }
},
{
    "model": "apaeropuerto.pasajero",
    "pk": 27,
    "fields": {
        "nombre": "Owner ability.",
        "apellido": "Financial movement.",
        "email": "speterson@example.com",
        "telefono": -17421,
        "fecha_nacimiento": "1985-09-26",
        "vuelo": [
            2,
            11,
            13,
            17,
            25,
            33,
            43,
            50
        ]
    }
},
{
    "model": "apaeropuerto.pasajero",
    "pk": 28,
    "fields": {
        "nombre": "Detail would wind.",
        "apellido": "Country executive.",
        "email": "johnanderson@example.org",
        "telefono": -8066,
        "fecha_nacimiento": "1979-03-07",
        "vuelo": [
            34,
            42
        ]
    }
},
{
    "model": "apaeropuerto.pasajero",
    "pk": 29,
    "fields": {
        "nombre": "Another show with.",
        "apellido": "Mother process.",
        "email": "kjordan@example.net",
        "telefono": -31545,
        "fecha_nacimiento": "2014-10-12",
        "vuelo": [
            7,
            10,
            13,
            20,
            28,
            29,
            33,
            34,
            36,
            47
        ]
    }
},
{
    "model": "apaeropuerto.pasajero",
    "pk": 30,
    "fields": {
        "nombre": "Type local care.",
        "apellido": "When from western.",
        "email": "caldwellbenjamin@example.net",
        "telefono": 29227,
        "fecha_nacimiento": "1973-02-03",
        "vuelo": [
            2,
            4,
            31,
            36
        ]
    }
},
{
    "model": "apaeropuerto.pasajero",
    "pk": 31,
    "fields": {
        "nombre": "Human human color.",
        "apellido": "Age perform nice.",
        "email": "michael10@example.net",
        "telefono": 1932,
        "fecha_nacimiento": "1971-03-10",
        "vuelo": [
            5,
            7,
            11,
            15,
            23,
            26,
            29,
            40
        ]
    }
},
{
    "model": "apaeropuerto.pasajero",
    "pk": 32,
    "fields": {
        "nombre": "First newspaper.",
        "apellido": "Relationship those.",
        "email": "marymora@example.org",
        "telefono": -15782,
        "fecha_nacimiento": "1985-09-01",
        "vuelo": [
            2,
            17,
            24,
            36,
            39
        ]
    }
},
{
    "model": "apaeropuerto.pasajero",
    "pk": 33,
    "fields": {
        "nombre": "Hundred sense coach.",
        "apellido": "Everything camera.",
        "email": "comptonaaron@example.net",
        "telefono": -15180,
        "fecha_nacimiento": "2005-12-06",
        "vuelo": [
            10,
            11,
            17,
            26,
            42
        ]
    }
},
{
    "model": "apaeropuerto.pasajero",
    "pk": 34,
    "fields": {
        "nombre": "Seat easy find.",
        "apellido": "Across sound few.",
        "email": "gchapman@example.net",
        "telefono": 8793,
        "fecha_nacimiento": "2000-03-23",
        "vuelo": [
            6,
            8,
            12,
            14,
            15,
            18,
            24,
            36,
            41,
            47
        ]
    }
},
{
    "model": "apaeropuerto.pasajero",
    "pk": 35,
    "fields": {
        "nombre": "Cover quickly.",
        "apellido": "She protect.",
        "email": "yblevins@example.com",
        "telefono": 2799,
        "fecha_nacimiento": "1999-10-08",
        "vuelo": [
            12,
            14,
            21,
            24
        ]
    }
},
{
    "model": "apaeropuerto.pasajero",
    "pk": 36,
    "fields": {
        "nombre": "Program relate.",
        "apellido": "Act exist month.",
        "email": "jaguirre@example.com",
        "telefono": 32394,
        "fecha_nacimiento": "1982-09-14",
        "vuelo": [
            3,
            16,
            30,
            32,
            33,
            39,
            43,
            44,
            46
        ]
    }
},
{
    "model": "apaeropuerto.pasajero",
    "pk": 37,
    "fields": {
        "nombre": "Yes beat nearly pay.",
        "apellido": "Cup Mr ever board.",
        "email": "hillrichard@example.net",
        "telefono": 22212,
        "fecha_nacimiento": "1984-06-12",
        "vuelo": [
            2,
            5,
            9,
            19,
            30,
            31
        ]
    }
},
{
    "model": "apaeropuerto.pasajero",
    "pk": 38,
    "fields": {
        "nombre": "Success believe.",
        "apellido": "Whose commercial.",
        "email": "martindominguez@example.com",
        "telefono": 6747,
        "fecha_nacimiento": "2016-02-05",
        "vuelo": [
            20,
            39,
            41
        ]
    }
},
{
    "model": "apaeropuerto.pasajero",
    "pk": 39,
    "fields": {
        "nombre": "Hot result.",
        "apellido": "New why well easy.",
        "email": "davismanuel@example.com",
        "telefono": -8409,
        "fecha_nacimiento": "2022-06-15",
        "vuelo": [
            4,
            10,
            13,
            15,
            17,
            30,
            32,
            36,
            49
        ]
    }
},
{
    "model": "apaeropuerto.pasajero",
    "pk": 40,
    "fields": {
        "nombre": "Guess environmental.",
        "apellido": "Tend pass security.",
        "email": "operez@example.net",
        "telefono": 2909,
        "fecha_nacimiento": "2021-03-18",
        "vuelo": [
            5,
            20,
            22,
            26,
            33,
            44,
            47
        ]
    }
},
{
    "model": "apaeropuerto.pasajero",
    "pk": 41,
    "fields": {
        "nombre": "Question treatment.",
        "apellido": "Return center month.",
        "email": "khowell@example.net",
        "telefono": -12185,
        "fecha_nacimiento": "2024-05-30",
        "vuelo": [
            12,
            26,
            34,
            40,
            45,
            49
        ]
    }
},
{
    "model": "apaeropuerto.pasajero",
    "pk": 42,
    "fields": {
        "nombre": "Knowledge road.",
        "apellido": "Child region.",
        "email": "clarkmackenzie@example.net",
        "telefono": -15932,
        "fecha_nacimiento": "2014-05-23",
        "vuelo": [
            2,
            3,
            4,
            5,
            13,
            29,
            32,
            33,
            50
        ]
    }
},
{
    "model": "apaeropuerto.pasajero",
    "pk": 43,
    "fields": {
        "nombre": "Around laugh.",
        "apellido": "Position arm either.",
        "email": "matthewroberts@example.net",
        "telefono": -7937,
        "fecha_nacimiento": "2016-11-03",
        "vuelo": [
            27,
            31,
            32,
            46
        ]
    }
},
{
    "model": "apaeropuerto.pasajero",
    "pk": 44,
    "fields": {
        "nombre": "Store organization.",
        "apellido": "View rather guy.",
        "email": "christinapreston@example.net",
        "telefono": 12637,
        "fecha_nacimiento": "2008-08-15",
        "vuelo": [
            1,
            2,
            10,
            11,
            20,
            21,
            24,
            37
        ]
    }
},
{
    "model": "apaeropuerto.pasajero",
    "pk": 45,
    "fields": {
        "nombre": "Husband information.",
        "apellido": "Will material sell.",
        "email": "maria86@example.net",
        "telefono": 5175,
        "fecha_nacimiento": "1970-01-22",
        "vuelo": [
            21,
            49
        ]
    }
},
{
    "model": "apaeropuerto.pasajero",
    "pk": 46,
    "fields": {
        "nombre": "Else serve finish.",
        "apellido": "Business tree year.",
        "email": "nthompson@example.net",
        "telefono": 30621,
        "fecha_nacimiento": "2019-01-25",
        "vuelo": [
            15,
            17,
            45,
            46,
            48,
            50
        ]
    }
},
{
    "model": "apaeropuerto.pasajero",
    "pk": 47,
    "fields": {
        "nombre": "Food it thousand.",
        "apellido": "Generation return.",
        "email": "dawnreese@example.net",
        "telefono": 15910,
        "fecha_nacimiento": "1978-07-07",
        "vuelo": [
            12,
            13,
            14,
            17,
            26,
            31,
            47,
            48
        ]
    }
},
{
    "model": "apaeropuerto.pasajero",
    "pk": 48,
    "fields": {
        "nombre": "Radio remember her.",
        "apellido": "Raise follow.",
        "email": "leslie97@example.net",
        "telefono": -30968,
        "fecha_nacimiento": "2009-11-16",
        "vuelo": [
            6,
            17,
            22,
            23,
            31
        ]
    }
},
{
    "model": "apaeropuerto.pasajero",
    "pk": 49,
    "fields": {
        "nombre": "Really writer.",
        "apellido": "Care myself me.",
        "email": "brauncrystal@example.com",
        "telefono": -15723,
        "fecha_nacimiento": "2009-09-07",
        "vuelo": [
            3,
            38
        ]
    }
},
{
    "model": "apaeropuerto.pasajero",
    "pk": 50,
    "fields": {
        "nombre": "Chance spend.",
        "apellido": "Begin stuff present.",
        "email": "johnsonsarah@example.net",
        "telefono": 29794,
        "fecha_nacimiento": "2007-11-05",
        "vuelo": [
            9,
            43
        ]
    }
},
{
    "model": "apaeropuerto.pasajero",
    "pk": 51,
    "fields": {
        "nombre": "pepe",
        "apellido": "alvare<z",
        "email": "pepe@gmail.com",
        "telefono": 987654321,
        "fecha_nacimiento": "2024-10-31",
        "vuelo": [
            5
        ]
    }
},
{
    "model": "apaeropuerto.perfilpasajero",
    "pk": 1,
    "fields": {
        "direccion": "Nation majority explain particularly. Floor beautiful community short marriage bad senior leave. President fish one son.\nTax then few power. Investment test actually your growth area. Realize military family enter born again group.",
        "documento_identidad": "Hold low.",
        "nacionalidad": "Result toward unit traditional seek page my.",
        "vivienda": "Help place pattern back anyone officer.",
        "pasajero": 48
    }
},
{
    "model": "apaeropuerto.perfilpasajero",
    "pk": 2,
    "fields": {
        "direccion": "Democratic bad responsibility house. Color hot physical floor something while senior. Decision ahead outside big second.\nMaterial require artist toward. Edge after group. Which tell officer ever.",
        "documento_identidad": "During.",
        "nacionalidad": "Field respond official subject.",
        "vivienda": "Happen by participant color without white.",
        "pasajero": 7
    }
},
{
    "model": "apaeropuerto.perfilpasajero",
    "pk": 3,
    "fields": {
        "direccion": "Computer thing yard phone listen. Employee blood building police present rule concern others.\nHot arm else job for activity. Board board form myself collection.",
        "documento_identidad": "Third.",
        "nacionalidad": "Movie their even large power your these.",
        "vivienda": "Through world same think home control issue.",
        "pasajero": 5
    }
},
{
    "model": "apaeropuerto.perfilpasajero",
    "pk": 4,
    "fields": {
        "direccion": "Receive trouble fly current year. Partner garden affect current year should building. Customer enjoy city work must agency buy.",
        "documento_identidad": "Stop.",
        "nacionalidad": "Report she history live bit help board.",
        "vivienda": "Check eight board hotel cause bed why.",
        "pasajero": 44
    }
},
{
    "model": "apaeropuerto.perfilpasajero",
    "pk": 5,
    "fields": {
        "direccion": "East suffer even different feeling president.\nRange side candidate example scientist. Near political physical again accept message ready allow. Realize everything change system thank especially morning.",
        "documento_identidad": "Court.",
        "nacionalidad": "Pretty get get public contain.",
        "vivienda": "Husband fill chair body most call Republican.",
        "pasajero": 34
    }
},
{
    "model": "apaeropuerto.perfilpasajero",
    "pk": 6,
    "fields": {
        "direccion": "Near point painting ever our he few theory. Real article the force financial future.\nHospital land mention approach. South war shake according.",
        "documento_identidad": "Some my.",
        "nacionalidad": "Voice like get sell cup really focus.",
        "vivienda": "Class single pattern when then.",
        "pasajero": 10
    }
},
{
    "model": "apaeropuerto.perfilpasajero",
    "pk": 7,
    "fields": {
        "direccion": "Sense help interview situation might care station rather. Medical sea model. At ever news action participant similar store.\nMany interesting discuss agree Congress space method. Market community need them available. Goal into town general.",
        "documento_identidad": "Sound.",
        "nacionalidad": "Example continue leader firm music.",
        "vivienda": "Area drive officer amount.",
        "pasajero": 39
    }
},
{
    "model": "apaeropuerto.perfilpasajero",
    "pk": 8,
    "fields": {
        "direccion": "Section type social direction cell. Wide region training effort strong. Tree full rich large use.\nPeople ok discuss show happen former in doctor. Probably business artist card figure present. Goal green majority process sign place finish.",
        "documento_identidad": "Friend.",
        "nacionalidad": "Try society see charge big air.",
        "vivienda": "Painting relationship bill movie eight ground.",
        "pasajero": 20
    }
},
{
    "model": "apaeropuerto.perfilpasajero",
    "pk": 9,
    "fields": {
        "direccion": "Offer throw next partner. Enjoy officer society evening. Our laugh natural.\nCut animal imagine charge audience style. Site as thank garden best audience.",
        "documento_identidad": "Arrive.",
        "nacionalidad": "Chance black kind third. History feel she laugh.",
        "vivienda": "Fine nation respond prove lead cold above.",
        "pasajero": 40
    }
},
{
    "model": "apaeropuerto.perfilpasajero",
    "pk": 10,
    "fields": {
        "direccion": "Continue with administration sort minute guess. Two white cell.\nHer marriage against different down others time. Open onto wall support good successful.\nImpact care hour party phone tough. Page food thus term specific. Another myself understand.",
        "documento_identidad": "Such.",
        "nacionalidad": "Newspaper up feeling up.",
        "vivienda": "Perform manager finish free fine whole indeed.",
        "pasajero": 23
    }
},
{
    "model": "apaeropuerto.perfilpasajero",
    "pk": 11,
    "fields": {
        "direccion": "Upon thank remain pull. Thus party threat those fill individual fire.\nUse black tend pay various far. Cold western how her create arm. And beautiful upon political start would and.",
        "documento_identidad": "Store.",
        "nacionalidad": "See page writer activity scene local blue.",
        "vivienda": "Including run whole under risk offer economic.",
        "pasajero": 50
    }
},
{
    "model": "apaeropuerto.perfilpasajero",
    "pk": 12,
    "fields": {
        "direccion": "Claim audience direction sell along side. Its nearly voice shoulder course especially happen. Than full end current me.\nVarious power lay into true trouble. Increase sense hit. Head now crime effect street true.",
        "documento_identidad": "Reality.",
        "nacionalidad": "Hold general value by.",
        "vivienda": "Structure tax thank unit article eat.",
        "pasajero": 14
    }
},
{
    "model": "apaeropuerto.perfilpasajero",
    "pk": 13,
    "fields": {
        "direccion": "Walk campaign answer allow energy garden. Real throw someone message executive only oil. If plant miss year shoulder mission.\nPrevent bag group group blue. Might concern garden building bring. Station town memory already open think.",
        "documento_identidad": "Democrat.",
        "nacionalidad": "Go me seven find. Difference note back condition.",
        "vivienda": "Last executive road west.",
        "pasajero": 42
    }
},
{
    "model": "apaeropuerto.perfilpasajero",
    "pk": 14,
    "fields": {
        "direccion": "Any toward vote design listen might yard. Cold very worry hot. Think traditional indeed already wonder would per.\nRun need ability name figure brother drug increase.",
        "documento_identidad": "Each.",
        "nacionalidad": "American message outside position medical nearly.",
        "vivienda": "Situation hard suggest phone page.",
        "pasajero": 30
    }
},
{
    "model": "apaeropuerto.perfilpasajero",
    "pk": 15,
    "fields": {
        "direccion": "Safe my gas whom most. Truth traditional source top prepare. Partner treatment amount executive information. I crime sport resource.\nPlayer together after act official edge. How pay prepare for bit commercial there.",
        "documento_identidad": "Serve.",
        "nacionalidad": "Parent idea take pattern third.",
        "vivienda": "Book position short watch create.",
        "pasajero": 3
    }
},
{
    "model": "apaeropuerto.perfilpasajero",
    "pk": 16,
    "fields": {
        "direccion": "Resource lose able. Down guess role choice seem.\nCongress wonder test represent. Decision source cut prepare nature vote.\nIncrease cell go. Study would common oil.",
        "documento_identidad": "Pass.",
        "nacionalidad": "No stuff through yourself main night draw.",
        "vivienda": "Always significant relationship.",
        "pasajero": 29
    }
},
{
    "model": "apaeropuerto.perfilpasajero",
    "pk": 17,
    "fields": {
        "direccion": "Environmental bar party although. Several never scene mention sort sort. Whatever because father. Yeah local star soon.\nFactor we try security entire itself bed through. Want nothing energy authority western this not picture. Response maintain focus.",
        "documento_identidad": "Window.",
        "nacionalidad": "Seat suffer reflect the ten.",
        "vivienda": "While common media fight people.",
        "pasajero": 16
    }
},
{
    "model": "apaeropuerto.perfilpasajero",
    "pk": 18,
    "fields": {
        "direccion": "Opportunity each head development effect environmental air west. Option party prevent physical.\nHerself hear government green them meet how. Realize group reality ask season system view. Network tax upon such or dream example.",
        "documento_identidad": "Policy.",
        "nacionalidad": "Leader attention matter perform write we do.",
        "vivienda": "Early administration include.",
        "pasajero": 2
    }
},
{
    "model": "apaeropuerto.perfilpasajero",
    "pk": 19,
    "fields": {
        "direccion": "Weight door same throw pass particularly window. Lawyer environmental surface protect place dog. Water relationship pay down mention pretty try responsibility.",
        "documento_identidad": "Base.",
        "nacionalidad": "Table lose eight focus.",
        "vivienda": "Above tend ask per recently apply end.",
        "pasajero": 45
    }
},
{
    "model": "apaeropuerto.perfilpasajero",
    "pk": 20,
    "fields": {
        "direccion": "Step chance notice cut television suggest. Result employee group mention nation yard. Food head Republican tend but catch.\nMemory evidence huge name new blue hear. Physical bring respond exactly cup join return. Fill time including.",
        "documento_identidad": "Site.",
        "nacionalidad": "Hand test meet.",
        "vivienda": "Offer let realize town husband.",
        "pasajero": 6
    }
},
{
    "model": "apaeropuerto.perfilpasajero",
    "pk": 21,
    "fields": {
        "direccion": "Both place prove design. Movement campaign money special face determine.\nMeeting allow Mr build. Hospital wide consumer receive organization source look reality.",
        "documento_identidad": "Response.",
        "nacionalidad": "Bag follow side.",
        "vivienda": "Off effort none specific face control.",
        "pasajero": 25
    }
},
{
    "model": "apaeropuerto.perfilpasajero",
    "pk": 22,
    "fields": {
        "direccion": "Eye myself ok wish miss. Still seek possible effort management. Protect yet apply born short machine pull.\nSkin lead growth take would project case ask. Wonder without against certain easy manage dark.",
        "documento_identidad": "Two.",
        "nacionalidad": "Economy their final shake check seat better.",
        "vivienda": "Hand language capital environmental foreign dog.",
        "pasajero": 26
    }
},
{
    "model": "apaeropuerto.perfilpasajero",
    "pk": 23,
    "fields": {
        "direccion": "Kid loss oil treat future leg. Card check hotel mention. Build body notice television group charge development.\nLose could social care pattern our trial pretty. Already send ago color computer feel trouble office.",
        "documento_identidad": "Through.",
        "nacionalidad": "Care coach consumer middle middle food practice.",
        "vivienda": "Last animal seem director may method candidate.",
        "pasajero": 1
    }
},
{
    "model": "apaeropuerto.perfilpasajero",
    "pk": 24,
    "fields": {
        "direccion": "Both least audience lay question staff police per. From a save debate son throughout. Go hear try.\nThink population require guess. Old whole hard.\nEnvironment already standard remember beat per against. Bank rather eye his.",
        "documento_identidad": "Agency.",
        "nacionalidad": "Quite according may age people finally response.",
        "vivienda": "Natural yard thank stock way difficult want.",
        "pasajero": 27
    }
},
{
    "model": "apaeropuerto.perfilpasajero",
    "pk": 25,
    "fields": {
        "direccion": "Practice blue speak out sport reflect decade. Ever discover society understand product piece dream health. Executive stay history positive kitchen value. Present teach drug ever thank forward.",
        "documento_identidad": "Media.",
        "nacionalidad": "Pretty quite provide him.",
        "vivienda": "Structure main note hope century.",
        "pasajero": 12
    }
},
{
    "model": "apaeropuerto.perfilpasajero",
    "pk": 26,
    "fields": {
        "direccion": "Community here pattern single police until. Community beyond wonder day guess provide. None scientist program camera.\nBeyond window site check. Who mouth majority push every ready but. Form I board difficult that.",
        "documento_identidad": "System.",
        "nacionalidad": "Wish represent experience see eat.",
        "vivienda": "Effort ability their PM travel.",
        "pasajero": 22
    }
},
{
    "model": "apaeropuerto.perfilpasajero",
    "pk": 27,
    "fields": {
        "direccion": "Maintain way wife yet.\nSuddenly plant standard hold suddenly anyone energy. Again new culture its return choice. Member develop different word loss while week specific.",
        "documento_identidad": "Over.",
        "nacionalidad": "Campaign author with.",
        "vivienda": "Focus drug western enjoy impact give once simple.",
        "pasajero": 46
    }
},
{
    "model": "apaeropuerto.perfilpasajero",
    "pk": 28,
    "fields": {
        "direccion": "Feeling health head true quality statement medical. Happen focus sing black. Hold community traditional goal medical court later.\nFormer somebody Democrat including my much near visit. Industry officer traditional course.",
        "documento_identidad": "Group as.",
        "nacionalidad": "Box girl degree option meeting wait condition.",
        "vivienda": "Organization college by either level.",
        "pasajero": 41
    }
},
{
    "model": "apaeropuerto.perfilpasajero",
    "pk": 29,
    "fields": {
        "direccion": "Around to theory heart. Unit each ever expect too state business.\nBad medical successful human play challenge behavior. Continue teacher major the mouth. Feeling moment billion look own.\nOrder local occur century describe explain. Source thank us wide.",
        "documento_identidad": "Close.",
        "nacionalidad": "Bad foreign suffer professor.",
        "vivienda": "Dinner rise major purpose car spring.",
        "pasajero": 15
    }
},
{
    "model": "apaeropuerto.perfilpasajero",
    "pk": 30,
    "fields": {
        "direccion": "North read bill mouth table paper. Mean maintain movie age weight market chair above.\nInvolve bill at customer attorney.\nSell popular understand scientist between long. Respond kid media coach after memory art low.",
        "documento_identidad": "Score.",
        "nacionalidad": "Direction seek nothing lose.",
        "vivienda": "Style though story open treatment without left.",
        "pasajero": 18
    }
},
{
    "model": "apaeropuerto.perfilpasajero",
    "pk": 31,
    "fields": {
        "direccion": "Can economy name dog.\nAdd especially view top level scientist. Nice quite base growth school issue.\nIt hour finally cold family. Build election leg him nothing step. Most throughout as.",
        "documento_identidad": "Ten work.",
        "nacionalidad": "Evidence paper sing growth.",
        "vivienda": "International off by study positive expert.",
        "pasajero": 37
    }
},
{
    "model": "apaeropuerto.perfilpasajero",
    "pk": 32,
    "fields": {
        "direccion": "Develop run financial author mean. Bill him test if change opportunity where. Way answer assume toward positive believe.\nValue car would system artist. Would marriage soldier open future present.",
        "documento_identidad": "Work.",
        "nacionalidad": "Part run later car member.",
        "vivienda": "Thousand who arrive production even each middle.",
        "pasajero": 21
    }
},
{
    "model": "apaeropuerto.perfilpasajero",
    "pk": 33,
    "fields": {
        "direccion": "Similar by issue help base try detail. Offer center answer grow minute attention its. Hot ahead say different out worry.\nHouse million best itself simply cut. Away good point fill.",
        "documento_identidad": "Artist.",
        "nacionalidad": "Miss notice behavior. Have expect marriage hold.",
        "vivienda": "Give those help customer fight very.",
        "pasajero": 35
    }
},
{
    "model": "apaeropuerto.perfilpasajero",
    "pk": 34,
    "fields": {
        "direccion": "Now group position. Society item attack form. Standard lot any forward sometimes must scene.\nCommunity dinner sing risk support election. Language they remain. Close job spend might next peace answer realize.",
        "documento_identidad": "Improve.",
        "nacionalidad": "Media close else message step though.",
        "vivienda": "Structure member bring business yes.",
        "pasajero": 19
    }
},
{
    "model": "apaeropuerto.perfilpasajero",
    "pk": 35,
    "fields": {
        "direccion": "Spend information enter road fact.\nDiscussion these common design course experience always. Fall worker especially in have.\nHe plan yeah letter Mr quality. Hope miss ok yourself. Policy word mother memory make dinner office bank.",
        "documento_identidad": "Much.",
        "nacionalidad": "Chair special spend firm yourself.",
        "vivienda": "Hospital loss society mind not visit.",
        "pasajero": 38
    }
},
{
    "model": "apaeropuerto.perfilpasajero",
    "pk": 36,
    "fields": {
        "direccion": "Soldier if lose fact. Quality others actually treat enough cover service. Education practice choose statement once make already in.\nPartner professor record month. President hit opportunity adult give out. Action bed look why tax.",
        "documento_identidad": "Training.",
        "nacionalidad": "Thousand challenge apply surface pay interest.",
        "vivienda": "Eight oil finally value floor.",
        "pasajero": 33
    }
},
{
    "model": "apaeropuerto.perfilpasajero",
    "pk": 37,
    "fields": {
        "direccion": "Lose family benefit understand base. Realize large blue city position attack could. May business never general clear wind.\nGive whom why process space. Better sense inside forget. Work movement every woman later word.",
        "documento_identidad": "Social.",
        "nacionalidad": "Model east product unit test win plant.",
        "vivienda": "Particularly job expert strong field only bag.",
        "pasajero": 24
    }
},
{
    "model": "apaeropuerto.perfilpasajero",
    "pk": 38,
    "fields": {
        "direccion": "Compare model feeling technology sign when. Phone appear bar those wide outside by finish.\nNorth because sound fire would true check ball. Deal live know space customer. Fund indicate style do word north.",
        "documento_identidad": "He study.",
        "nacionalidad": "Style consumer walk build especially can.",
        "vivienda": "Site strong issue speak. Never defense mother.",
        "pasajero": 36
    }
},
{
    "model": "apaeropuerto.perfilpasajero",
    "pk": 39,
    "fields": {
        "direccion": "Close ready yourself term. I end add poor listen class.\nPresident fill include specific. Authority PM save water. Worker break free cover.\nCommunity dark show also minute long hear. Collection soon behavior much. Why truth expect.",
        "documento_identidad": "Music.",
        "nacionalidad": "During generation that almost consumer movement.",
        "vivienda": "News condition floor respond.",
        "pasajero": 13
    }
},
{
    "model": "apaeropuerto.perfilpasajero",
    "pk": 40,
    "fields": {
        "direccion": "Mission thing beautiful political interesting ok check. Fire argue walk mean star.\nRisk such poor get own Republican. Business although service new write.\nEnvironmental personal at entire. Quality door social important.",
        "documento_identidad": "Not.",
        "nacionalidad": "Best country prepare never fear visit around.",
        "vivienda": "Camera he food expert.",
        "pasajero": 47
    }
},
{
    "model": "apaeropuerto.perfilpasajero",
    "pk": 41,
    "fields": {
        "direccion": "Catch million end break church surface in. Argue similar chance certainly meet audience media like.\nPower discussion alone economic hair front medical response. Hotel degree instead mouth today growth receive.",
        "documento_identidad": "Southern.",
        "nacionalidad": "Him way get line.",
        "vivienda": "Ground smile really serious push prepare.",
        "pasajero": 11
    }
},
{
    "model": "apaeropuerto.perfilpasajero",
    "pk": 42,
    "fields": {
        "direccion": "Pay some hospital program throughout statement wrong.\nShake look hospital age shake. Sense material blood staff protect.\nWeek middle discuss letter apply. Design able trade measure. Green deal age your.",
        "documento_identidad": "Law.",
        "nacionalidad": "Behind media entire arrive final that.",
        "vivienda": "Thank strategy ball factor.",
        "pasajero": 28
    }
},
{
    "model": "apaeropuerto.perfilpasajero",
    "pk": 43,
    "fields": {
        "direccion": "Us manage agent pick. Staff though hold before night area. Simple reality drop water data.\nActually us music half model budget from. Care special vote reality.",
        "documento_identidad": "Central.",
        "nacionalidad": "Provide to wide because region stay.",
        "vivienda": "Respond fact that would theory raise.",
        "pasajero": 8
    }
},
{
    "model": "apaeropuerto.perfilpasajero",
    "pk": 44,
    "fields": {
        "direccion": "Human walk interest around order staff age.\nBoy opportunity employee perhaps seven their. Off cold free relate score.\nNewspaper none meeting middle. Three throw nice share day. Effort outside as keep whose leader style.",
        "documento_identidad": "Federal.",
        "nacionalidad": "Question reflect sea down.",
        "vivienda": "Born seem tonight kind.",
        "pasajero": 4
    }
},
{
    "model": "apaeropuerto.perfilpasajero",
    "pk": 45,
    "fields": {
        "direccion": "Within yeah value yes resource study put. Black challenge be. Identify laugh although deal good put cover look.\nWonder woman Republican standard. Spend employee different. Listen trip century determine everybody management.",
        "documento_identidad": "Some.",
        "nacionalidad": "Case simple during none guess.",
        "vivienda": "Society both support help manage account rise.",
        "pasajero": 31
    }
},
{
    "model": "apaeropuerto.perfilpasajero",
    "pk": 46,
    "fields": {
        "direccion": "Bar president move car fight program until. Investment between white television east.\nSix matter prevent policy general range me.",
        "documento_identidad": "Enough.",
        "nacionalidad": "Beautiful approach check however hear guess.",
        "vivienda": "Green range detail.",
        "pasajero": 43
    }
},
{
    "model": "apaeropuerto.perfilpasajero",
    "pk": 47,
    "fields": {
        "direccion": "Religious whatever magazine.\nMemory last quite air statement. Human late what growth. Record identify support level.\nStore central human color. Ok recognize organization turn argue each group.\nPeace interesting rather right experience audience.",
        "documento_identidad": "Thousand.",
        "nacionalidad": "American treat once defense follow water.",
        "vivienda": "Inside sort above population leave.",
        "pasajero": 17
    }
},
{
    "model": "apaeropuerto.perfilpasajero",
    "pk": 48,
    "fields": {
        "direccion": "Act agreement arm. Say likely night hold.\nPoor sense development point. My plant choose bank.\nAllow must store west may. Between concern red page avoid. Knowledge I coach machine deep kitchen.",
        "documento_identidad": "Gun.",
        "nacionalidad": "Worry or worker person although day him.",
        "vivienda": "Network them beautiful if officer live.",
        "pasajero": 32
    }
},
{
    "model": "apaeropuerto.perfilpasajero",
    "pk": 49,
    "fields": {
        "direccion": "Class identify arm indeed scene mind. Act statement body movement card.\nActivity staff impact practice for perform cost. Significant foot manage society. Himself door purpose leg.",
        "documento_identidad": "Work day.",
        "nacionalidad": "Nearly president personal. Reason every late.",
        "vivienda": "Turn nice especially radio recently need door.",
        "pasajero": 49
    }
},
{
    "model": "apaeropuerto.equipaje",
    "pk": 1,
    "fields": {
        "peso": 0.39115775266601494,
        "dimensiones": "Fight say success rate have common.",
        "tipo_material": "Just serve choice yeah.",
        "color": "Husband when good simply what feeling.",
        "pasajero": 12
    }
},
{
    "model": "apaeropuerto.equipaje",
    "pk": 2,
    "fields": {
        "peso": 0.669342126360875,
        "dimensiones": "Central trial you call television lawyer fish.",
        "tipo_material": "Sense trial everyone speak.",
        "color": "Writer same pull. Would two now right black.",
        "pasajero": 3
    }
},
{
    "model": "apaeropuerto.equipaje",
    "pk": 3,
    "fields": {
        "peso": 0.9391516700061217,
        "dimensiones": "Yard deep benefit none worry keep.",
        "tipo_material": "Something just tend team.",
        "color": "All ask anyone relationship beautiful.",
        "pasajero": 37
    }
},
{
    "model": "apaeropuerto.equipaje",
    "pk": 4,
    "fields": {
        "peso": 0.07874234092198718,
        "dimensiones": "Guess many past last.",
        "tipo_material": "Pick business big.",
        "color": "Success key significant art.",
        "pasajero": 44
    }
},
{
    "model": "apaeropuerto.equipaje",
    "pk": 5,
    "fields": {
        "peso": 0.9245609577350393,
        "dimensiones": "Use lawyer recognize financial discussion.",
        "tipo_material": "Voice that far.",
        "color": "Report knowledge play person site security lay.",
        "pasajero": 34
    }
},
{
    "model": "apaeropuerto.equipaje",
    "pk": 6,
    "fields": {
        "peso": 0.1475792136221976,
        "dimensiones": "Lawyer loss still everything wall safe picture.",
        "tipo_material": "Successful keep miss a move.",
        "color": "Specific soon second TV soldier whether.",
        "pasajero": 34
    }
},
{
    "model": "apaeropuerto.equipaje",
    "pk": 7,
    "fields": {
        "peso": 0.7582625466119594,
        "dimensiones": "Half fire eight painting least.",
        "tipo_material": "Baby road cell.",
        "color": "Trouble man series reflect everyone through.",
        "pasajero": 14
    }
},
{
    "model": "apaeropuerto.equipaje",
    "pk": 8,
    "fields": {
        "peso": 0.28663758148049356,
        "dimensiones": "Fine my newspaper focus.",
        "tipo_material": "Record fish scene test.",
        "color": "Yard mind make ahead hard price wall from.",
        "pasajero": 29
    }
},
{
    "model": "apaeropuerto.equipaje",
    "pk": 9,
    "fields": {
        "peso": 0.9793143811241719,
        "dimensiones": "Help remember just give since.",
        "tipo_material": "Foreign scene radio later.",
        "color": "Win lose one.",
        "pasajero": 38
    }
},
{
    "model": "apaeropuerto.equipaje",
    "pk": 10,
    "fields": {
        "peso": 0.984883262316988,
        "dimensiones": "Physical benefit outside enter certainly room.",
        "tipo_material": "Reduce learn down life less.",
        "color": "Eat real level provide writer model her deep.",
        "pasajero": 44
    }
},
{
    "model": "apaeropuerto.equipaje",
    "pk": 11,
    "fields": {
        "peso": 0.8327505125764806,
        "dimensiones": "Realize story detail ago lay get.",
        "tipo_material": "Listen always laugh similar.",
        "color": "Star happy structure unit treat magazine.",
        "pasajero": 48
    }
},
{
    "model": "apaeropuerto.equipaje",
    "pk": 12,
    "fields": {
        "peso": 0.8936202973877686,
        "dimensiones": "Peace news hour natural agency improve support.",
        "tipo_material": "Film move home leader.",
        "color": "Discussion give whether truth.",
        "pasajero": 5
    }
},
{
    "model": "apaeropuerto.equipaje",
    "pk": 13,
    "fields": {
        "peso": 0.5473000957595976,
        "dimensiones": "Later head today simple agreement firm.",
        "tipo_material": "Until drug summer a.",
        "color": "Yourself throw wind hair.",
        "pasajero": 44
    }
},
{
    "model": "apaeropuerto.equipaje",
    "pk": 14,
    "fields": {
        "peso": 0.5916585627313496,
        "dimensiones": "Focus seat fill oil together.",
        "tipo_material": "Send even care during glass.",
        "color": "Knowledge claim central unit adult really allow.",
        "pasajero": 29
    }
},
{
    "model": "apaeropuerto.equipaje",
    "pk": 15,
    "fields": {
        "peso": 0.9731670393550389,
        "dimensiones": "Field book heavy clearly. Strong people offer ok.",
        "tipo_material": "Thus adult technology soon.",
        "color": "One husband local thousand try area.",
        "pasajero": 6
    }
},
{
    "model": "apaeropuerto.equipaje",
    "pk": 16,
    "fields": {
        "peso": 0.8240557330854401,
        "dimensiones": "Give key thought adult American world.",
        "tipo_material": "Want far that authority.",
        "color": "Single life challenge position second tonight.",
        "pasajero": 47
    }
},
{
    "model": "apaeropuerto.equipaje",
    "pk": 17,
    "fields": {
        "peso": 0.39103139133026366,
        "dimensiones": "Nation size Congress character likely.",
        "tipo_material": "Board feel worry television.",
        "color": "Chance manage second kitchen western painting.",
        "pasajero": 38
    }
},
{
    "model": "apaeropuerto.equipaje",
    "pk": 18,
    "fields": {
        "peso": 0.6471082680497797,
        "dimensiones": "Young along book suddenly on.",
        "tipo_material": "Represent view animal.",
        "color": "Require key total base performance boy.",
        "pasajero": 42
    }
},
{
    "model": "apaeropuerto.equipaje",
    "pk": 19,
    "fields": {
        "peso": 0.07122432571957016,
        "dimensiones": "Available up their less person.",
        "tipo_material": "Attack between big very PM.",
        "color": "Knowledge inside business low turn stock hot.",
        "pasajero": 39
    }
},
{
    "model": "apaeropuerto.equipaje",
    "pk": 20,
    "fields": {
        "peso": 0.6553670292765841,
        "dimensiones": "Like certainly right piece law his.",
        "tipo_material": "School later professor sign.",
        "color": "Guess century scientist fear share from grow.",
        "pasajero": 7
    }
},
{
    "model": "apaeropuerto.equipaje",
    "pk": 21,
    "fields": {
        "peso": 0.1052343889987516,
        "dimensiones": "Watch bring rather world western.",
        "tipo_material": "End bag far increase.",
        "color": "Value left group world there kind join.",
        "pasajero": 9
    }
},
{
    "model": "apaeropuerto.equipaje",
    "pk": 22,
    "fields": {
        "peso": 0.32423292435018025,
        "dimensiones": "Candidate card everything general girl.",
        "tipo_material": "Sound culture case.",
        "color": "Sport accept of woman force occur offer.",
        "pasajero": 2
    }
},
{
    "model": "apaeropuerto.equipaje",
    "pk": 23,
    "fields": {
        "peso": 0.8932810678448403,
        "dimensiones": "Type nation look up reality.",
        "tipo_material": "Lawyer service join billion.",
        "color": "Study later management build peace.",
        "pasajero": 27
    }
},
{
    "model": "apaeropuerto.equipaje",
    "pk": 24,
    "fields": {
        "peso": 0.15255000675958008,
        "dimensiones": "Step wall animal new provide speech happen.",
        "tipo_material": "Radio author ten single.",
        "color": "Marriage carry account agent.",
        "pasajero": 32
    }
},
{
    "model": "apaeropuerto.equipaje",
    "pk": 25,
    "fields": {
        "peso": 0.24194828114187017,
        "dimensiones": "Know center section baby behind.",
        "tipo_material": "Front occur against maybe.",
        "color": "Deep early hospital ready.",
        "pasajero": 31
    }
},
{
    "model": "apaeropuerto.equipaje",
    "pk": 26,
    "fields": {
        "peso": 0.3088209119027153,
        "dimensiones": "Across can movement eight effect decade official.",
        "tipo_material": "Early buy through.",
        "color": "Interesting data responsibility safe.",
        "pasajero": 11
    }
},
{
    "model": "apaeropuerto.equipaje",
    "pk": 27,
    "fields": {
        "peso": 0.9438559042866074,
        "dimensiones": "Hospital with democratic significant.",
        "tipo_material": "Lay garden law.",
        "color": "Eight fish near than alone under.",
        "pasajero": 43
    }
},
{
    "model": "apaeropuerto.equipaje",
    "pk": 28,
    "fields": {
        "peso": 0.06452606038574016,
        "dimensiones": "House prevent however serve evening build image.",
        "tipo_material": "Later door behavior.",
        "color": "Big two available window woman bit across total.",
        "pasajero": 48
    }
},
{
    "model": "apaeropuerto.equipaje",
    "pk": 29,
    "fields": {
        "peso": 0.8421276911528381,
        "dimensiones": "Recent pull trip reason grow apply seem control.",
        "tipo_material": "Admit want marriage lead.",
        "color": "Where hundred weight build poor rock.",
        "pasajero": 11
    }
},
{
    "model": "apaeropuerto.equipaje",
    "pk": 30,
    "fields": {
        "peso": 0.3472873370750431,
        "dimensiones": "Situation night soon anything world.",
        "tipo_material": "Position five store claim.",
        "color": "Society year long win can however system lawyer.",
        "pasajero": 33
    }
},
{
    "model": "apaeropuerto.equipaje",
    "pk": 31,
    "fields": {
        "peso": 0.6474391419369194,
        "dimensiones": "No benefit drug the everybody from.",
        "tipo_material": "Color degree poor Mrs.",
        "color": "Year half former realize.",
        "pasajero": 40
    }
},
{
    "model": "apaeropuerto.equipaje",
    "pk": 32,
    "fields": {
        "peso": 0.46679588263611294,
        "dimensiones": "I through work physical audience light.",
        "tipo_material": "Leader claim plan under want.",
        "color": "Accept candidate music possible space.",
        "pasajero": 4
    }
},
{
    "model": "apaeropuerto.equipaje",
    "pk": 33,
    "fields": {
        "peso": 0.7901821371929514,
        "dimensiones": "Toward authority partner meet million.",
        "tipo_material": "Parent past artist trip.",
        "color": "Such may address project wait feeling.",
        "pasajero": 4
    }
},
{
    "model": "apaeropuerto.equipaje",
    "pk": 34,
    "fields": {
        "peso": 0.2158389997021981,
        "dimensiones": "Again public itself song.",
        "tipo_material": "Event cut other among let.",
        "color": "Let instead or yourself end.",
        "pasajero": 18
    }
},
{
    "model": "apaeropuerto.equipaje",
    "pk": 35,
    "fields": {
        "peso": 0.01768588012413097,
        "dimensiones": "Window do stop sit.",
        "tipo_material": "Future condition and prove.",
        "color": "Writer nor will how ago edge.",
        "pasajero": 45
    }
},
{
    "model": "apaeropuerto.equipaje",
    "pk": 36,
    "fields": {
        "peso": 0.8020065766371145,
        "dimensiones": "Such recent mean while explain yourself.",
        "tipo_material": "Manage fly leave every green.",
        "color": "Condition single exactly conference now.",
        "pasajero": 45
    }
},
{
    "model": "apaeropuerto.equipaje",
    "pk": 37,
    "fields": {
        "peso": 0.8303121185664439,
        "dimensiones": "Hot sense raise price party nothing partner.",
        "tipo_material": "Politics toward poor dinner.",
        "color": "Person off especially. Imagine soldier along.",
        "pasajero": 16
    }
},
{
    "model": "apaeropuerto.equipaje",
    "pk": 38,
    "fields": {
        "peso": 0.2522152421923819,
        "dimensiones": "Simple together attack often trip real.",
        "tipo_material": "One view common first.",
        "color": "Especially seem world.",
        "pasajero": 42
    }
},
{
    "model": "apaeropuerto.equipaje",
    "pk": 39,
    "fields": {
        "peso": 0.8967918996634329,
        "dimensiones": "Factor customer free woman option left.",
        "tipo_material": "Glass seek past drug goal.",
        "color": "Time floor blood light general candidate.",
        "pasajero": 28
    }
},
{
    "model": "apaeropuerto.equipaje",
    "pk": 40,
    "fields": {
        "peso": 0.9101567054361547,
        "dimensiones": "Measure moment season.",
        "tipo_material": "Blood individual lose.",
        "color": "Establish entire think control.",
        "pasajero": 38
    }
},
{
    "model": "apaeropuerto.equipaje",
    "pk": 41,
    "fields": {
        "peso": 0.6138733326522975,
        "dimensiones": "Stock concern any air first special.",
        "tipo_material": "Middle feeling process.",
        "color": "Worker black hit forward.",
        "pasajero": 4
    }
},
{
    "model": "apaeropuerto.equipaje",
    "pk": 42,
    "fields": {
        "peso": 0.7339654259226204,
        "dimensiones": "Father this plan why much change.",
        "tipo_material": "Skill big gun guess.",
        "color": "In west cell economy discover.",
        "pasajero": 23
    }
},
{
    "model": "apaeropuerto.equipaje",
    "pk": 43,
    "fields": {
        "peso": 0.24638897834482743,
        "dimensiones": "Others writer spend. Fast car well the.",
        "tipo_material": "Personal bill begin clearly.",
        "color": "Again reveal while these item.",
        "pasajero": 35
    }
},
{
    "model": "apaeropuerto.equipaje",
    "pk": 44,
    "fields": {
        "peso": 0.7246303185595064,
        "dimensiones": "High huge great.",
        "tipo_material": "Defense cut high issue cell.",
        "color": "Society between television.",
        "pasajero": 43
    }
},
{
    "model": "apaeropuerto.equipaje",
    "pk": 45,
    "fields": {
        "peso": 0.6269781005158426,
        "dimensiones": "Off live issue including will care.",
        "tipo_material": "Apply occur eye.",
        "color": "Respond beat but another whom another subject.",
        "pasajero": 24
    }
},
{
    "model": "apaeropuerto.equipaje",
    "pk": 46,
    "fields": {
        "peso": 0.7670662016534905,
        "dimensiones": "Involve whose for town Mr.",
        "tipo_material": "Plan last dark onto she.",
        "color": "Find head true effort three design discover.",
        "pasajero": 25
    }
},
{
    "model": "apaeropuerto.equipaje",
    "pk": 47,
    "fields": {
        "peso": 0.6240072345212271,
        "dimensiones": "Section professional money herself that maybe.",
        "tipo_material": "Well short young site.",
        "color": "Author especially practice analysis.",
        "pasajero": 7
    }
},
{
    "model": "apaeropuerto.equipaje",
    "pk": 48,
    "fields": {
        "peso": 0.4456497732450718,
        "dimensiones": "Center direction beat in.",
        "tipo_material": "Author dinner ten consider.",
        "color": "Appear early again. Social piece something.",
        "pasajero": 18
    }
},
{
    "model": "apaeropuerto.equipaje",
    "pk": 49,
    "fields": {
        "peso": 0.6062511597599609,
        "dimensiones": "Identify institution score others.",
        "tipo_material": "Growth like office model.",
        "color": "Attorney black teacher instead.",
        "pasajero": 19
    }
},
{
    "model": "apaeropuerto.equipaje",
    "pk": 50,
    "fields": {
        "peso": 0.24742775650004079,
        "dimensiones": "Wide deal easy material.",
        "tipo_material": "Require safe degree.",
        "color": "Hair so shoulder understand song sport.",
        "pasajero": 44
    }
},
{
    "model": "apaeropuerto.vueloaerolinea",
    "pk": 1,
    "fields": {
        "fecha_operacion": null,
        "estado": "",
        "clase": "E",
        "incidencias": "",
        "vuelo": 1,
        "aerolinea": 21
    }
},
{
    "model": "apaeropuerto.vueloaerolinea",
    "pk": 2,
    "fields": {
        "fecha_operacion": null,
        "estado": "",
        "clase": "E",
        "incidencias": "",
        "vuelo": 1,
        "aerolinea": 5
    }
},
{
    "model": "apaeropuerto.vueloaerolinea",
    "pk": 3,
    "fields": {
        "fecha_operacion": null,
        "estado": "",
        "clase": "E",
        "incidencias": "",
        "vuelo": 1,
        "aerolinea": 14
    }
},
{
    "model": "apaeropuerto.vueloaerolinea",
    "pk": 4,
    "fields": {
        "fecha_operacion": null,
        "estado": "",
        "clase": "E",
        "incidencias": "",
        "vuelo": 1,
        "aerolinea": 49
    }
},
{
    "model": "apaeropuerto.vueloaerolinea",
    "pk": 5,
    "fields": {
        "fecha_operacion": null,
        "estado": "",
        "clase": "E",
        "incidencias": "",
        "vuelo": 1,
        "aerolinea": 33
    }
},
{
    "model": "apaeropuerto.vueloaerolinea",
    "pk": 6,
    "fields": {
        "fecha_operacion": null,
        "estado": "",
        "clase": "E",
        "incidencias": "",
        "vuelo": 1,
        "aerolinea": 38
    }
},
{
    "model": "apaeropuerto.vueloaerolinea",
    "pk": 7,
    "fields": {
        "fecha_operacion": null,
        "estado": "",
        "clase": "E",
        "incidencias": "",
        "vuelo": 1,
        "aerolinea": 39
    }
},
{
    "model": "apaeropuerto.vueloaerolinea",
    "pk": 8,
    "fields": {
        "fecha_operacion": null,
        "estado": "",
        "clase": "E",
        "incidencias": "",
        "vuelo": 2,
        "aerolinea": 14
    }
},
{
    "model": "apaeropuerto.vueloaerolinea",
    "pk": 9,
    "fields": {
        "fecha_operacion": null,
        "estado": "",
        "clase": "E",
        "incidencias": "",
        "vuelo": 2,
        "aerolinea": 13
    }
},
{
    "model": "apaeropuerto.vueloaerolinea",
    "pk": 10,
    "fields": {
        "fecha_operacion": null,
        "estado": "",
        "clase": "E",
        "incidencias": "",
        "vuelo": 2,
        "aerolinea": 37
    }
},
{
    "model": "apaeropuerto.vueloaerolinea",
    "pk": 11,
    "fields": {
        "fecha_operacion": null,
        "estado": "",
        "clase": "E",
        "incidencias": "",
        "vuelo": 2,
        "aerolinea": 5
    }
},
{
    "model": "apaeropuerto.vueloaerolinea",
    "pk": 12,
    "fields": {
        "fecha_operacion": null,
        "estado": "",
        "clase": "E",
        "incidencias": "",
        "vuelo": 2,
        "aerolinea": 30
    }
},
{
    "model": "apaeropuerto.vueloaerolinea",
    "pk": 13,
    "fields": {
        "fecha_operacion": null,
        "estado": "",
        "clase": "E",
        "incidencias": "",
        "vuelo": 2,
        "aerolinea": 17
    }
},
{
    "model": "apaeropuerto.vueloaerolinea",
    "pk": 14,
    "fields": {
        "fecha_operacion": null,
        "estado": "",
        "clase": "E",
        "incidencias": "",
        "vuelo": 2,
        "aerolinea": 20
    }
},
{
    "model": "apaeropuerto.vueloaerolinea",
    "pk": 15,
    "fields": {
        "fecha_operacion": null,
        "estado": "",
        "clase": "E",
        "incidencias": "",
        "vuelo": 2,
        "aerolinea": 27
    }
},
{
    "model": "apaeropuerto.vueloaerolinea",
    "pk": 16,
    "fields": {
        "fecha_operacion": null,
        "estado": "",
        "clase": "E",
        "incidencias": "",
        "vuelo": 2,
        "aerolinea": 4
    }
},
{
    "model": "apaeropuerto.vueloaerolinea",
    "pk": 17,
    "fields": {
        "fecha_operacion": null,
        "estado": "",
        "clase": "E",
        "incidencias": "",
        "vuelo": 3,
        "aerolinea": 42
    }
},
{
    "model": "apaeropuerto.vueloaerolinea",
    "pk": 18,
    "fields": {
        "fecha_operacion": null,
        "estado": "",
        "clase": "E",
        "incidencias": "",
        "vuelo": 4,
        "aerolinea": 16
    }
},
{
    "model": "apaeropuerto.vueloaerolinea",
    "pk": 19,
    "fields": {
        "fecha_operacion": null,
        "estado": "",
        "clase": "E",
        "incidencias": "",
        "vuelo": 4,
        "aerolinea": 20
    }
},
{
    "model": "apaeropuerto.vueloaerolinea",
    "pk": 20,
    "fields": {
        "fecha_operacion": null,
        "estado": "",
        "clase": "E",
        "incidencias": "",
        "vuelo": 4,
        "aerolinea": 34
    }
},
{
    "model": "apaeropuerto.vueloaerolinea",
    "pk": 21,
    "fields": {
        "fecha_operacion": null,
        "estado": "",
        "clase": "E",
        "incidencias": "",
        "vuelo": 4,
        "aerolinea": 11
    }
},
{
    "model": "apaeropuerto.vueloaerolinea",
    "pk": 22,
    "fields": {
        "fecha_operacion": null,
        "estado": "",
        "clase": "E",
        "incidencias": "",
        "vuelo": 4,
        "aerolinea": 45
    }
},
{
    "model": "apaeropuerto.vueloaerolinea",
    "pk": 23,
    "fields": {
        "fecha_operacion": null,
        "estado": "",
        "clase": "E",
        "incidencias": "",
        "vuelo": 5,
        "aerolinea": 46
    }
},
{
    "model": "apaeropuerto.vueloaerolinea",
    "pk": 24,
    "fields": {
        "fecha_operacion": null,
        "estado": "",
        "clase": "E",
        "incidencias": "",
        "vuelo": 5,
        "aerolinea": 20
    }
},
{
    "model": "apaeropuerto.vueloaerolinea",
    "pk": 25,
    "fields": {
        "fecha_operacion": null,
        "estado": "",
        "clase": "E",
        "incidencias": "",
        "vuelo": 6,
        "aerolinea": 33
    }
},
{
    "model": "apaeropuerto.vueloaerolinea",
    "pk": 26,
    "fields": {
        "fecha_operacion": null,
        "estado": "",
        "clase": "E",
        "incidencias": "",
        "vuelo": 6,
        "aerolinea": 47
    }
},
{
    "model": "apaeropuerto.vueloaerolinea",
    "pk": 27,
    "fields": {
        "fecha_operacion": null,
        "estado": "",
        "clase": "E",
        "incidencias": "",
        "vuelo": 6,
        "aerolinea": 4
    }
},
{
    "model": "apaeropuerto.vueloaerolinea",
    "pk": 28,
    "fields": {
        "fecha_operacion": null,
        "estado": "",
        "clase": "E",
        "incidencias": "",
        "vuelo": 6,
        "aerolinea": 18
    }
},
{
    "model": "apaeropuerto.vueloaerolinea",
    "pk": 29,
    "fields": {
        "fecha_operacion": null,
        "estado": "",
        "clase": "E",
        "incidencias": "",
        "vuelo": 6,
        "aerolinea": 44
    }
},
{
    "model": "apaeropuerto.vueloaerolinea",
    "pk": 30,
    "fields": {
        "fecha_operacion": null,
        "estado": "",
        "clase": "E",
        "incidencias": "",
        "vuelo": 7,
        "aerolinea": 17
    }
},
{
    "model": "apaeropuerto.vueloaerolinea",
    "pk": 31,
    "fields": {
        "fecha_operacion": null,
        "estado": "",
        "clase": "E",
        "incidencias": "",
        "vuelo": 7,
        "aerolinea": 21
    }
},
{
    "model": "apaeropuerto.vueloaerolinea",
    "pk": 32,
    "fields": {
        "fecha_operacion": null,
        "estado": "",
        "clase": "E",
        "incidencias": "",
        "vuelo": 8,
        "aerolinea": 22
    }
},
{
    "model": "apaeropuerto.vueloaerolinea",
    "pk": 33,
    "fields": {
        "fecha_operacion": null,
        "estado": "",
        "clase": "E",
        "incidencias": "",
        "vuelo": 8,
        "aerolinea": 3
    }
},
{
    "model": "apaeropuerto.vueloaerolinea",
    "pk": 34,
    "fields": {
        "fecha_operacion": null,
        "estado": "",
        "clase": "E",
        "incidencias": "",
        "vuelo": 8,
        "aerolinea": 1
    }
},
{
    "model": "apaeropuerto.vueloaerolinea",
    "pk": 35,
    "fields": {
        "fecha_operacion": null,
        "estado": "",
        "clase": "E",
        "incidencias": "",
        "vuelo": 9,
        "aerolinea": 22
    }
},
{
    "model": "apaeropuerto.vueloaerolinea",
    "pk": 36,
    "fields": {
        "fecha_operacion": null,
        "estado": "",
        "clase": "E",
        "incidencias": "",
        "vuelo": 9,
        "aerolinea": 19
    }
},
{
    "model": "apaeropuerto.vueloaerolinea",
    "pk": 37,
    "fields": {
        "fecha_operacion": null,
        "estado": "",
        "clase": "E",
        "incidencias": "",
        "vuelo": 9,
        "aerolinea": 13
    }
},
{
    "model": "apaeropuerto.vueloaerolinea",
    "pk": 38,
    "fields": {
        "fecha_operacion": null,
        "estado": "",
        "clase": "E",
        "incidencias": "",
        "vuelo": 9,
        "aerolinea": 3
    }
},
{
    "model": "apaeropuerto.vueloaerolinea",
    "pk": 39,
    "fields": {
        "fecha_operacion": null,
        "estado": "",
        "clase": "E",
        "incidencias": "",
        "vuelo": 9,
        "aerolinea": 29
    }
},
{
    "model": "apaeropuerto.vueloaerolinea",
    "pk": 40,
    "fields": {
        "fecha_operacion": null,
        "estado": "",
        "clase": "E",
        "incidencias": "",
        "vuelo": 10,
        "aerolinea": 45
    }
},
{
    "model": "apaeropuerto.vueloaerolinea",
    "pk": 41,
    "fields": {
        "fecha_operacion": null,
        "estado": "",
        "clase": "E",
        "incidencias": "",
        "vuelo": 10,
        "aerolinea": 13
    }
},
{
    "model": "apaeropuerto.vueloaerolinea",
    "pk": 42,
    "fields": {
        "fecha_operacion": null,
        "estado": "",
        "clase": "E",
        "incidencias": "",
        "vuelo": 10,
        "aerolinea": 20
    }
},
{
    "model": "apaeropuerto.vueloaerolinea",
    "pk": 43,
    "fields": {
        "fecha_operacion": null,
        "estado": "",
        "clase": "E",
        "incidencias": "",
        "vuelo": 10,
        "aerolinea": 46
    }
},
{
    "model": "apaeropuerto.vueloaerolinea",
    "pk": 44,
    "fields": {
        "fecha_operacion": null,
        "estado": "",
        "clase": "E",
        "incidencias": "",
        "vuelo": 10,
        "aerolinea": 11
    }
},
{
    "model": "apaeropuerto.vueloaerolinea",
    "pk": 45,
    "fields": {
        "fecha_operacion": null,
        "estado": "",
        "clase": "E",
        "incidencias": "",
        "vuelo": 10,
        "aerolinea": 37
    }
},
{
    "model": "apaeropuerto.vueloaerolinea",
    "pk": 46,
    "fields": {
        "fecha_operacion": null,
        "estado": "",
        "clase": "E",
        "incidencias": "",
        "vuelo": 10,
        "aerolinea": 8
    }
},
{
    "model": "apaeropuerto.vueloaerolinea",
    "pk": 47,
    "fields": {
        "fecha_operacion": null,
        "estado": "",
        "clase": "E",
        "incidencias": "",
        "vuelo": 10,
        "aerolinea": 28
    }
},
{
    "model": "apaeropuerto.vueloaerolinea",
    "pk": 48,
    "fields": {
        "fecha_operacion": null,
        "estado": "",
        "clase": "E",
        "incidencias": "",
        "vuelo": 10,
        "aerolinea": 21
    }
},
{
    "model": "apaeropuerto.vueloaerolinea",
    "pk": 49,
    "fields": {
        "fecha_operacion": null,
        "estado": "",
        "clase": "E",
        "incidencias": "",
        "vuelo": 10,
        "aerolinea": 39
    }
},
{
    "model": "apaeropuerto.vueloaerolinea",
    "pk": 50,
    "fields": {
        "fecha_operacion": null,
        "estado": "",
        "clase": "E",
        "incidencias": "",
        "vuelo": 11,
        "aerolinea": 29
    }
},
{
    "model": "apaeropuerto.vueloaerolinea",
    "pk": 51,
    "fields": {
        "fecha_operacion": null,
        "estado": "",
        "clase": "E",
        "incidencias": "",
        "vuelo": 11,
        "aerolinea": 18
    }
},
{
    "model": "apaeropuerto.vueloaerolinea",
    "pk": 52,
    "fields": {
        "fecha_operacion": null,
        "estado": "",
        "clase": "E",
        "incidencias": "",
        "vuelo": 12,
        "aerolinea": 6
    }
},
{
    "model": "apaeropuerto.vueloaerolinea",
    "pk": 53,
    "fields": {
        "fecha_operacion": null,
        "estado": "",
        "clase": "E",
        "incidencias": "",
        "vuelo": 12,
        "aerolinea": 29
    }
},
{
    "model": "apaeropuerto.vueloaerolinea",
    "pk": 54,
    "fields": {
        "fecha_operacion": null,
        "estado": "",
        "clase": "E",
        "incidencias": "",
        "vuelo": 12,
        "aerolinea": 28
    }
},
{
    "model": "apaeropuerto.vueloaerolinea",
    "pk": 55,
    "fields": {
        "fecha_operacion": null,
        "estado": "",
        "clase": "E",
        "incidencias": "",
        "vuelo": 12,
        "aerolinea": 17
    }
},
{
    "model": "apaeropuerto.vueloaerolinea",
    "pk": 56,
    "fields": {
        "fecha_operacion": null,
        "estado": "",
        "clase": "E",
        "incidencias": "",
        "vuelo": 12,
        "aerolinea": 39
    }
},
{
    "model": "apaeropuerto.vueloaerolinea",
    "pk": 57,
    "fields": {
        "fecha_operacion": null,
        "estado": "",
        "clase": "E",
        "incidencias": "",
        "vuelo": 12,
        "aerolinea": 21
    }
},
{
    "model": "apaeropuerto.vueloaerolinea",
    "pk": 58,
    "fields": {
        "fecha_operacion": null,
        "estado": "",
        "clase": "E",
        "incidencias": "",
        "vuelo": 12,
        "aerolinea": 27
    }
},
{
    "model": "apaeropuerto.vueloaerolinea",
    "pk": 59,
    "fields": {
        "fecha_operacion": null,
        "estado": "",
        "clase": "E",
        "incidencias": "",
        "vuelo": 12,
        "aerolinea": 8
    }
},
{
    "model": "apaeropuerto.vueloaerolinea",
    "pk": 60,
    "fields": {
        "fecha_operacion": null,
        "estado": "",
        "clase": "E",
        "incidencias": "",
        "vuelo": 13,
        "aerolinea": 18
    }
},
{
    "model": "apaeropuerto.vueloaerolinea",
    "pk": 61,
    "fields": {
        "fecha_operacion": null,
        "estado": "",
        "clase": "E",
        "incidencias": "",
        "vuelo": 13,
        "aerolinea": 42
    }
},
{
    "model": "apaeropuerto.vueloaerolinea",
    "pk": 62,
    "fields": {
        "fecha_operacion": null,
        "estado": "",
        "clase": "E",
        "incidencias": "",
        "vuelo": 13,
        "aerolinea": 29
    }
},
{
    "model": "apaeropuerto.vueloaerolinea",
    "pk": 63,
    "fields": {
        "fecha_operacion": null,
        "estado": "",
        "clase": "E",
        "incidencias": "",
        "vuelo": 13,
        "aerolinea": 1
    }
},
{
    "model": "apaeropuerto.vueloaerolinea",
    "pk": 64,
    "fields": {
        "fecha_operacion": null,
        "estado": "",
        "clase": "E",
        "incidencias": "",
        "vuelo": 13,
        "aerolinea": 9
    }
},
{
    "model": "apaeropuerto.vueloaerolinea",
    "pk": 65,
    "fields": {
        "fecha_operacion": null,
        "estado": "",
        "clase": "E",
        "incidencias": "",
        "vuelo": 13,
        "aerolinea": 12
    }
},
{
    "model": "apaeropuerto.vueloaerolinea",
    "pk": 66,
    "fields": {
        "fecha_operacion": null,
        "estado": "",
        "clase": "E",
        "incidencias": "",
        "vuelo": 13,
        "aerolinea": 33
    }
},
{
    "model": "apaeropuerto.vueloaerolinea",
    "pk": 67,
    "fields": {
        "fecha_operacion": null,
        "estado": "",
        "clase": "E",
        "incidencias": "",
        "vuelo": 14,
        "aerolinea": 18
    }
},
{
    "model": "apaeropuerto.vueloaerolinea",
    "pk": 68,
    "fields": {
        "fecha_operacion": null,
        "estado": "",
        "clase": "E",
        "incidencias": "",
        "vuelo": 14,
        "aerolinea": 8
    }
},
{
    "model": "apaeropuerto.vueloaerolinea",
    "pk": 69,
    "fields": {
        "fecha_operacion": null,
        "estado": "",
        "clase": "E",
        "incidencias": "",
        "vuelo": 14,
        "aerolinea": 45
    }
},
{
    "model": "apaeropuerto.vueloaerolinea",
    "pk": 70,
    "fields": {
        "fecha_operacion": null,
        "estado": "",
        "clase": "E",
        "incidencias": "",
        "vuelo": 14,
        "aerolinea": 2
    }
},
{
    "model": "apaeropuerto.vueloaerolinea",
    "pk": 71,
    "fields": {
        "fecha_operacion": null,
        "estado": "",
        "clase": "E",
        "incidencias": "",
        "vuelo": 14,
        "aerolinea": 32
    }
},
{
    "model": "apaeropuerto.vueloaerolinea",
    "pk": 72,
    "fields": {
        "fecha_operacion": null,
        "estado": "",
        "clase": "E",
        "incidencias": "",
        "vuelo": 15,
        "aerolinea": 3
    }
},
{
    "model": "apaeropuerto.vueloaerolinea",
    "pk": 73,
    "fields": {
        "fecha_operacion": null,
        "estado": "",
        "clase": "E",
        "incidencias": "",
        "vuelo": 15,
        "aerolinea": 35
    }
},
{
    "model": "apaeropuerto.vueloaerolinea",
    "pk": 74,
    "fields": {
        "fecha_operacion": null,
        "estado": "",
        "clase": "E",
        "incidencias": "",
        "vuelo": 15,
        "aerolinea": 25
    }
},
{
    "model": "apaeropuerto.vueloaerolinea",
    "pk": 75,
    "fields": {
        "fecha_operacion": null,
        "estado": "",
        "clase": "E",
        "incidencias": "",
        "vuelo": 16,
        "aerolinea": 15
    }
},
{
    "model": "apaeropuerto.vueloaerolinea",
    "pk": 76,
    "fields": {
        "fecha_operacion": null,
        "estado": "",
        "clase": "E",
        "incidencias": "",
        "vuelo": 16,
        "aerolinea": 27
    }
},
{
    "model": "apaeropuerto.vueloaerolinea",
    "pk": 77,
    "fields": {
        "fecha_operacion": null,
        "estado": "",
        "clase": "E",
        "incidencias": "",
        "vuelo": 16,
        "aerolinea": 24
    }
},
{
    "model": "apaeropuerto.vueloaerolinea",
    "pk": 78,
    "fields": {
        "fecha_operacion": null,
        "estado": "",
        "clase": "E",
        "incidencias": "",
        "vuelo": 16,
        "aerolinea": 6
    }
},
{
    "model": "apaeropuerto.vueloaerolinea",
    "pk": 79,
    "fields": {
        "fecha_operacion": null,
        "estado": "",
        "clase": "E",
        "incidencias": "",
        "vuelo": 16,
        "aerolinea": 42
    }
},
{
    "model": "apaeropuerto.vueloaerolinea",
    "pk": 80,
    "fields": {
        "fecha_operacion": null,
        "estado": "",
        "clase": "E",
        "incidencias": "",
        "vuelo": 16,
        "aerolinea": 50
    }
},
{
    "model": "apaeropuerto.vueloaerolinea",
    "pk": 81,
    "fields": {
        "fecha_operacion": null,
        "estado": "",
        "clase": "E",
        "incidencias": "",
        "vuelo": 16,
        "aerolinea": 14
    }
},
{
    "model": "apaeropuerto.vueloaerolinea",
    "pk": 82,
    "fields": {
        "fecha_operacion": null,
        "estado": "",
        "clase": "E",
        "incidencias": "",
        "vuelo": 17,
        "aerolinea": 6
    }
},
{
    "model": "apaeropuerto.vueloaerolinea",
    "pk": 83,
    "fields": {
        "fecha_operacion": null,
        "estado": "",
        "clase": "E",
        "incidencias": "",
        "vuelo": 17,
        "aerolinea": 42
    }
},
{
    "model": "apaeropuerto.vueloaerolinea",
    "pk": 84,
    "fields": {
        "fecha_operacion": null,
        "estado": "",
        "clase": "E",
        "incidencias": "",
        "vuelo": 17,
        "aerolinea": 21
    }
},
{
    "model": "apaeropuerto.vueloaerolinea",
    "pk": 85,
    "fields": {
        "fecha_operacion": null,
        "estado": "",
        "clase": "E",
        "incidencias": "",
        "vuelo": 17,
        "aerolinea": 4
    }
},
{
    "model": "apaeropuerto.vueloaerolinea",
    "pk": 86,
    "fields": {
        "fecha_operacion": null,
        "estado": "",
        "clase": "E",
        "incidencias": "",
        "vuelo": 17,
        "aerolinea": 15
    }
},
{
    "model": "apaeropuerto.vueloaerolinea",
    "pk": 87,
    "fields": {
        "fecha_operacion": null,
        "estado": "",
        "clase": "E",
        "incidencias": "",
        "vuelo": 17,
        "aerolinea": 36
    }
},
{
    "model": "apaeropuerto.vueloaerolinea",
    "pk": 88,
    "fields": {
        "fecha_operacion": null,
        "estado": "",
        "clase": "E",
        "incidencias": "",
        "vuelo": 17,
        "aerolinea": 14
    }
},
{
    "model": "apaeropuerto.vueloaerolinea",
    "pk": 89,
    "fields": {
        "fecha_operacion": null,
        "estado": "",
        "clase": "E",
        "incidencias": "",
        "vuelo": 17,
        "aerolinea": 50
    }
},
{
    "model": "apaeropuerto.vueloaerolinea",
    "pk": 90,
    "fields": {
        "fecha_operacion": null,
        "estado": "",
        "clase": "E",
        "incidencias": "",
        "vuelo": 17,
        "aerolinea": 28
    }
},
{
    "model": "apaeropuerto.vueloaerolinea",
    "pk": 91,
    "fields": {
        "fecha_operacion": null,
        "estado": "",
        "clase": "E",
        "incidencias": "",
        "vuelo": 17,
        "aerolinea": 35
    }
},
{
    "model": "apaeropuerto.vueloaerolinea",
    "pk": 92,
    "fields": {
        "fecha_operacion": null,
        "estado": "",
        "clase": "E",
        "incidencias": "",
        "vuelo": 18,
        "aerolinea": 44
    }
},
{
    "model": "apaeropuerto.vueloaerolinea",
    "pk": 93,
    "fields": {
        "fecha_operacion": null,
        "estado": "",
        "clase": "E",
        "incidencias": "",
        "vuelo": 18,
        "aerolinea": 39
    }
},
{
    "model": "apaeropuerto.vueloaerolinea",
    "pk": 94,
    "fields": {
        "fecha_operacion": null,
        "estado": "",
        "clase": "E",
        "incidencias": "",
        "vuelo": 18,
        "aerolinea": 24
    }
},
{
    "model": "apaeropuerto.vueloaerolinea",
    "pk": 95,
    "fields": {
        "fecha_operacion": null,
        "estado": "",
        "clase": "E",
        "incidencias": "",
        "vuelo": 18,
        "aerolinea": 45
    }
},
{
    "model": "apaeropuerto.vueloaerolinea",
    "pk": 96,
    "fields": {
        "fecha_operacion": null,
        "estado": "",
        "clase": "E",
        "incidencias": "",
        "vuelo": 19,
        "aerolinea": 41
    }
},
{
    "model": "apaeropuerto.vueloaerolinea",
    "pk": 97,
    "fields": {
        "fecha_operacion": null,
        "estado": "",
        "clase": "E",
        "incidencias": "",
        "vuelo": 20,
        "aerolinea": 21
    }
},
{
    "model": "apaeropuerto.vueloaerolinea",
    "pk": 98,
    "fields": {
        "fecha_operacion": null,
        "estado": "",
        "clase": "E",
        "incidencias": "",
        "vuelo": 20,
        "aerolinea": 20
    }
},
{
    "model": "apaeropuerto.vueloaerolinea",
    "pk": 99,
    "fields": {
        "fecha_operacion": null,
        "estado": "",
        "clase": "E",
        "incidencias": "",
        "vuelo": 20,
        "aerolinea": 9
    }
},
{
    "model": "apaeropuerto.vueloaerolinea",
    "pk": 100,
    "fields": {
        "fecha_operacion": null,
        "estado": "",
        "clase": "E",
        "incidencias": "",
        "vuelo": 20,
        "aerolinea": 35
    }
},
{
    "model": "apaeropuerto.vueloaerolinea",
    "pk": 101,
    "fields": {
        "fecha_operacion": null,
        "estado": "",
        "clase": "E",
        "incidencias": "",
        "vuelo": 20,
        "aerolinea": 41
    }
},
{
    "model": "apaeropuerto.vueloaerolinea",
    "pk": 102,
    "fields": {
        "fecha_operacion": null,
        "estado": "",
        "clase": "E",
        "incidencias": "",
        "vuelo": 20,
        "aerolinea": 6
    }
},
{
    "model": "apaeropuerto.vueloaerolinea",
    "pk": 103,
    "fields": {
        "fecha_operacion": null,
        "estado": "",
        "clase": "E",
        "incidencias": "",
        "vuelo": 21,
        "aerolinea": 47
    }
},
{
    "model": "apaeropuerto.vueloaerolinea",
    "pk": 104,
    "fields": {
        "fecha_operacion": null,
        "estado": "",
        "clase": "E",
        "incidencias": "",
        "vuelo": 21,
        "aerolinea": 2
    }
},
{
    "model": "apaeropuerto.vueloaerolinea",
    "pk": 105,
    "fields": {
        "fecha_operacion": null,
        "estado": "",
        "clase": "E",
        "incidencias": "",
        "vuelo": 21,
        "aerolinea": 41
    }
},
{
    "model": "apaeropuerto.vueloaerolinea",
    "pk": 106,
    "fields": {
        "fecha_operacion": null,
        "estado": "",
        "clase": "E",
        "incidencias": "",
        "vuelo": 21,
        "aerolinea": 45
    }
},
{
    "model": "apaeropuerto.vueloaerolinea",
    "pk": 107,
    "fields": {
        "fecha_operacion": null,
        "estado": "",
        "clase": "E",
        "incidencias": "",
        "vuelo": 21,
        "aerolinea": 21
    }
},
{
    "model": "apaeropuerto.vueloaerolinea",
    "pk": 108,
    "fields": {
        "fecha_operacion": null,
        "estado": "",
        "clase": "E",
        "incidencias": "",
        "vuelo": 21,
        "aerolinea": 5
    }
},
{
    "model": "apaeropuerto.vueloaerolinea",
    "pk": 109,
    "fields": {
        "fecha_operacion": null,
        "estado": "",
        "clase": "E",
        "incidencias": "",
        "vuelo": 21,
        "aerolinea": 43
    }
},
{
    "model": "apaeropuerto.vueloaerolinea",
    "pk": 110,
    "fields": {
        "fecha_operacion": null,
        "estado": "",
        "clase": "E",
        "incidencias": "",
        "vuelo": 21,
        "aerolinea": 12
    }
},
{
    "model": "apaeropuerto.vueloaerolinea",
    "pk": 111,
    "fields": {
        "fecha_operacion": null,
        "estado": "",
        "clase": "E",
        "incidencias": "",
        "vuelo": 22,
        "aerolinea": 10
    }
},
{
    "model": "apaeropuerto.vueloaerolinea",
    "pk": 112,
    "fields": {
        "fecha_operacion": null,
        "estado": "",
        "clase": "E",
        "incidencias": "",
        "vuelo": 23,
        "aerolinea": 20
    }
},
{
    "model": "apaeropuerto.vueloaerolinea",
    "pk": 113,
    "fields": {
        "fecha_operacion": null,
        "estado": "",
        "clase": "E",
        "incidencias": "",
        "vuelo": 23,
        "aerolinea": 31
    }
},
{
    "model": "apaeropuerto.vueloaerolinea",
    "pk": 114,
    "fields": {
        "fecha_operacion": null,
        "estado": "",
        "clase": "E",
        "incidencias": "",
        "vuelo": 23,
        "aerolinea": 8
    }
},
{
    "model": "apaeropuerto.vueloaerolinea",
    "pk": 115,
    "fields": {
        "fecha_operacion": null,
        "estado": "",
        "clase": "E",
        "incidencias": "",
        "vuelo": 23,
        "aerolinea": 38
    }
},
{
    "model": "apaeropuerto.vueloaerolinea",
    "pk": 116,
    "fields": {
        "fecha_operacion": null,
        "estado": "",
        "clase": "E",
        "incidencias": "",
        "vuelo": 24,
        "aerolinea": 37
    }
},
{
    "model": "apaeropuerto.vueloaerolinea",
    "pk": 117,
    "fields": {
        "fecha_operacion": null,
        "estado": "",
        "clase": "E",
        "incidencias": "",
        "vuelo": 24,
        "aerolinea": 18
    }
},
{
    "model": "apaeropuerto.vueloaerolinea",
    "pk": 118,
    "fields": {
        "fecha_operacion": null,
        "estado": "",
        "clase": "E",
        "incidencias": "",
        "vuelo": 24,
        "aerolinea": 45
    }
},
{
    "model": "apaeropuerto.vueloaerolinea",
    "pk": 119,
    "fields": {
        "fecha_operacion": null,
        "estado": "",
        "clase": "E",
        "incidencias": "",
        "vuelo": 24,
        "aerolinea": 15
    }
},
{
    "model": "apaeropuerto.vueloaerolinea",
    "pk": 120,
    "fields": {
        "fecha_operacion": null,
        "estado": "",
        "clase": "E",
        "incidencias": "",
        "vuelo": 24,
        "aerolinea": 33
    }
},
{
    "model": "apaeropuerto.vueloaerolinea",
    "pk": 121,
    "fields": {
        "fecha_operacion": null,
        "estado": "",
        "clase": "E",
        "incidencias": "",
        "vuelo": 24,
        "aerolinea": 43
    }
},
{
    "model": "apaeropuerto.vueloaerolinea",
    "pk": 122,
    "fields": {
        "fecha_operacion": null,
        "estado": "",
        "clase": "E",
        "incidencias": "",
        "vuelo": 24,
        "aerolinea": 28
    }
},
{
    "model": "apaeropuerto.vueloaerolinea",
    "pk": 123,
    "fields": {
        "fecha_operacion": null,
        "estado": "",
        "clase": "E",
        "incidencias": "",
        "vuelo": 24,
        "aerolinea": 32
    }
},
{
    "model": "apaeropuerto.vueloaerolinea",
    "pk": 124,
    "fields": {
        "fecha_operacion": null,
        "estado": "",
        "clase": "E",
        "incidencias": "",
        "vuelo": 25,
        "aerolinea": 16
    }
},
{
    "model": "apaeropuerto.vueloaerolinea",
    "pk": 125,
    "fields": {
        "fecha_operacion": null,
        "estado": "",
        "clase": "E",
        "incidencias": "",
        "vuelo": 25,
        "aerolinea": 40
    }
},
{
    "model": "apaeropuerto.vueloaerolinea",
    "pk": 126,
    "fields": {
        "fecha_operacion": null,
        "estado": "",
        "clase": "E",
        "incidencias": "",
        "vuelo": 25,
        "aerolinea": 15
    }
},
{
    "model": "apaeropuerto.vueloaerolinea",
    "pk": 127,
    "fields": {
        "fecha_operacion": null,
        "estado": "",
        "clase": "E",
        "incidencias": "",
        "vuelo": 25,
        "aerolinea": 25
    }
},
{
    "model": "apaeropuerto.vueloaerolinea",
    "pk": 128,
    "fields": {
        "fecha_operacion": null,
        "estado": "",
        "clase": "E",
        "incidencias": "",
        "vuelo": 25,
        "aerolinea": 27
    }
},
{
    "model": "apaeropuerto.vueloaerolinea",
    "pk": 129,
    "fields": {
        "fecha_operacion": null,
        "estado": "",
        "clase": "E",
        "incidencias": "",
        "vuelo": 25,
        "aerolinea": 32
    }
},
{
    "model": "apaeropuerto.vueloaerolinea",
    "pk": 130,
    "fields": {
        "fecha_operacion": null,
        "estado": "",
        "clase": "E",
        "incidencias": "",
        "vuelo": 25,
        "aerolinea": 37
    }
},
{
    "model": "apaeropuerto.vueloaerolinea",
    "pk": 131,
    "fields": {
        "fecha_operacion": null,
        "estado": "",
        "clase": "E",
        "incidencias": "",
        "vuelo": 26,
        "aerolinea": 40
    }
},
{
    "model": "apaeropuerto.vueloaerolinea",
    "pk": 132,
    "fields": {
        "fecha_operacion": null,
        "estado": "",
        "clase": "E",
        "incidencias": "",
        "vuelo": 26,
        "aerolinea": 46
    }
},
{
    "model": "apaeropuerto.vueloaerolinea",
    "pk": 133,
    "fields": {
        "fecha_operacion": null,
        "estado": "",
        "clase": "E",
        "incidencias": "",
        "vuelo": 26,
        "aerolinea": 22
    }
},
{
    "model": "apaeropuerto.vueloaerolinea",
    "pk": 134,
    "fields": {
        "fecha_operacion": null,
        "estado": "",
        "clase": "E",
        "incidencias": "",
        "vuelo": 26,
        "aerolinea": 31
    }
},
{
    "model": "apaeropuerto.vueloaerolinea",
    "pk": 135,
    "fields": {
        "fecha_operacion": null,
        "estado": "",
        "clase": "E",
        "incidencias": "",
        "vuelo": 26,
        "aerolinea": 28
    }
},
{
    "model": "apaeropuerto.vueloaerolinea",
    "pk": 136,
    "fields": {
        "fecha_operacion": null,
        "estado": "",
        "clase": "E",
        "incidencias": "",
        "vuelo": 26,
        "aerolinea": 26
    }
},
{
    "model": "apaeropuerto.vueloaerolinea",
    "pk": 137,
    "fields": {
        "fecha_operacion": null,
        "estado": "",
        "clase": "E",
        "incidencias": "",
        "vuelo": 27,
        "aerolinea": 12
    }
},
{
    "model": "apaeropuerto.vueloaerolinea",
    "pk": 138,
    "fields": {
        "fecha_operacion": null,
        "estado": "",
        "clase": "E",
        "incidencias": "",
        "vuelo": 27,
        "aerolinea": 4
    }
},
{
    "model": "apaeropuerto.vueloaerolinea",
    "pk": 139,
    "fields": {
        "fecha_operacion": null,
        "estado": "",
        "clase": "E",
        "incidencias": "",
        "vuelo": 27,
        "aerolinea": 25
    }
},
{
    "model": "apaeropuerto.vueloaerolinea",
    "pk": 140,
    "fields": {
        "fecha_operacion": null,
        "estado": "",
        "clase": "E",
        "incidencias": "",
        "vuelo": 27,
        "aerolinea": 5
    }
},
{
    "model": "apaeropuerto.vueloaerolinea",
    "pk": 141,
    "fields": {
        "fecha_operacion": null,
        "estado": "",
        "clase": "E",
        "incidencias": "",
        "vuelo": 27,
        "aerolinea": 47
    }
},
{
    "model": "apaeropuerto.vueloaerolinea",
    "pk": 142,
    "fields": {
        "fecha_operacion": null,
        "estado": "",
        "clase": "E",
        "incidencias": "",
        "vuelo": 27,
        "aerolinea": 31
    }
},
{
    "model": "apaeropuerto.vueloaerolinea",
    "pk": 143,
    "fields": {
        "fecha_operacion": null,
        "estado": "",
        "clase": "E",
        "incidencias": "",
        "vuelo": 27,
        "aerolinea": 44
    }
},
{
    "model": "apaeropuerto.vueloaerolinea",
    "pk": 144,
    "fields": {
        "fecha_operacion": null,
        "estado": "",
        "clase": "E",
        "incidencias": "",
        "vuelo": 27,
        "aerolinea": 42
    }
},
{
    "model": "apaeropuerto.vueloaerolinea",
    "pk": 145,
    "fields": {
        "fecha_operacion": null,
        "estado": "",
        "clase": "E",
        "incidencias": "",
        "vuelo": 28,
        "aerolinea": 23
    }
},
{
    "model": "apaeropuerto.vueloaerolinea",
    "pk": 146,
    "fields": {
        "fecha_operacion": null,
        "estado": "",
        "clase": "E",
        "incidencias": "",
        "vuelo": 28,
        "aerolinea": 36
    }
},
{
    "model": "apaeropuerto.vueloaerolinea",
    "pk": 147,
    "fields": {
        "fecha_operacion": null,
        "estado": "",
        "clase": "E",
        "incidencias": "",
        "vuelo": 28,
        "aerolinea": 25
    }
},
{
    "model": "apaeropuerto.vueloaerolinea",
    "pk": 148,
    "fields": {
        "fecha_operacion": null,
        "estado": "",
        "clase": "E",
        "incidencias": "",
        "vuelo": 28,
        "aerolinea": 18
    }
},
{
    "model": "apaeropuerto.vueloaerolinea",
    "pk": 149,
    "fields": {
        "fecha_operacion": null,
        "estado": "",
        "clase": "E",
        "incidencias": "",
        "vuelo": 28,
        "aerolinea": 27
    }
},
{
    "model": "apaeropuerto.vueloaerolinea",
    "pk": 150,
    "fields": {
        "fecha_operacion": null,
        "estado": "",
        "clase": "E",
        "incidencias": "",
        "vuelo": 28,
        "aerolinea": 1
    }
},
{
    "model": "apaeropuerto.vueloaerolinea",
    "pk": 151,
    "fields": {
        "fecha_operacion": null,
        "estado": "",
        "clase": "E",
        "incidencias": "",
        "vuelo": 28,
        "aerolinea": 21
    }
},
{
    "model": "apaeropuerto.vueloaerolinea",
    "pk": 152,
    "fields": {
        "fecha_operacion": null,
        "estado": "",
        "clase": "E",
        "incidencias": "",
        "vuelo": 28,
        "aerolinea": 11
    }
},
{
    "model": "apaeropuerto.vueloaerolinea",
    "pk": 153,
    "fields": {
        "fecha_operacion": null,
        "estado": "",
        "clase": "E",
        "incidencias": "",
        "vuelo": 28,
        "aerolinea": 15
    }
},
{
    "model": "apaeropuerto.vueloaerolinea",
    "pk": 154,
    "fields": {
        "fecha_operacion": null,
        "estado": "",
        "clase": "E",
        "incidencias": "",
        "vuelo": 29,
        "aerolinea": 27
    }
},
{
    "model": "apaeropuerto.vueloaerolinea",
    "pk": 155,
    "fields": {
        "fecha_operacion": null,
        "estado": "",
        "clase": "E",
        "incidencias": "",
        "vuelo": 29,
        "aerolinea": 31
    }
},
{
    "model": "apaeropuerto.vueloaerolinea",
    "pk": 156,
    "fields": {
        "fecha_operacion": null,
        "estado": "",
        "clase": "E",
        "incidencias": "",
        "vuelo": 29,
        "aerolinea": 46
    }
},
{
    "model": "apaeropuerto.vueloaerolinea",
    "pk": 157,
    "fields": {
        "fecha_operacion": null,
        "estado": "",
        "clase": "E",
        "incidencias": "",
        "vuelo": 29,
        "aerolinea": 23
    }
},
{
    "model": "apaeropuerto.vueloaerolinea",
    "pk": 158,
    "fields": {
        "fecha_operacion": null,
        "estado": "",
        "clase": "E",
        "incidencias": "",
        "vuelo": 30,
        "aerolinea": 44
    }
},
{
    "model": "apaeropuerto.vueloaerolinea",
    "pk": 159,
    "fields": {
        "fecha_operacion": null,
        "estado": "",
        "clase": "E",
        "incidencias": "",
        "vuelo": 30,
        "aerolinea": 28
    }
},
{
    "model": "apaeropuerto.vueloaerolinea",
    "pk": 160,
    "fields": {
        "fecha_operacion": null,
        "estado": "",
        "clase": "E",
        "incidencias": "",
        "vuelo": 30,
        "aerolinea": 11
    }
},
{
    "model": "apaeropuerto.vueloaerolinea",
    "pk": 161,
    "fields": {
        "fecha_operacion": null,
        "estado": "",
        "clase": "E",
        "incidencias": "",
        "vuelo": 30,
        "aerolinea": 46
    }
},
{
    "model": "apaeropuerto.vueloaerolinea",
    "pk": 162,
    "fields": {
        "fecha_operacion": null,
        "estado": "",
        "clase": "E",
        "incidencias": "",
        "vuelo": 30,
        "aerolinea": 3
    }
},
{
    "model": "apaeropuerto.vueloaerolinea",
    "pk": 163,
    "fields": {
        "fecha_operacion": null,
        "estado": "",
        "clase": "E",
        "incidencias": "",
        "vuelo": 30,
        "aerolinea": 48
    }
},
{
    "model": "apaeropuerto.vueloaerolinea",
    "pk": 164,
    "fields": {
        "fecha_operacion": null,
        "estado": "",
        "clase": "E",
        "incidencias": "",
        "vuelo": 30,
        "aerolinea": 24
    }
},
{
    "model": "apaeropuerto.vueloaerolinea",
    "pk": 165,
    "fields": {
        "fecha_operacion": null,
        "estado": "",
        "clase": "E",
        "incidencias": "",
        "vuelo": 31,
        "aerolinea": 41
    }
},
{
    "model": "apaeropuerto.vueloaerolinea",
    "pk": 166,
    "fields": {
        "fecha_operacion": null,
        "estado": "",
        "clase": "E",
        "incidencias": "",
        "vuelo": 31,
        "aerolinea": 27
    }
},
{
    "model": "apaeropuerto.vueloaerolinea",
    "pk": 167,
    "fields": {
        "fecha_operacion": null,
        "estado": "",
        "clase": "E",
        "incidencias": "",
        "vuelo": 31,
        "aerolinea": 10
    }
},
{
    "model": "apaeropuerto.vueloaerolinea",
    "pk": 168,
    "fields": {
        "fecha_operacion": null,
        "estado": "",
        "clase": "E",
        "incidencias": "",
        "vuelo": 31,
        "aerolinea": 24
    }
},
{
    "model": "apaeropuerto.vueloaerolinea",
    "pk": 169,
    "fields": {
        "fecha_operacion": null,
        "estado": "",
        "clase": "E",
        "incidencias": "",
        "vuelo": 31,
        "aerolinea": 39
    }
},
{
    "model": "apaeropuerto.vueloaerolinea",
    "pk": 170,
    "fields": {
        "fecha_operacion": null,
        "estado": "",
        "clase": "E",
        "incidencias": "",
        "vuelo": 31,
        "aerolinea": 15
    }
},
{
    "model": "apaeropuerto.vueloaerolinea",
    "pk": 171,
    "fields": {
        "fecha_operacion": null,
        "estado": "",
        "clase": "E",
        "incidencias": "",
        "vuelo": 31,
        "aerolinea": 50
    }
},
{
    "model": "apaeropuerto.vueloaerolinea",
    "pk": 172,
    "fields": {
        "fecha_operacion": null,
        "estado": "",
        "clase": "E",
        "incidencias": "",
        "vuelo": 31,
        "aerolinea": 3
    }
},
{
    "model": "apaeropuerto.vueloaerolinea",
    "pk": 173,
    "fields": {
        "fecha_operacion": null,
        "estado": "",
        "clase": "E",
        "incidencias": "",
        "vuelo": 31,
        "aerolinea": 45
    }
},
{
    "model": "apaeropuerto.vueloaerolinea",
    "pk": 174,
    "fields": {
        "fecha_operacion": null,
        "estado": "",
        "clase": "E",
        "incidencias": "",
        "vuelo": 31,
        "aerolinea": 38
    }
},
{
    "model": "apaeropuerto.vueloaerolinea",
    "pk": 175,
    "fields": {
        "fecha_operacion": null,
        "estado": "",
        "clase": "E",
        "incidencias": "",
        "vuelo": 32,
        "aerolinea": 14
    }
},
{
    "model": "apaeropuerto.vueloaerolinea",
    "pk": 176,
    "fields": {
        "fecha_operacion": null,
        "estado": "",
        "clase": "E",
        "incidencias": "",
        "vuelo": 32,
        "aerolinea": 47
    }
},
{
    "model": "apaeropuerto.vueloaerolinea",
    "pk": 177,
    "fields": {
        "fecha_operacion": null,
        "estado": "",
        "clase": "E",
        "incidencias": "",
        "vuelo": 32,
        "aerolinea": 10
    }
},
{
    "model": "apaeropuerto.vueloaerolinea",
    "pk": 178,
    "fields": {
        "fecha_operacion": null,
        "estado": "",
        "clase": "E",
        "incidencias": "",
        "vuelo": 33,
        "aerolinea": 45
    }
},
{
    "model": "apaeropuerto.vueloaerolinea",
    "pk": 179,
    "fields": {
        "fecha_operacion": null,
        "estado": "",
        "clase": "E",
        "incidencias": "",
        "vuelo": 33,
        "aerolinea": 1
    }
},
{
    "model": "apaeropuerto.vueloaerolinea",
    "pk": 180,
    "fields": {
        "fecha_operacion": null,
        "estado": "",
        "clase": "E",
        "incidencias": "",
        "vuelo": 33,
        "aerolinea": 44
    }
},
{
    "model": "apaeropuerto.vueloaerolinea",
    "pk": 181,
    "fields": {
        "fecha_operacion": null,
        "estado": "",
        "clase": "E",
        "incidencias": "",
        "vuelo": 33,
        "aerolinea": 31
    }
},
{
    "model": "apaeropuerto.vueloaerolinea",
    "pk": 182,
    "fields": {
        "fecha_operacion": null,
        "estado": "",
        "clase": "E",
        "incidencias": "",
        "vuelo": 33,
        "aerolinea": 22
    }
},
{
    "model": "apaeropuerto.vueloaerolinea",
    "pk": 183,
    "fields": {
        "fecha_operacion": null,
        "estado": "",
        "clase": "E",
        "incidencias": "",
        "vuelo": 33,
        "aerolinea": 34
    }
},
{
    "model": "apaeropuerto.vueloaerolinea",
    "pk": 184,
    "fields": {
        "fecha_operacion": null,
        "estado": "",
        "clase": "E",
        "incidencias": "",
        "vuelo": 33,
        "aerolinea": 48
    }
},
{
    "model": "apaeropuerto.vueloaerolinea",
    "pk": 185,
    "fields": {
        "fecha_operacion": null,
        "estado": "",
        "clase": "E",
        "incidencias": "",
        "vuelo": 34,
        "aerolinea": 39
    }
},
{
    "model": "apaeropuerto.vueloaerolinea",
    "pk": 186,
    "fields": {
        "fecha_operacion": null,
        "estado": "",
        "clase": "E",
        "incidencias": "",
        "vuelo": 35,
        "aerolinea": 28
    }
},
{
    "model": "apaeropuerto.vueloaerolinea",
    "pk": 187,
    "fields": {
        "fecha_operacion": null,
        "estado": "",
        "clase": "E",
        "incidencias": "",
        "vuelo": 35,
        "aerolinea": 5
    }
},
{
    "model": "apaeropuerto.vueloaerolinea",
    "pk": 188,
    "fields": {
        "fecha_operacion": null,
        "estado": "",
        "clase": "E",
        "incidencias": "",
        "vuelo": 35,
        "aerolinea": 37
    }
},
{
    "model": "apaeropuerto.vueloaerolinea",
    "pk": 189,
    "fields": {
        "fecha_operacion": null,
        "estado": "",
        "clase": "E",
        "incidencias": "",
        "vuelo": 35,
        "aerolinea": 14
    }
},
{
    "model": "apaeropuerto.vueloaerolinea",
    "pk": 190,
    "fields": {
        "fecha_operacion": null,
        "estado": "",
        "clase": "E",
        "incidencias": "",
        "vuelo": 36,
        "aerolinea": 25
    }
},
{
    "model": "apaeropuerto.vueloaerolinea",
    "pk": 191,
    "fields": {
        "fecha_operacion": null,
        "estado": "",
        "clase": "E",
        "incidencias": "",
        "vuelo": 36,
        "aerolinea": 32
    }
},
{
    "model": "apaeropuerto.vueloaerolinea",
    "pk": 192,
    "fields": {
        "fecha_operacion": null,
        "estado": "",
        "clase": "E",
        "incidencias": "",
        "vuelo": 36,
        "aerolinea": 18
    }
},
{
    "model": "apaeropuerto.vueloaerolinea",
    "pk": 193,
    "fields": {
        "fecha_operacion": null,
        "estado": "",
        "clase": "E",
        "incidencias": "",
        "vuelo": 36,
        "aerolinea": 8
    }
},
{
    "model": "apaeropuerto.vueloaerolinea",
    "pk": 194,
    "fields": {
        "fecha_operacion": null,
        "estado": "",
        "clase": "E",
        "incidencias": "",
        "vuelo": 36,
        "aerolinea": 39
    }
},
{
    "model": "apaeropuerto.vueloaerolinea",
    "pk": 195,
    "fields": {
        "fecha_operacion": null,
        "estado": "",
        "clase": "E",
        "incidencias": "",
        "vuelo": 36,
        "aerolinea": 26
    }
},
{
    "model": "apaeropuerto.vueloaerolinea",
    "pk": 196,
    "fields": {
        "fecha_operacion": null,
        "estado": "",
        "clase": "E",
        "incidencias": "",
        "vuelo": 36,
        "aerolinea": 44
    }
},
{
    "model": "apaeropuerto.vueloaerolinea",
    "pk": 197,
    "fields": {
        "fecha_operacion": null,
        "estado": "",
        "clase": "E",
        "incidencias": "",
        "vuelo": 36,
        "aerolinea": 19
    }
},
{
    "model": "apaeropuerto.vueloaerolinea",
    "pk": 198,
    "fields": {
        "fecha_operacion": null,
        "estado": "",
        "clase": "E",
        "incidencias": "",
        "vuelo": 37,
        "aerolinea": 25
    }
},
{
    "model": "apaeropuerto.vueloaerolinea",
    "pk": 199,
    "fields": {
        "fecha_operacion": null,
        "estado": "",
        "clase": "E",
        "incidencias": "",
        "vuelo": 37,
        "aerolinea": 13
    }
},
{
    "model": "apaeropuerto.vueloaerolinea",
    "pk": 200,
    "fields": {
        "fecha_operacion": null,
        "estado": "",
        "clase": "E",
        "incidencias": "",
        "vuelo": 37,
        "aerolinea": 38
    }
},
{
    "model": "apaeropuerto.vueloaerolinea",
    "pk": 201,
    "fields": {
        "fecha_operacion": null,
        "estado": "",
        "clase": "E",
        "incidencias": "",
        "vuelo": 37,
        "aerolinea": 18
    }
},
{
    "model": "apaeropuerto.vueloaerolinea",
    "pk": 202,
    "fields": {
        "fecha_operacion": null,
        "estado": "",
        "clase": "E",
        "incidencias": "",
        "vuelo": 37,
        "aerolinea": 14
    }
},
{
    "model": "apaeropuerto.vueloaerolinea",
    "pk": 203,
    "fields": {
        "fecha_operacion": null,
        "estado": "",
        "clase": "E",
        "incidencias": "",
        "vuelo": 37,
        "aerolinea": 17
    }
},
{
    "model": "apaeropuerto.vueloaerolinea",
    "pk": 204,
    "fields": {
        "fecha_operacion": null,
        "estado": "",
        "clase": "E",
        "incidencias": "",
        "vuelo": 37,
        "aerolinea": 34
    }
},
{
    "model": "apaeropuerto.vueloaerolinea",
    "pk": 205,
    "fields": {
        "fecha_operacion": null,
        "estado": "",
        "clase": "E",
        "incidencias": "",
        "vuelo": 37,
        "aerolinea": 3
    }
},
{
    "model": "apaeropuerto.vueloaerolinea",
    "pk": 206,
    "fields": {
        "fecha_operacion": null,
        "estado": "",
        "clase": "E",
        "incidencias": "",
        "vuelo": 38,
        "aerolinea": 12
    }
},
{
    "model": "apaeropuerto.vueloaerolinea",
    "pk": 207,
    "fields": {
        "fecha_operacion": null,
        "estado": "",
        "clase": "E",
        "incidencias": "",
        "vuelo": 38,
        "aerolinea": 5
    }
},
{
    "model": "apaeropuerto.vueloaerolinea",
    "pk": 208,
    "fields": {
        "fecha_operacion": null,
        "estado": "",
        "clase": "E",
        "incidencias": "",
        "vuelo": 38,
        "aerolinea": 2
    }
},
{
    "model": "apaeropuerto.vueloaerolinea",
    "pk": 209,
    "fields": {
        "fecha_operacion": null,
        "estado": "",
        "clase": "E",
        "incidencias": "",
        "vuelo": 38,
        "aerolinea": 48
    }
},
{
    "model": "apaeropuerto.vueloaerolinea",
    "pk": 210,
    "fields": {
        "fecha_operacion": null,
        "estado": "",
        "clase": "E",
        "incidencias": "",
        "vuelo": 38,
        "aerolinea": 38
    }
},
{
    "model": "apaeropuerto.vueloaerolinea",
    "pk": 211,
    "fields": {
        "fecha_operacion": null,
        "estado": "",
        "clase": "E",
        "incidencias": "",
        "vuelo": 39,
        "aerolinea": 41
    }
},
{
    "model": "apaeropuerto.vueloaerolinea",
    "pk": 212,
    "fields": {
        "fecha_operacion": null,
        "estado": "",
        "clase": "E",
        "incidencias": "",
        "vuelo": 39,
        "aerolinea": 12
    }
},
{
    "model": "apaeropuerto.vueloaerolinea",
    "pk": 213,
    "fields": {
        "fecha_operacion": null,
        "estado": "",
        "clase": "E",
        "incidencias": "",
        "vuelo": 39,
        "aerolinea": 15
    }
},
{
    "model": "apaeropuerto.vueloaerolinea",
    "pk": 214,
    "fields": {
        "fecha_operacion": null,
        "estado": "",
        "clase": "E",
        "incidencias": "",
        "vuelo": 40,
        "aerolinea": 46
    }
},
{
    "model": "apaeropuerto.vueloaerolinea",
    "pk": 215,
    "fields": {
        "fecha_operacion": null,
        "estado": "",
        "clase": "E",
        "incidencias": "",
        "vuelo": 40,
        "aerolinea": 32
    }
},
{
    "model": "apaeropuerto.vueloaerolinea",
    "pk": 216,
    "fields": {
        "fecha_operacion": null,
        "estado": "",
        "clase": "E",
        "incidencias": "",
        "vuelo": 40,
        "aerolinea": 41
    }
},
{
    "model": "apaeropuerto.vueloaerolinea",
    "pk": 217,
    "fields": {
        "fecha_operacion": null,
        "estado": "",
        "clase": "E",
        "incidencias": "",
        "vuelo": 41,
        "aerolinea": 27
    }
},
{
    "model": "apaeropuerto.vueloaerolinea",
    "pk": 218,
    "fields": {
        "fecha_operacion": null,
        "estado": "",
        "clase": "E",
        "incidencias": "",
        "vuelo": 41,
        "aerolinea": 42
    }
},
{
    "model": "apaeropuerto.vueloaerolinea",
    "pk": 219,
    "fields": {
        "fecha_operacion": null,
        "estado": "",
        "clase": "E",
        "incidencias": "",
        "vuelo": 41,
        "aerolinea": 32
    }
},
{
    "model": "apaeropuerto.vueloaerolinea",
    "pk": 220,
    "fields": {
        "fecha_operacion": null,
        "estado": "",
        "clase": "E",
        "incidencias": "",
        "vuelo": 42,
        "aerolinea": 42
    }
},
{
    "model": "apaeropuerto.vueloaerolinea",
    "pk": 221,
    "fields": {
        "fecha_operacion": null,
        "estado": "",
        "clase": "E",
        "incidencias": "",
        "vuelo": 43,
        "aerolinea": 4
    }
},
{
    "model": "apaeropuerto.vueloaerolinea",
    "pk": 222,
    "fields": {
        "fecha_operacion": null,
        "estado": "",
        "clase": "E",
        "incidencias": "",
        "vuelo": 44,
        "aerolinea": 11
    }
},
{
    "model": "apaeropuerto.vueloaerolinea",
    "pk": 223,
    "fields": {
        "fecha_operacion": null,
        "estado": "",
        "clase": "E",
        "incidencias": "",
        "vuelo": 44,
        "aerolinea": 40
    }
},
{
    "model": "apaeropuerto.vueloaerolinea",
    "pk": 224,
    "fields": {
        "fecha_operacion": null,
        "estado": "",
        "clase": "E",
        "incidencias": "",
        "vuelo": 44,
        "aerolinea": 14
    }
},
{
    "model": "apaeropuerto.vueloaerolinea",
    "pk": 225,
    "fields": {
        "fecha_operacion": null,
        "estado": "",
        "clase": "E",
        "incidencias": "",
        "vuelo": 44,
        "aerolinea": 50
    }
},
{
    "model": "apaeropuerto.vueloaerolinea",
    "pk": 226,
    "fields": {
        "fecha_operacion": null,
        "estado": "",
        "clase": "E",
        "incidencias": "",
        "vuelo": 44,
        "aerolinea": 49
    }
},
{
    "model": "apaeropuerto.vueloaerolinea",
    "pk": 227,
    "fields": {
        "fecha_operacion": null,
        "estado": "",
        "clase": "E",
        "incidencias": "",
        "vuelo": 44,
        "aerolinea": 20
    }
},
{
    "model": "apaeropuerto.vueloaerolinea",
    "pk": 228,
    "fields": {
        "fecha_operacion": null,
        "estado": "",
        "clase": "E",
        "incidencias": "",
        "vuelo": 44,
        "aerolinea": 9
    }
},
{
    "model": "apaeropuerto.vueloaerolinea",
    "pk": 229,
    "fields": {
        "fecha_operacion": null,
        "estado": "",
        "clase": "E",
        "incidencias": "",
        "vuelo": 45,
        "aerolinea": 21
    }
},
{
    "model": "apaeropuerto.vueloaerolinea",
    "pk": 230,
    "fields": {
        "fecha_operacion": null,
        "estado": "",
        "clase": "E",
        "incidencias": "",
        "vuelo": 45,
        "aerolinea": 33
    }
},
{
    "model": "apaeropuerto.vueloaerolinea",
    "pk": 231,
    "fields": {
        "fecha_operacion": null,
        "estado": "",
        "clase": "E",
        "incidencias": "",
        "vuelo": 45,
        "aerolinea": 47
    }
},
{
    "model": "apaeropuerto.vueloaerolinea",
    "pk": 232,
    "fields": {
        "fecha_operacion": null,
        "estado": "",
        "clase": "E",
        "incidencias": "",
        "vuelo": 45,
        "aerolinea": 10
    }
},
{
    "model": "apaeropuerto.vueloaerolinea",
    "pk": 233,
    "fields": {
        "fecha_operacion": null,
        "estado": "",
        "clase": "E",
        "incidencias": "",
        "vuelo": 45,
        "aerolinea": 39
    }
},
{
    "model": "apaeropuerto.vueloaerolinea",
    "pk": 234,
    "fields": {
        "fecha_operacion": null,
        "estado": "",
        "clase": "E",
        "incidencias": "",
        "vuelo": 46,
        "aerolinea": 22
    }
},
{
    "model": "apaeropuerto.vueloaerolinea",
    "pk": 235,
    "fields": {
        "fecha_operacion": null,
        "estado": "",
        "clase": "E",
        "incidencias": "",
        "vuelo": 46,
        "aerolinea": 48
    }
},
{
    "model": "apaeropuerto.vueloaerolinea",
    "pk": 236,
    "fields": {
        "fecha_operacion": null,
        "estado": "",
        "clase": "E",
        "incidencias": "",
        "vuelo": 46,
        "aerolinea": 42
    }
},
{
    "model": "apaeropuerto.vueloaerolinea",
    "pk": 237,
    "fields": {
        "fecha_operacion": null,
        "estado": "",
        "clase": "E",
        "incidencias": "",
        "vuelo": 46,
        "aerolinea": 19
    }
},
{
    "model": "apaeropuerto.vueloaerolinea",
    "pk": 238,
    "fields": {
        "fecha_operacion": null,
        "estado": "",
        "clase": "E",
        "incidencias": "",
        "vuelo": 46,
        "aerolinea": 43
    }
},
{
    "model": "apaeropuerto.vueloaerolinea",
    "pk": 239,
    "fields": {
        "fecha_operacion": null,
        "estado": "",
        "clase": "E",
        "incidencias": "",
        "vuelo": 46,
        "aerolinea": 5
    }
},
{
    "model": "apaeropuerto.vueloaerolinea",
    "pk": 240,
    "fields": {
        "fecha_operacion": null,
        "estado": "",
        "clase": "E",
        "incidencias": "",
        "vuelo": 46,
        "aerolinea": 27
    }
},
{
    "model": "apaeropuerto.vueloaerolinea",
    "pk": 241,
    "fields": {
        "fecha_operacion": null,
        "estado": "",
        "clase": "E",
        "incidencias": "",
        "vuelo": 46,
        "aerolinea": 41
    }
},
{
    "model": "apaeropuerto.vueloaerolinea",
    "pk": 242,
    "fields": {
        "fecha_operacion": null,
        "estado": "",
        "clase": "E",
        "incidencias": "",
        "vuelo": 46,
        "aerolinea": 49
    }
},
{
    "model": "apaeropuerto.vueloaerolinea",
    "pk": 243,
    "fields": {
        "fecha_operacion": null,
        "estado": "",
        "clase": "E",
        "incidencias": "",
        "vuelo": 47,
        "aerolinea": 25
    }
},
{
    "model": "apaeropuerto.vueloaerolinea",
    "pk": 244,
    "fields": {
        "fecha_operacion": null,
        "estado": "",
        "clase": "E",
        "incidencias": "",
        "vuelo": 47,
        "aerolinea": 7
    }
},
{
    "model": "apaeropuerto.vueloaerolinea",
    "pk": 245,
    "fields": {
        "fecha_operacion": null,
        "estado": "",
        "clase": "E",
        "incidencias": "",
        "vuelo": 47,
        "aerolinea": 1
    }
},
{
    "model": "apaeropuerto.vueloaerolinea",
    "pk": 246,
    "fields": {
        "fecha_operacion": null,
        "estado": "",
        "clase": "E",
        "incidencias": "",
        "vuelo": 47,
        "aerolinea": 48
    }
},
{
    "model": "apaeropuerto.vueloaerolinea",
    "pk": 247,
    "fields": {
        "fecha_operacion": null,
        "estado": "",
        "clase": "E",
        "incidencias": "",
        "vuelo": 47,
        "aerolinea": 36
    }
},
{
    "model": "apaeropuerto.vueloaerolinea",
    "pk": 248,
    "fields": {
        "fecha_operacion": null,
        "estado": "",
        "clase": "E",
        "incidencias": "",
        "vuelo": 47,
        "aerolinea": 41
    }
},
{
    "model": "apaeropuerto.vueloaerolinea",
    "pk": 249,
    "fields": {
        "fecha_operacion": null,
        "estado": "",
        "clase": "E",
        "incidencias": "",
        "vuelo": 48,
        "aerolinea": 19
    }
},
{
    "model": "apaeropuerto.vueloaerolinea",
    "pk": 250,
    "fields": {
        "fecha_operacion": null,
        "estado": "",
        "clase": "E",
        "incidencias": "",
        "vuelo": 48,
        "aerolinea": 26
    }
},
{
    "model": "apaeropuerto.vueloaerolinea",
    "pk": 251,
    "fields": {
        "fecha_operacion": null,
        "estado": "",
        "clase": "E",
        "incidencias": "",
        "vuelo": 48,
        "aerolinea": 6
    }
},
{
    "model": "apaeropuerto.vueloaerolinea",
    "pk": 252,
    "fields": {
        "fecha_operacion": null,
        "estado": "",
        "clase": "E",
        "incidencias": "",
        "vuelo": 48,
        "aerolinea": 28
    }
},
{
    "model": "apaeropuerto.vueloaerolinea",
    "pk": 253,
    "fields": {
        "fecha_operacion": null,
        "estado": "",
        "clase": "E",
        "incidencias": "",
        "vuelo": 48,
        "aerolinea": 22
    }
},
{
    "model": "apaeropuerto.vueloaerolinea",
    "pk": 254,
    "fields": {
        "fecha_operacion": null,
        "estado": "",
        "clase": "E",
        "incidencias": "",
        "vuelo": 48,
        "aerolinea": 10
    }
},
{
    "model": "apaeropuerto.vueloaerolinea",
    "pk": 255,
    "fields": {
        "fecha_operacion": null,
        "estado": "",
        "clase": "E",
        "incidencias": "",
        "vuelo": 49,
        "aerolinea": 24
    }
},
{
    "model": "apaeropuerto.vueloaerolinea",
    "pk": 256,
    "fields": {
        "fecha_operacion": null,
        "estado": "",
        "clase": "E",
        "incidencias": "",
        "vuelo": 49,
        "aerolinea": 1
    }
},
{
    "model": "apaeropuerto.vueloaerolinea",
    "pk": 257,
    "fields": {
        "fecha_operacion": null,
        "estado": "",
        "clase": "E",
        "incidencias": "",
        "vuelo": 49,
        "aerolinea": 44
    }
},
{
    "model": "apaeropuerto.vueloaerolinea",
    "pk": 258,
    "fields": {
        "fecha_operacion": null,
        "estado": "",
        "clase": "E",
        "incidencias": "",
        "vuelo": 49,
        "aerolinea": 47
    }
},
{
    "model": "apaeropuerto.vueloaerolinea",
    "pk": 259,
    "fields": {
        "fecha_operacion": null,
        "estado": "",
        "clase": "E",
        "incidencias": "",
        "vuelo": 49,
        "aerolinea": 4
    }
},
{
    "model": "apaeropuerto.vueloaerolinea",
    "pk": 260,
    "fields": {
        "fecha_operacion": null,
        "estado": "",
        "clase": "E",
        "incidencias": "",
        "vuelo": 49,
        "aerolinea": 29
    }
},
{
    "model": "apaeropuerto.vueloaerolinea",
    "pk": 261,
    "fields": {
        "fecha_operacion": null,
        "estado": "",
        "clase": "E",
        "incidencias": "",
        "vuelo": 50,
        "aerolinea": 25
    }
},
{
    "model": "apaeropuerto.vueloaerolinea",
    "pk": 262,
    "fields": {
        "fecha_operacion": null,
        "estado": "",
        "clase": "E",
        "incidencias": "",
        "vuelo": 50,
        "aerolinea": 11
    }
},
{
    "model": "apaeropuerto.vueloaerolinea",
    "pk": 263,
    "fields": {
        "fecha_operacion": "1977-09-08T03:10:56.544",
        "estado": "Home member whole you human suggest better fly. Ground heart not away building exactly.\nSeries end region child most.",
        "clase": "E",
        "incidencias": "Letter three lay take forward. Age miss describe listen.",
        "vuelo": 4,
        "aerolinea": 47
    }
},
{
    "model": "apaeropuerto.vueloaerolinea",
    "pk": 264,
    "fields": {
        "fecha_operacion": "2022-07-13T19:28:19.960",
        "estado": "Remember about administration scene. In value too professor PM probably. Light anyone throughout like role science. Ahead glass discussion provide economy response respond thousand.",
        "clase": "E",
        "incidencias": "Top land although some.",
        "vuelo": 26,
        "aerolinea": 25
    }
},
{
    "model": "apaeropuerto.vueloaerolinea",
    "pk": 265,
    "fields": {
        "fecha_operacion": "2007-06-06T21:25:09.710",
        "estado": "Move or method north including. Share force old ago strategy culture. Weight over into wind large adult nature.",
        "clase": "E",
        "incidencias": "Million visit purpose guy tonight especially.",
        "vuelo": 23,
        "aerolinea": 43
    }
},
{
    "model": "apaeropuerto.vueloaerolinea",
    "pk": 266,
    "fields": {
        "fecha_operacion": "1991-03-05T17:02:07.850",
        "estado": "Trouble agree however see hour something.\nBlack manage defense resource raise body. Population bad its.",
        "clase": "E",
        "incidencias": "Clear call else let fly act. Moment may project expert far.",
        "vuelo": 5,
        "aerolinea": 22
    }
},
{
    "model": "apaeropuerto.vueloaerolinea",
    "pk": 267,
    "fields": {
        "fecha_operacion": "1991-03-23T06:12:38.543",
        "estado": "Program report serious central commercial. Way important treat total above glass. Power lawyer blood expert budget because.",
        "clase": "E",
        "incidencias": "Fact book mouth sound site or however. Prove do break ten rate everybody growth.",
        "vuelo": 8,
        "aerolinea": 40
    }
},
{
    "model": "apaeropuerto.vueloaerolinea",
    "pk": 268,
    "fields": {
        "fecha_operacion": "1987-07-19T20:26:20.683",
        "estado": "Step evening appear fire have contain place control. Protect control animal.\nChoice including experience program former cut. Available your bad point join. Sea name because see religious listen yes.",
        "clase": "E",
        "incidencias": "Second short board sing history upon street. Act result effect full.",
        "vuelo": 46,
        "aerolinea": 42
    }
},
{
    "model": "apaeropuerto.vueloaerolinea",
    "pk": 269,
    "fields": {
        "fecha_operacion": "1988-09-27T08:56:34.527",
        "estado": "Perform adult never realize stage prevent name movie.\nWord kitchen according base as. Record size trouble fly style million remember.",
        "clase": "E",
        "incidencias": "Budget focus maybe movement have information. Lead others probably daughter dinner meet enough.",
        "vuelo": 10,
        "aerolinea": 16
    }
},
{
    "model": "apaeropuerto.vueloaerolinea",
    "pk": 270,
    "fields": {
        "fecha_operacion": "2004-02-13T01:26:11.266",
        "estado": "City girl since section director. Rule break around building.\nCollection factor fund record hundred officer this. Man if well environmental. Blood control stock ground guy everybody against mission.",
        "clase": "E",
        "incidencias": "Woman like imagine enjoy. Food fire do energy. Plant Democrat human finish person.",
        "vuelo": 13,
        "aerolinea": 24
    }
},
{
    "model": "apaeropuerto.vueloaerolinea",
    "pk": 271,
    "fields": {
        "fecha_operacion": "1981-06-15T21:09:12.767",
        "estado": "Across suddenly budget agreement role stand. Not pull notice dinner. They worry city machine strong network wish appear.",
        "clase": "E",
        "incidencias": "Country back begin weight west. Tough able treat do check.",
        "vuelo": 25,
        "aerolinea": 26
    }
},
{
    "model": "apaeropuerto.vueloaerolinea",
    "pk": 272,
    "fields": {
        "fecha_operacion": "1976-10-19T03:14:37.525",
        "estado": "Small million chair option catch. West line that stage action past well.\nBill difference tough wrong population. High area price sense expert day. Several than world third peace.",
        "clase": "E",
        "incidencias": "As inside especially couple movie. Treatment upon system generation test soon. Year degree attack.",
        "vuelo": 4,
        "aerolinea": 19
    }
},
{
    "model": "apaeropuerto.vueloaerolinea",
    "pk": 273,
    "fields": {
        "fecha_operacion": "1983-09-04T06:14:46.467",
        "estado": "Heart hold tell size during together standard evidence. Ready speech oil cut want use. Hundred professional toward teacher increase kitchen among.",
        "clase": "E",
        "incidencias": "Until at manage even item pattern where. Ever radio start city decade bill.",
        "vuelo": 16,
        "aerolinea": 9
    }
},
{
    "model": "apaeropuerto.vueloaerolinea",
    "pk": 274,
    "fields": {
        "fecha_operacion": "2021-02-21T06:32:44.961",
        "estado": "Foot around outside court store amount.\nLocal pay soon without page music try letter. Authority bill personal attention.\nSenior plan environment. Sell main once administration foot have drop.",
        "clase": "E",
        "incidencias": "Experience specific hope everything. Need along discussion. During actually space.",
        "vuelo": 9,
        "aerolinea": 25
    }
},
{
    "model": "apaeropuerto.vueloaerolinea",
    "pk": 275,
    "fields": {
        "fecha_operacion": "2001-05-12T13:43:46.457",
        "estado": "Adult sister probably state computer several hair.\nOther house use road raise may evidence. Cost budget market office stuff across. Community population fish with market himself production buy.",
        "clase": "E",
        "incidencias": "Live idea wear result by put win here. Capital job as police center laugh.",
        "vuelo": 23,
        "aerolinea": 13
    }
},
{
    "model": "apaeropuerto.vueloaerolinea",
    "pk": 276,
    "fields": {
        "fecha_operacion": "2013-01-24T14:24:24.915",
        "estado": "Media staff court. Sing north within role outside successful. Executive media successful.\nTrip plant local similar site often thing. A garden describe certainly history.",
        "clase": "E",
        "incidencias": "Heart social range each despite in travel tax. Decade majority fall result wonder budget window.",
        "vuelo": 2,
        "aerolinea": 14
    }
},
{
    "model": "apaeropuerto.vueloaerolinea",
    "pk": 277,
    "fields": {
        "fecha_operacion": "2023-01-30T04:28:31.407",
        "estado": "Not bring simple seek better fall. Car produce pattern decision important leader green. Deep though community resource body.\nUp trial require example. Drop thought coach different maintain well buy.",
        "clase": "E",
        "incidencias": "She others outside anyone.",
        "vuelo": 26,
        "aerolinea": 27
    }
},
{
    "model": "apaeropuerto.vueloaerolinea",
    "pk": 278,
    "fields": {
        "fecha_operacion": "1983-02-13T10:00:55.905",
        "estado": "Course read painting. Evening against matter where she.\nLater people son such threat five nature. Through property compare management. Manage impact people standard own.\nSomeone court such bill rise.",
        "clase": "E",
        "incidencias": "Father TV financial talk. Happy choice knowledge situation worker consumer.",
        "vuelo": 16,
        "aerolinea": 33
    }
},
{
    "model": "apaeropuerto.vueloaerolinea",
    "pk": 279,
    "fields": {
        "fecha_operacion": "1994-04-20T21:59:43.316",
        "estado": "List must north clear room fill box. News international maybe message team task sound.\nKnow subject television. Individual religious night just walk these practice series.",
        "clase": "E",
        "incidencias": "Economy artist set conference manager. Science nation machine west focus official. Hope try our.",
        "vuelo": 43,
        "aerolinea": 4
    }
},
{
    "model": "apaeropuerto.vueloaerolinea",
    "pk": 280,
    "fields": {
        "fecha_operacion": "2003-02-21T13:19:07.588",
        "estado": "Morning cold summer. Doctor go debate himself break indeed. Town pick court.\nEmployee glass so adult but top against able. Marriage mouth tough threat miss.",
        "clase": "E",
        "incidencias": "Kitchen upon fine majority point black. Surface office seven. Song draw enjoy here ago last.",
        "vuelo": 46,
        "aerolinea": 16
    }
},
{
    "model": "apaeropuerto.vueloaerolinea",
    "pk": 281,
    "fields": {
        "fecha_operacion": "1973-10-07T16:17:49.120",
        "estado": "By trip old adult middle kid authority safe. Market spring figure partner team either performance. Not audience per throughout church drug.\nSometimes serious analysis read environment picture clear.",
        "clase": "E",
        "incidencias": "Follow scene close start above among. Mrs building find. Front cost these day such name.",
        "vuelo": 29,
        "aerolinea": 27
    }
},
{
    "model": "apaeropuerto.vueloaerolinea",
    "pk": 282,
    "fields": {
        "fecha_operacion": "1998-09-05T15:58:04.276",
        "estado": "Toward health whose although. Page lead west make lot though. Certainly small join.\nShoulder box might. Shoulder now win. Dinner cup evening education so.",
        "clase": "E",
        "incidencias": "Turn region outside move particular throw. Poor ball together.",
        "vuelo": 3,
        "aerolinea": 3
    }
},
{
    "model": "apaeropuerto.vueloaerolinea",
    "pk": 283,
    "fields": {
        "fecha_operacion": "1981-12-25T19:19:11.629",
        "estado": "Collection various its heart. Like ball have power. Environmental husband listen beyond. Fall partner letter suffer possible.",
        "clase": "E",
        "incidencias": "Someone very trip hit mother play.\nTelevision else story increase easy information.",
        "vuelo": 34,
        "aerolinea": 24
    }
},
{
    "model": "apaeropuerto.vueloaerolinea",
    "pk": 284,
    "fields": {
        "fecha_operacion": "2002-11-13T01:18:26.718",
        "estado": "See resource would help movement. Range risk operation. Ahead building lawyer center.\nFeel produce Democrat others race.",
        "clase": "E",
        "incidencias": "Commercial direction much fall. Especially represent hundred another.",
        "vuelo": 14,
        "aerolinea": 16
    }
},
{
    "model": "apaeropuerto.vueloaerolinea",
    "pk": 285,
    "fields": {
        "fecha_operacion": "1990-06-30T14:15:52.181",
        "estado": "Purpose military plan. Market each he nation opportunity through. Measure level money.\nGovernment get girl care direction. Look new edge three computer simple law.",
        "clase": "E",
        "incidencias": "Suffer political place drop note page. Worker would main none box picture. Bank might happy.",
        "vuelo": 48,
        "aerolinea": 11
    }
},
{
    "model": "apaeropuerto.vueloaerolinea",
    "pk": 286,
    "fields": {
        "fecha_operacion": "1972-05-03T14:06:04.222",
        "estado": "Keep from better TV while help city. Suffer before letter our. Benefit state three response star picture major.\nGeneral when term. Probably nice dream notice team individual.",
        "clase": "E",
        "incidencias": "Travel until record customer. Nation support American start late month election lot.",
        "vuelo": 29,
        "aerolinea": 12
    }
},
{
    "model": "apaeropuerto.vueloaerolinea",
    "pk": 287,
    "fields": {
        "fecha_operacion": "1977-02-28T18:25:38.111",
        "estado": "Win eat able ground message while candidate. Behavior more left test do when trial spend.\nConcern poor keep without. Event statement without ask that add fall scene. True us hard begin bill.",
        "clase": "E",
        "incidencias": "List such high offer. For describe develop follow base subject true.",
        "vuelo": 44,
        "aerolinea": 13
    }
},
{
    "model": "apaeropuerto.vueloaerolinea",
    "pk": 288,
    "fields": {
        "fecha_operacion": "2013-09-04T13:59:28.639",
        "estado": "Mouth democratic sometimes reach trial worker force especially. Table newspaper could old mouth election.",
        "clase": "E",
        "incidencias": "Whom important culture democratic add sport peace. Structure lawyer compare action all system.",
        "vuelo": 45,
        "aerolinea": 23
    }
},
{
    "model": "apaeropuerto.vueloaerolinea",
    "pk": 289,
    "fields": {
        "fecha_operacion": "1971-09-22T15:00:26.392",
        "estado": "Rise democratic country can million would. Country democratic similar American world what.\nHelp let make someone support should position. Put store wide skill expert part. Local also control feeling.",
        "clase": "E",
        "incidencias": "Cost wide source trouble radio. Phone out their help. Nice nice space give write score open.",
        "vuelo": 49,
        "aerolinea": 41
    }
},
{
    "model": "apaeropuerto.vueloaerolinea",
    "pk": 290,
    "fields": {
        "fecha_operacion": "2017-05-13T15:31:07.069",
        "estado": "Represent style question either seem. Week company fly important state practice player. Firm into want key alone senior.",
        "clase": "E",
        "incidencias": "Benefit defense group traditional unit area blue. Hot debate national drive provide.",
        "vuelo": 22,
        "aerolinea": 25
    }
},
{
    "model": "apaeropuerto.vueloaerolinea",
    "pk": 291,
    "fields": {
        "fecha_operacion": "1987-05-11T04:01:46.880",
        "estado": "Important hot program toward choice name view until. Near enough picture recognize win land direction. Force discover one common film sure weight.",
        "clase": "E",
        "incidencias": "Return Mrs ability letter full character. Artist entire local conference manage.",
        "vuelo": 32,
        "aerolinea": 40
    }
},
{
    "model": "apaeropuerto.vueloaerolinea",
    "pk": 292,
    "fields": {
        "fecha_operacion": "1999-08-31T00:42:41.433",
        "estado": "Less store direction gun body may decade cell. Adult not lead body. Under avoid hotel task top force sister most.",
        "clase": "E",
        "incidencias": "Political understand firm wear. Six all fly capital. Discussion generation care debate Republican.",
        "vuelo": 44,
        "aerolinea": 11
    }
},
{
    "model": "apaeropuerto.vueloaerolinea",
    "pk": 293,
    "fields": {
        "fecha_operacion": "1999-07-18T18:15:49.137",
        "estado": "Detail morning heart foot suddenly stop. Around measure account public.\nPass hear miss likely question. In hand operation far security. Design six several camera.",
        "clase": "E",
        "incidencias": "Back effort medical could run. Ok main decade fast government.",
        "vuelo": 34,
        "aerolinea": 25
    }
},
{
    "model": "apaeropuerto.vueloaerolinea",
    "pk": 294,
    "fields": {
        "fecha_operacion": "1985-11-05T10:48:54.106",
        "estado": "Environment eight present memory. Voice stage all my. Party age yeah accept factor environment worry office.",
        "clase": "E",
        "incidencias": "Throw pattern true read black drug heavy especially. Woman bad popular picture probably.",
        "vuelo": 25,
        "aerolinea": 5
    }
},
{
    "model": "apaeropuerto.vueloaerolinea",
    "pk": 295,
    "fields": {
        "fecha_operacion": "1984-01-21T09:45:10.085",
        "estado": "Voice involve college cost pay. When test face trade base production.\nCould ago book sport foreign. Strategy various family here answer camera particular. During whom dinner series.",
        "clase": "E",
        "incidencias": "With her see open impact maybe. Cause lawyer be local eight total whose.",
        "vuelo": 2,
        "aerolinea": 47
    }
},
{
    "model": "apaeropuerto.vueloaerolinea",
    "pk": 296,
    "fields": {
        "fecha_operacion": "1977-04-01T19:05:01.860",
        "estado": "Reach age your story miss join state. Outside herself network tend eye alone. Important physical toward white beautiful I military movement.",
        "clase": "E",
        "incidencias": "New customer important south get region. Create speak senior exactly through. Six to edge into.",
        "vuelo": 28,
        "aerolinea": 8
    }
},
{
    "model": "apaeropuerto.vueloaerolinea",
    "pk": 297,
    "fields": {
        "fecha_operacion": "2018-07-03T12:03:46.189",
        "estado": "Quite field firm game remain. Us however hundred role adult push trial well.\nFloor able bank watch challenge enough trip. That radio newspaper Republican. Tend student message strong throughout.",
        "clase": "E",
        "incidencias": "That five scientist pull cup.\nRoad building instead think dog could best wife.",
        "vuelo": 37,
        "aerolinea": 42
    }
},
{
    "model": "apaeropuerto.vueloaerolinea",
    "pk": 298,
    "fields": {
        "fecha_operacion": "2006-03-27T17:58:26.287",
        "estado": "Couple star third now. Defense up a pretty radio he involve kind.\nSo surface base. None thus recognize by eye key fear she.\nRight war force carry. Home standard rest peace step across.",
        "clase": "E",
        "incidencias": "Management claim investment report identify land. Well through ground never happy world return.",
        "vuelo": 14,
        "aerolinea": 10
    }
},
{
    "model": "apaeropuerto.vueloaerolinea",
    "pk": 299,
    "fields": {
        "fecha_operacion": "1975-12-17T00:12:16.248",
        "estado": "Foot security claim activity father. Lead theory toward real home station community north.\nRock establish seat business. Idea operation go standard everything. Key because million father suffer.",
        "clase": "E",
        "incidencias": "Better really control affect.",
        "vuelo": 48,
        "aerolinea": 19
    }
},
{
    "model": "apaeropuerto.vueloaerolinea",
    "pk": 300,
    "fields": {
        "fecha_operacion": "2002-04-05T08:37:12.202",
        "estado": "Even economic item amount. Increase build benefit bring total know news.\nIdentify season top movement your. Hair clearly cup home dream under establish. Several finish material growth idea weight.",
        "clase": "E",
        "incidencias": "Every book relate watch. Wide make today throughout bit company. Film security sport stuff.",
        "vuelo": 15,
        "aerolinea": 1
    }
},
{
    "model": "apaeropuerto.vueloaerolinea",
    "pk": 301,
    "fields": {
        "fecha_operacion": "1991-05-06T00:01:22.527",
        "estado": "Help line cost result ask. Yeah likely hair general myself particular according. Heart physical oil.\nLine couple ago activity. Money owner air tell capital.",
        "clase": "E",
        "incidencias": "Opportunity late former effect. Most each policy sister.",
        "vuelo": 14,
        "aerolinea": 37
    }
},
{
    "model": "apaeropuerto.vueloaerolinea",
    "pk": 302,
    "fields": {
        "fecha_operacion": "1991-11-12T19:37:55.568",
        "estado": "Forward yeah management now support. Early likely admit any.\nEnjoy modern person artist. Left if walk environment. Similar thing recently born however threat.",
        "clase": "E",
        "incidencias": "Tell agree who television fine. Training cost newspaper. Ball any home similar TV popular rise.",
        "vuelo": 40,
        "aerolinea": 24
    }
},
{
    "model": "apaeropuerto.vueloaerolinea",
    "pk": 303,
    "fields": {
        "fecha_operacion": "1991-08-29T22:30:44.366",
        "estado": "Expert pressure before half what. Peace minute Democrat expert executive easy speak according. Sometimes could everything meet white individual national.",
        "clase": "E",
        "incidencias": "Race least join choose early leave. Too your four give friend.",
        "vuelo": 21,
        "aerolinea": 29
    }
},
{
    "model": "apaeropuerto.vueloaerolinea",
    "pk": 304,
    "fields": {
        "fecha_operacion": "2011-09-29T01:53:08.470",
        "estado": "Everything name actually paper relate policy. Avoid size rock center run question write.\nAdult exist rule adult. Marriage movie spring fish policy crime above common. Mother physical join.",
        "clase": "E",
        "incidencias": "Personal future include collection fly employee. He exist magazine begin any mind.",
        "vuelo": 21,
        "aerolinea": 33
    }
},
{
    "model": "apaeropuerto.vueloaerolinea",
    "pk": 305,
    "fields": {
        "fecha_operacion": "1980-06-23T17:04:30.070",
        "estado": "Director yes image capital win. Sing boy note start hospital could force. Face growth see commercial while of.\nFew reduce campaign effect. Everything left game statement.",
        "clase": "E",
        "incidencias": "Mission amount my family. Thing other quality rather somebody.",
        "vuelo": 43,
        "aerolinea": 26
    }
},
{
    "model": "apaeropuerto.vueloaerolinea",
    "pk": 306,
    "fields": {
        "fecha_operacion": "1986-12-19T13:26:28.086",
        "estado": "Color relate worker short her national point.\nPhysical order foot main risk radio of sea. Factor traditional step dream better bed.",
        "clase": "E",
        "incidencias": "Still analysis energy yard again former evening. Loss would option loss. Box cup yet man.",
        "vuelo": 13,
        "aerolinea": 14
    }
},
{
    "model": "apaeropuerto.vueloaerolinea",
    "pk": 307,
    "fields": {
        "fecha_operacion": "1981-10-22T03:41:36.384",
        "estado": "Sell TV strong according best. Daughter man suffer price positive environment four.\nCase office everybody and past. Until rather end. Role early form anything before.",
        "clase": "E",
        "incidencias": "Mean stage senior live. Eat word heart house.",
        "vuelo": 29,
        "aerolinea": 45
    }
},
{
    "model": "apaeropuerto.vueloaerolinea",
    "pk": 308,
    "fields": {
        "fecha_operacion": "2016-09-01T14:33:01.567",
        "estado": "Chance performance effect whether leave. Ground our late son popular cover task interesting. Put chair maintain.\nAt gun catch class perform.",
        "clase": "E",
        "incidencias": "Series become difficult great responsibility form traditional loss. Day speech difficult.",
        "vuelo": 15,
        "aerolinea": 49
    }
},
{
    "model": "apaeropuerto.vueloaerolinea",
    "pk": 309,
    "fields": {
        "fecha_operacion": "2014-02-19T10:48:09.007",
        "estado": "Region billion happy huge president. Worker teach just. Activity painting market build general class station a.\nExample water feel cause travel.",
        "clase": "E",
        "incidencias": "Develop and writer none better right. Election behind natural none first simple about.",
        "vuelo": 37,
        "aerolinea": 4
    }
},
{
    "model": "apaeropuerto.vueloaerolinea",
    "pk": 310,
    "fields": {
        "fecha_operacion": "1971-10-14T00:36:52.169",
        "estado": "Successful high detail always talk. Doctor beyond near foot instead point.",
        "clase": "E",
        "incidencias": "Next guess herself. Sort may enter skill despite thing middle.",
        "vuelo": 32,
        "aerolinea": 24
    }
},
{
    "model": "apaeropuerto.vueloaerolinea",
    "pk": 311,
    "fields": {
        "fecha_operacion": "2024-08-23T14:43:59.130",
        "estado": "Today travel skill poor discussion.\nSource whether discover we network forget news summer. Address summer threat tend attention often. Student cost tax whose stage man sing gun.",
        "clase": "E",
        "incidencias": "Myself manager rather plant. Seven effect church wait him purpose.",
        "vuelo": 11,
        "aerolinea": 14
    }
},
{
    "model": "apaeropuerto.vueloaerolinea",
    "pk": 312,
    "fields": {
        "fecha_operacion": "1993-03-31T05:35:15.165",
        "estado": "Direction score dinner fast material newspaper. Someone style fund piece past card respond. Plan floor seat prove teach admit lay.",
        "clase": "E",
        "incidencias": "Cultural measure hair off thousand these. Sure garden enter continue.",
        "vuelo": 25,
        "aerolinea": 28
    }
},
{
    "model": "apaeropuerto.vueloaerolinea",
    "pk": 313,
    "fields": {
        "fecha_operacion": "2024-10-30T16:20:30",
        "estado": "volando",
        "clase": "E",
        "incidencias": "cedw3crfe",
        "vuelo": 51,
        "aerolinea": 1
    }
},
{
    "model": "apaeropuerto.vueloaerolinea",
    "pk": 314,
    "fields": {
        "fecha_operacion": "2024-10-30T16:20:56",
        "estado": "frrefgve",
        "clase": "E",
        "incidencias": "fvefrwev",
        "vuelo": 52,
        "aerolinea": 1
    }
},
{
    "model": "apaeropuerto.vueloaerolinea",
    "pk": 315,
    "fields": {
        "fecha_operacion": null,
        "estado": "prubrueba",
        "clase": "B",
        "incidencias": "prueba",
        "vuelo": 1,
        "aerolinea": 1
    }
},
{
    "model": "apaeropuerto.vueloaerolinea",
    "pk": 316,
    "fields": {
        "fecha_operacion": null,
        "estado": "Ale guapo",
        "clase": "B",
        "incidencias": "Soy el mejor",
        "vuelo": 1,
        "aerolinea": 10
    }
},
{
    "model": "apaeropuerto.vueloaerolinea",
    "pk": 317,
    "fields": {
        "fecha_operacion": null,
        "estado": "Ale guapo",
        "clase": "R",
        "incidencias": "Guepo yo",
        "vuelo": 1,
        "aerolinea": 1
    }
},
{
    "model": "apaeropuerto.reserva",
    "pk": 1,
    "fields": {
        "fecha_reserva": "2024-10-30T17:57:54",
        "codigo_descueto": "drewvfr",
        "metodo_pago": "tarjeta",
        "estado_de_pago": true,
        "pasajero": 1,
        "vuelo": 1
    }
},
{
    "model": "apaeropuerto.reserva",
    "pk": 2,
    "fields": {
        "fecha_reserva": "2024-10-30T17:58:05",
        "codigo_descueto": "drewvfr",
        "metodo_pago": "tarjeta",
        "estado_de_pago": false,
        "pasajero": 2,
        "vuelo": 2
    }
},
{
    "model": "apaeropuerto.reserva",
    "pk": 3,
    "fields": {
        "fecha_reserva": "2024-10-31T15:48:21",
        "codigo_descueto": "grt4gtreetg",
        "metodo_pago": "efectivo",
        "estado_de_pago": true,
        "pasajero": 1,
        "vuelo": 1
    }
},
{
    "model": "apaeropuerto.reserva",
    "pk": 4,
    "fields": {
        "fecha_reserva": "2024-10-31T15:48:35",
        "codigo_descueto": "gtrfegrt",
        "metodo_pago": "efectivo",
        "estado_de_pago": false,
        "pasajero": 9,
        "vuelo": 5
    }
},
{
    "model": "apaeropuerto.reserva",
    "pk": 5,
    "fields": {
        "fecha_reserva": "2024-10-31T15:48:49",
        "codigo_descueto": "grtgbrtbrtg",
        "metodo_pago": "paypal",
        "estado_de_pago": true,
        "pasajero": 14,
        "vuelo": 11
    }
},
{
    "model": "apaeropuerto.reserva",
    "pk": 6,
    "fields": {
        "fecha_reserva": "2024-10-31T15:49:01",
        "codigo_descueto": "gtrhbr",
        "metodo_pago": "paypal",
        "estado_de_pago": false,
        "pasajero": 44,
        "vuelo": 43
    }
},
{
    "model": "apaeropuerto.asiento",
    "pk": 1,
    "fields": {
        "clase": "E",
        "precio": "0.76",
        "posicion": "P",
        "sistema_entretenimiento": true,
        "vuelo": 42,
        "pasajero": 9
    }
},
{
    "model": "apaeropuerto.asiento",
    "pk": 2,
    "fields": {
        "clase": "E",
        "precio": "0.15",
        "posicion": "P",
        "sistema_entretenimiento": false,
        "vuelo": 36,
        "pasajero": 33
    }
},
{
    "model": "apaeropuerto.asiento",
    "pk": 3,
    "fields": {
        "clase": "E",
        "precio": "0.72",
        "posicion": "M",
        "sistema_entretenimiento": true,
        "vuelo": 20,
        "pasajero": 11
    }
},
{
    "model": "apaeropuerto.asiento",
    "pk": 4,
    "fields": {
        "clase": "E",
        "precio": "0.47",
        "posicion": "M",
        "sistema_entretenimiento": true,
        "vuelo": 19,
        "pasajero": 9
    }
},
{
    "model": "apaeropuerto.asiento",
    "pk": 5,
    "fields": {
        "clase": "E",
        "precio": "0.31",
        "posicion": "M",
        "sistema_entretenimiento": false,
        "vuelo": 21,
        "pasajero": 5
    }
},
{
    "model": "apaeropuerto.asiento",
    "pk": 6,
    "fields": {
        "clase": "E",
        "precio": "0.31",
        "posicion": "P",
        "sistema_entretenimiento": true,
        "vuelo": 46,
        "pasajero": 46
    }
},
{
    "model": "apaeropuerto.asiento",
    "pk": 7,
    "fields": {
        "clase": "E",
        "precio": "0.73",
        "posicion": "M",
        "sistema_entretenimiento": false,
        "vuelo": 24,
        "pasajero": 31
    }
},
{
    "model": "apaeropuerto.asiento",
    "pk": 8,
    "fields": {
        "clase": "E",
        "precio": "0.97",
        "posicion": "P",
        "sistema_entretenimiento": true,
        "vuelo": 7,
        "pasajero": 27
    }
},
{
    "model": "apaeropuerto.asiento",
    "pk": 9,
    "fields": {
        "clase": "E",
        "precio": "0.29",
        "posicion": "P",
        "sistema_entretenimiento": false,
        "vuelo": 19,
        "pasajero": 2
    }
},
{
    "model": "apaeropuerto.asiento",
    "pk": 10,
    "fields": {
        "clase": "E",
        "precio": "0.80",
        "posicion": "M",
        "sistema_entretenimiento": true,
        "vuelo": 7,
        "pasajero": 14
    }
},
{
    "model": "apaeropuerto.asiento",
    "pk": 11,
    "fields": {
        "clase": "E",
        "precio": "0.21",
        "posicion": "P",
        "sistema_entretenimiento": false,
        "vuelo": 16,
        "pasajero": 2
    }
},
{
    "model": "apaeropuerto.asiento",
    "pk": 12,
    "fields": {
        "clase": "E",
        "precio": "0.54",
        "posicion": "M",
        "sistema_entretenimiento": false,
        "vuelo": 50,
        "pasajero": 6
    }
},
{
    "model": "apaeropuerto.asiento",
    "pk": 13,
    "fields": {
        "clase": "E",
        "precio": "0.55",
        "posicion": "V",
        "sistema_entretenimiento": true,
        "vuelo": 1,
        "pasajero": 16
    }
},
{
    "model": "apaeropuerto.asiento",
    "pk": 14,
    "fields": {
        "clase": "E",
        "precio": "0.02",
        "posicion": "P",
        "sistema_entretenimiento": true,
        "vuelo": 33,
        "pasajero": 15
    }
},
{
    "model": "apaeropuerto.asiento",
    "pk": 15,
    "fields": {
        "clase": "E",
        "precio": "0.42",
        "posicion": "M",
        "sistema_entretenimiento": false,
        "vuelo": 26,
        "pasajero": 8
    }
},
{
    "model": "apaeropuerto.asiento",
    "pk": 16,
    "fields": {
        "clase": "E",
        "precio": "0.62",
        "posicion": "M",
        "sistema_entretenimiento": true,
        "vuelo": 39,
        "pasajero": 14
    }
},
{
    "model": "apaeropuerto.asiento",
    "pk": 17,
    "fields": {
        "clase": "E",
        "precio": "0.32",
        "posicion": "P",
        "sistema_entretenimiento": false,
        "vuelo": 36,
        "pasajero": 29
    }
},
{
    "model": "apaeropuerto.asiento",
    "pk": 18,
    "fields": {
        "clase": "E",
        "precio": "0.82",
        "posicion": "P",
        "sistema_entretenimiento": true,
        "vuelo": 45,
        "pasajero": 43
    }
},
{
    "model": "apaeropuerto.asiento",
    "pk": 19,
    "fields": {
        "clase": "E",
        "precio": "0.65",
        "posicion": "V",
        "sistema_entretenimiento": true,
        "vuelo": 39,
        "pasajero": 46
    }
},
{
    "model": "apaeropuerto.asiento",
    "pk": 20,
    "fields": {
        "clase": "E",
        "precio": "0.76",
        "posicion": "V",
        "sistema_entretenimiento": true,
        "vuelo": 45,
        "pasajero": 1
    }
},
{
    "model": "apaeropuerto.asiento",
    "pk": 21,
    "fields": {
        "clase": "E",
        "precio": "0.85",
        "posicion": "M",
        "sistema_entretenimiento": true,
        "vuelo": 36,
        "pasajero": 43
    }
},
{
    "model": "apaeropuerto.asiento",
    "pk": 22,
    "fields": {
        "clase": "E",
        "precio": "0.07",
        "posicion": "M",
        "sistema_entretenimiento": true,
        "vuelo": 22,
        "pasajero": 26
    }
},
{
    "model": "apaeropuerto.asiento",
    "pk": 23,
    "fields": {
        "clase": "E",
        "precio": "0.84",
        "posicion": "M",
        "sistema_entretenimiento": true,
        "vuelo": 2,
        "pasajero": 42
    }
},
{
    "model": "apaeropuerto.asiento",
    "pk": 24,
    "fields": {
        "clase": "E",
        "precio": "0.45",
        "posicion": "M",
        "sistema_entretenimiento": true,
        "vuelo": 47,
        "pasajero": 1
    }
},
{
    "model": "apaeropuerto.asiento",
    "pk": 25,
    "fields": {
        "clase": "E",
        "precio": "0.68",
        "posicion": "M",
        "sistema_entretenimiento": true,
        "vuelo": 4,
        "pasajero": 18
    }
},
{
    "model": "apaeropuerto.asiento",
    "pk": 26,
    "fields": {
        "clase": "E",
        "precio": "0.85",
        "posicion": "V",
        "sistema_entretenimiento": true,
        "vuelo": 29,
        "pasajero": 43
    }
},
{
    "model": "apaeropuerto.asiento",
    "pk": 27,
    "fields": {
        "clase": "E",
        "precio": "0.04",
        "posicion": "M",
        "sistema_entretenimiento": false,
        "vuelo": 26,
        "pasajero": 7
    }
},
{
    "model": "apaeropuerto.asiento",
    "pk": 28,
    "fields": {
        "clase": "E",
        "precio": "0.27",
        "posicion": "M",
        "sistema_entretenimiento": false,
        "vuelo": 4,
        "pasajero": 23
    }
},
{
    "model": "apaeropuerto.asiento",
    "pk": 29,
    "fields": {
        "clase": "E",
        "precio": "0.81",
        "posicion": "M",
        "sistema_entretenimiento": true,
        "vuelo": 41,
        "pasajero": 18
    }
},
{
    "model": "apaeropuerto.asiento",
    "pk": 30,
    "fields": {
        "clase": "E",
        "precio": "0.95",
        "posicion": "P",
        "sistema_entretenimiento": true,
        "vuelo": 30,
        "pasajero": 12
    }
},
{
    "model": "apaeropuerto.asiento",
    "pk": 31,
    "fields": {
        "clase": "E",
        "precio": "0.74",
        "posicion": "M",
        "sistema_entretenimiento": false,
        "vuelo": 20,
        "pasajero": 48
    }
},
{
    "model": "apaeropuerto.asiento",
    "pk": 32,
    "fields": {
        "clase": "E",
        "precio": "0.01",
        "posicion": "V",
        "sistema_entretenimiento": false,
        "vuelo": 9,
        "pasajero": 28
    }
},
{
    "model": "apaeropuerto.asiento",
    "pk": 33,
    "fields": {
        "clase": "E",
        "precio": "0.73",
        "posicion": "M",
        "sistema_entretenimiento": false,
        "vuelo": 38,
        "pasajero": 3
    }
},
{
    "model": "apaeropuerto.asiento",
    "pk": 34,
    "fields": {
        "clase": "E",
        "precio": "0.64",
        "posicion": "P",
        "sistema_entretenimiento": false,
        "vuelo": 46,
        "pasajero": 5
    }
},
{
    "model": "apaeropuerto.asiento",
    "pk": 35,
    "fields": {
        "clase": "E",
        "precio": "0.80",
        "posicion": "V",
        "sistema_entretenimiento": true,
        "vuelo": 26,
        "pasajero": 43
    }
},
{
    "model": "apaeropuerto.asiento",
    "pk": 36,
    "fields": {
        "clase": "E",
        "precio": "0.27",
        "posicion": "P",
        "sistema_entretenimiento": false,
        "vuelo": 10,
        "pasajero": 23
    }
},
{
    "model": "apaeropuerto.asiento",
    "pk": 37,
    "fields": {
        "clase": "E",
        "precio": "0.09",
        "posicion": "V",
        "sistema_entretenimiento": true,
        "vuelo": 6,
        "pasajero": 16
    }
},
{
    "model": "apaeropuerto.asiento",
    "pk": 38,
    "fields": {
        "clase": "E",
        "precio": "0.44",
        "posicion": "P",
        "sistema_entretenimiento": true,
        "vuelo": 41,
        "pasajero": 14
    }
},
{
    "model": "apaeropuerto.asiento",
    "pk": 39,
    "fields": {
        "clase": "E",
        "precio": "0.88",
        "posicion": "M",
        "sistema_entretenimiento": true,
        "vuelo": 39,
        "pasajero": 31
    }
},
{
    "model": "apaeropuerto.asiento",
    "pk": 40,
    "fields": {
        "clase": "E",
        "precio": "0.12",
        "posicion": "V",
        "sistema_entretenimiento": false,
        "vuelo": 22,
        "pasajero": 3
    }
},
{
    "model": "apaeropuerto.asiento",
    "pk": 41,
    "fields": {
        "clase": "E",
        "precio": "0.26",
        "posicion": "P",
        "sistema_entretenimiento": false,
        "vuelo": 26,
        "pasajero": 24
    }
},
{
    "model": "apaeropuerto.asiento",
    "pk": 42,
    "fields": {
        "clase": "E",
        "precio": "0.37",
        "posicion": "P",
        "sistema_entretenimiento": true,
        "vuelo": 19,
        "pasajero": 12
    }
},
{
    "model": "apaeropuerto.asiento",
    "pk": 43,
    "fields": {
        "clase": "E",
        "precio": "0.80",
        "posicion": "P",
        "sistema_entretenimiento": false,
        "vuelo": 16,
        "pasajero": 1
    }
},
{
    "model": "apaeropuerto.asiento",
    "pk": 44,
    "fields": {
        "clase": "E",
        "precio": "0.80",
        "posicion": "V",
        "sistema_entretenimiento": true,
        "vuelo": 24,
        "pasajero": 41
    }
},
{
    "model": "apaeropuerto.asiento",
    "pk": 45,
    "fields": {
        "clase": "E",
        "precio": "0.99",
        "posicion": "M",
        "sistema_entretenimiento": true,
        "vuelo": 8,
        "pasajero": 9
    }
},
{
    "model": "apaeropuerto.asiento",
    "pk": 46,
    "fields": {
        "clase": "E",
        "precio": "0.47",
        "posicion": "P",
        "sistema_entretenimiento": false,
        "vuelo": 16,
        "pasajero": 45
    }
},
{
    "model": "apaeropuerto.asiento",
    "pk": 47,
    "fields": {
        "clase": "E",
        "precio": "0.73",
        "posicion": "P",
        "sistema_entretenimiento": true,
        "vuelo": 24,
        "pasajero": 24
    }
},
{
    "model": "apaeropuerto.asiento",
    "pk": 48,
    "fields": {
        "clase": "E",
        "precio": "0.00",
        "posicion": "V",
        "sistema_entretenimiento": true,
        "vuelo": 44,
        "pasajero": 48
    }
},
{
    "model": "apaeropuerto.asiento",
    "pk": 49,
    "fields": {
        "clase": "E",
        "precio": "0.98",
        "posicion": "M",
        "sistema_entretenimiento": true,
        "vuelo": 20,
        "pasajero": 8
    }
},
{
    "model": "apaeropuerto.asiento",
    "pk": 50,
    "fields": {
        "clase": "E",
        "precio": "0.43",
        "posicion": "P",
        "sistema_entretenimiento": true,
        "vuelo": 47,
        "pasajero": 29
    }
},
{
    "model": "apaeropuerto.servicio",
    "pk": 1,
    "fields": {
        "tipo_servicio": "Same wonder different decade many.",
        "costo": 0.8415142789039993,
        "duracion_servicio": "06:15:46",
        "añadido": "Cut baby white safe. Or grow mind.",
        "aeropuerto": [
            16,
            23,
            34
        ]
    }
},
{
    "model": "apaeropuerto.servicio",
    "pk": 2,
    "fields": {
        "tipo_servicio": "Body money attack ground themselves. Might politics happy not source take.",
        "costo": 0.5695574064824279,
        "duracion_servicio": "17:59:10",
        "añadido": "Send store because name hold. Hand factor could.",
        "aeropuerto": [
            11,
            12,
            14,
            18,
            49,
            50
        ]
    }
},
{
    "model": "apaeropuerto.servicio",
    "pk": 3,
    "fields": {
        "tipo_servicio": "Produce mean measure resource push key. Yes management ago light old.",
        "costo": 0.4377458449754328,
        "duracion_servicio": "21:08:56",
        "añadido": "Drug around collection box. Language beautiful create.",
        "aeropuerto": [
            10,
            36,
            48
        ]
    }
},
{
    "model": "apaeropuerto.servicio",
    "pk": 4,
    "fields": {
        "tipo_servicio": "Painting ever page decade perform gun without. Music rich piece. Wide might sure threat specific.",
        "costo": 0.5899904413855351,
        "duracion_servicio": "12:03:55",
        "añadido": "Account body happy reach. Peace future image major significant century conference hand.",
        "aeropuerto": [
            1,
            8,
            11,
            22,
            26,
            43,
            46
        ]
    }
},
{
    "model": "apaeropuerto.servicio",
    "pk": 5,
    "fields": {
        "tipo_servicio": "Decade what discuss bag former.",
        "costo": 0.23287948499219657,
        "duracion_servicio": "12:20:55",
        "añadido": "Anything of which pay save. Forget no step follow employee election food.",
        "aeropuerto": [
            10,
            36,
            42,
            45
        ]
    }
},
{
    "model": "apaeropuerto.servicio",
    "pk": 6,
    "fields": {
        "tipo_servicio": "Yes however service pressure drug. Than suddenly people allow century.",
        "costo": 0.41395663917563896,
        "duracion_servicio": "17:38:28",
        "añadido": "Others chair prove kitchen recent represent high southern. Consumer visit role yourself outside.",
        "aeropuerto": [
            6,
            23,
            25,
            27,
            38,
            44
        ]
    }
},
{
    "model": "apaeropuerto.servicio",
    "pk": 7,
    "fields": {
        "tipo_servicio": "Business against buy name hand you. Tax can natural garden language money.",
        "costo": 0.9406361892322076,
        "duracion_servicio": "15:42:50",
        "añadido": "Enjoy help charge field as. Take blood opportunity study treatment put.",
        "aeropuerto": [
            1,
            5,
            8,
            12,
            13,
            24,
            26,
            33,
            37
        ]
    }
},
{
    "model": "apaeropuerto.servicio",
    "pk": 8,
    "fields": {
        "tipo_servicio": "Home woman practice professional. Bed yeah agency however.",
        "costo": 0.8727410170569315,
        "duracion_servicio": "02:35:41",
        "añadido": "Maintain off heart above. Force approach who ahead cold during other.",
        "aeropuerto": [
            4,
            11,
            14,
            40,
            47,
            48,
            49,
            50
        ]
    }
},
{
    "model": "apaeropuerto.servicio",
    "pk": 9,
    "fields": {
        "tipo_servicio": "Second member can artist event couple. Why site next indicate star. Fast fast south threat.",
        "costo": 0.3159617859660364,
        "duracion_servicio": "21:38:36",
        "añadido": "Bag hear member group visit detail. Eye pattern close rate.",
        "aeropuerto": [
            1,
            3,
            8,
            19,
            20,
            24,
            31,
            45
        ]
    }
},
{
    "model": "apaeropuerto.servicio",
    "pk": 10,
    "fields": {
        "tipo_servicio": "Feeling age be join. Ask development city strategy. Much although middle only today.",
        "costo": 0.04733337063458509,
        "duracion_servicio": "04:39:44",
        "añadido": "Oil mention operation value.\nRemain something case along.",
        "aeropuerto": [
            8,
            12,
            29,
            32,
            41,
            46,
            49
        ]
    }
},
{
    "model": "apaeropuerto.servicio",
    "pk": 11,
    "fields": {
        "tipo_servicio": "Try sister picture or. Degree man owner each capital card.\nPage beat occur stop I knowledge.",
        "costo": 0.736686495962383,
        "duracion_servicio": "22:03:13",
        "añadido": "Director strong standard list study. Work let miss. To continue nothing vote real board.",
        "aeropuerto": [
            20,
            39,
            41
        ]
    }
},
{
    "model": "apaeropuerto.servicio",
    "pk": 12,
    "fields": {
        "tipo_servicio": "List other test guess Democrat let. Themselves fly feel meet.",
        "costo": 0.9483320654316626,
        "duracion_servicio": "20:02:50",
        "añadido": "Day our sister decision camera. Know by some would machine. Care go most company bag top theory.",
        "aeropuerto": [
            22,
            33,
            42
        ]
    }
},
{
    "model": "apaeropuerto.servicio",
    "pk": 13,
    "fields": {
        "tipo_servicio": "Under yeah particular nothing majority. Western drive across.",
        "costo": 0.3852368316377145,
        "duracion_servicio": "18:12:17",
        "añadido": "Organization what onto hold purpose. Republican environment rest successful resource.",
        "aeropuerto": [
            2,
            4,
            13,
            25,
            31,
            36,
            42,
            44
        ]
    }
},
{
    "model": "apaeropuerto.servicio",
    "pk": 14,
    "fields": {
        "tipo_servicio": "Level week view when dark American record.",
        "costo": 0.7242444525671122,
        "duracion_servicio": "16:25:46",
        "añadido": "Join indeed house human. Himself compare house.",
        "aeropuerto": [
            13,
            17,
            20,
            24,
            34,
            39
        ]
    }
},
{
    "model": "apaeropuerto.servicio",
    "pk": 15,
    "fields": {
        "tipo_servicio": "Factor once inside design. Boy center science simple receive. Back thing few require represent.",
        "costo": 0.80724132998877,
        "duracion_servicio": "19:21:30",
        "añadido": "Out own mouth involve. Work me once benefit people. Military people local million skill.",
        "aeropuerto": [
            25,
            45
        ]
    }
},
{
    "model": "apaeropuerto.servicio",
    "pk": 16,
    "fields": {
        "tipo_servicio": "Car difference and. Participant skill feel senior. Later question fact chance.\nPlace miss sound.",
        "costo": 0.8910461261455893,
        "duracion_servicio": "19:10:56",
        "añadido": "Say candidate old certainly analysis opportunity race. Dark away at public capital tree.",
        "aeropuerto": [
            8,
            10,
            15,
            19,
            22,
            27,
            29,
            45,
            48
        ]
    }
},
{
    "model": "apaeropuerto.servicio",
    "pk": 17,
    "fields": {
        "tipo_servicio": "Candidate member make ok able soon nature. Bar southern summer. Effort father just let road.",
        "costo": 0.647128462315075,
        "duracion_servicio": "08:37:09",
        "añadido": "Continue information exactly open more. Woman character magazine effort.",
        "aeropuerto": [
            7,
            18,
            26,
            44,
            49
        ]
    }
},
{
    "model": "apaeropuerto.servicio",
    "pk": 18,
    "fields": {
        "tipo_servicio": "Item dark since whole. Three whole group.",
        "costo": 0.5430508781396429,
        "duracion_servicio": "22:05:36",
        "añadido": "Senior remain measure democratic. My matter sometimes Republican not nothing week.",
        "aeropuerto": [
            15,
            30,
            40
        ]
    }
},
{
    "model": "apaeropuerto.servicio",
    "pk": 19,
    "fields": {
        "tipo_servicio": "Shoulder model night so standard rate car. This media pretty appear.",
        "costo": 0.8962506504736224,
        "duracion_servicio": "02:26:38",
        "añadido": "Improve give century work check. Surface leader matter unit eye.",
        "aeropuerto": [
            44
        ]
    }
},
{
    "model": "apaeropuerto.servicio",
    "pk": 20,
    "fields": {
        "tipo_servicio": "Couple western interest book trade road couple. Option strategy rich art time.",
        "costo": 0.328861043846715,
        "duracion_servicio": "13:26:32",
        "añadido": "Minute realize fight know organization pressure. Often among between represent provide almost fish.",
        "aeropuerto": [
            12,
            14,
            33,
            34,
            47,
            49
        ]
    }
},
{
    "model": "apaeropuerto.servicio",
    "pk": 21,
    "fields": {
        "tipo_servicio": "Race carry eight threat face available. Strategy front employee difficult yet series at detail.",
        "costo": 0.4973417389285708,
        "duracion_servicio": "06:03:09",
        "añadido": "Increase today box true police field have. Firm radio radio gun research.",
        "aeropuerto": [
            26
        ]
    }
},
{
    "model": "apaeropuerto.servicio",
    "pk": 22,
    "fields": {
        "tipo_servicio": "Identify choose middle available when. Government however future service church.",
        "costo": 0.7369047080152925,
        "duracion_servicio": "20:18:22",
        "añadido": "Whatever it must discussion Congress ten. Fund almost friend feeling family action throw oil.",
        "aeropuerto": [
            44
        ]
    }
},
{
    "model": "apaeropuerto.servicio",
    "pk": 23,
    "fields": {
        "tipo_servicio": "Source a send mention central.",
        "costo": 0.39859353186113056,
        "duracion_servicio": "07:41:48",
        "añadido": "Since amount now community natural certain civil. Much actually four late dinner help stock.",
        "aeropuerto": [
            5,
            9,
            18,
            20,
            43,
            49
        ]
    }
},
{
    "model": "apaeropuerto.servicio",
    "pk": 24,
    "fields": {
        "tipo_servicio": "Peace manager stand show identify when seek. Significant agreement ever.",
        "costo": 0.11052331294153328,
        "duracion_servicio": "07:37:23",
        "añadido": "Thousand theory way. Congress available claim according model tax prevent. Plan yes require bar.",
        "aeropuerto": [
            21,
            46,
            50
        ]
    }
},
{
    "model": "apaeropuerto.servicio",
    "pk": 25,
    "fields": {
        "tipo_servicio": "Adult rise control box. Term recognize section activity one.",
        "costo": 0.4248128330846507,
        "duracion_servicio": "10:30:24",
        "añadido": "Simple officer federal pay. Your oil action standard music per.",
        "aeropuerto": [
            2,
            4,
            7,
            34
        ]
    }
},
{
    "model": "apaeropuerto.servicio",
    "pk": 26,
    "fields": {
        "tipo_servicio": "Above any true. Main name public season able magazine. Risk message bad different edge away allow.",
        "costo": 0.3270847063490684,
        "duracion_servicio": "17:00:29",
        "añadido": "Age region six note husband smile can. Political value model upon talk baby research.",
        "aeropuerto": [
            25,
            33,
            35,
            44
        ]
    }
},
{
    "model": "apaeropuerto.servicio",
    "pk": 27,
    "fields": {
        "tipo_servicio": "Control east ready Mrs anyone. Child her watch allow.",
        "costo": 0.5234020594598342,
        "duracion_servicio": "09:44:46",
        "añadido": "Use item yet image gun.",
        "aeropuerto": [
            33
        ]
    }
},
{
    "model": "apaeropuerto.servicio",
    "pk": 28,
    "fields": {
        "tipo_servicio": "Kid mission ahead election then music.",
        "costo": 0.6404855104156674,
        "duracion_servicio": "12:20:06",
        "añadido": "Senior strong health law just north be. Else manage model take over walk.",
        "aeropuerto": [
            18,
            36,
            44,
            45
        ]
    }
},
{
    "model": "apaeropuerto.servicio",
    "pk": 29,
    "fields": {
        "tipo_servicio": "Section standard deep traditional.",
        "costo": 0.5842658807759636,
        "duracion_servicio": "17:41:56",
        "añadido": "Under do woman less actually. Concern out national per. Behind same shake election share bad alone.",
        "aeropuerto": [
            23
        ]
    }
},
{
    "model": "apaeropuerto.servicio",
    "pk": 30,
    "fields": {
        "tipo_servicio": "Someone page child thank really. Strong table no authority sell far but.",
        "costo": 0.011562078100258555,
        "duracion_servicio": "00:08:09",
        "añadido": "Structure argue weight ask. Have myself key card contain wonder single.",
        "aeropuerto": [
            34,
            36,
            37,
            38,
            39,
            41,
            49
        ]
    }
},
{
    "model": "apaeropuerto.servicio",
    "pk": 31,
    "fields": {
        "tipo_servicio": "Yes likely structure member million my. Could beat hit decision more maintain.",
        "costo": 0.6613410744225826,
        "duracion_servicio": "23:23:14",
        "añadido": "Own treat good. Main hotel carry middle change site like.",
        "aeropuerto": [
            1,
            12,
            16,
            21,
            29,
            34,
            45,
            50
        ]
    }
},
{
    "model": "apaeropuerto.servicio",
    "pk": 32,
    "fields": {
        "tipo_servicio": "Write miss amount thought future home cover. Behavior travel he blood agent.",
        "costo": 0.5794814215287738,
        "duracion_servicio": "03:10:00",
        "añadido": "Realize administration woman human up. Statement charge let. Explain country increase.",
        "aeropuerto": [
            7,
            13,
            34
        ]
    }
},
{
    "model": "apaeropuerto.servicio",
    "pk": 33,
    "fields": {
        "tipo_servicio": "Instead never use amount it dog week. Consumer security structure other recognize this wall.",
        "costo": 0.3635364482434712,
        "duracion_servicio": "03:28:37",
        "añadido": "Defense if security admit respond ten. Simply weight put these whose.",
        "aeropuerto": [
            1,
            19,
            21,
            24,
            27,
            33
        ]
    }
},
{
    "model": "apaeropuerto.servicio",
    "pk": 34,
    "fields": {
        "tipo_servicio": "Teach hand enough risk Democrat. Accept or industry expect such test drop.",
        "costo": 0.8104131548853296,
        "duracion_servicio": "21:13:41",
        "añadido": "Lay apply short world carry task up let.\nTake spend cut summer figure.",
        "aeropuerto": [
            19,
            23,
            28,
            30,
            48
        ]
    }
},
{
    "model": "apaeropuerto.servicio",
    "pk": 35,
    "fields": {
        "tipo_servicio": "Wonder year the treat her matter.",
        "costo": 0.46894472695074896,
        "duracion_servicio": "03:41:54",
        "añadido": "Suggest case piece look finally. Pattern single realize bad age almost.",
        "aeropuerto": [
            1,
            4,
            12,
            18,
            21,
            30,
            35,
            45
        ]
    }
},
{
    "model": "apaeropuerto.servicio",
    "pk": 36,
    "fields": {
        "tipo_servicio": "Assume board between. Find serious hand time good spend foreign whose.",
        "costo": 0.8158457729918801,
        "duracion_servicio": "22:37:58",
        "añadido": "Ok phone success. No away value vote back exactly. Certain professor car improve boy week.",
        "aeropuerto": [
            8,
            9,
            19,
            20,
            24,
            31,
            34,
            37,
            43
        ]
    }
},
{
    "model": "apaeropuerto.servicio",
    "pk": 37,
    "fields": {
        "tipo_servicio": "Source stay talk how which level during. Network voice compare impact. Remain dark develop feel.",
        "costo": 0.33384864824160587,
        "duracion_servicio": "04:10:35",
        "añadido": "His mention outside activity. Toward science like avoid could people decade heart.",
        "aeropuerto": [
            26,
            28
        ]
    }
},
{
    "model": "apaeropuerto.servicio",
    "pk": 38,
    "fields": {
        "tipo_servicio": "Particularly those try. Certain town blue tough.",
        "costo": 0.6008121516661945,
        "duracion_servicio": "21:59:19",
        "añadido": "Unit finish yard try resource beautiful. Energy you wide three page.",
        "aeropuerto": [
            35,
            45
        ]
    }
},
{
    "model": "apaeropuerto.servicio",
    "pk": 39,
    "fields": {
        "tipo_servicio": "General bill mind until walk certain open. Run become consumer style. Lose while marriage far.",
        "costo": 0.5992526119921885,
        "duracion_servicio": "10:40:48",
        "añadido": "Throw boy response hair whole table of.",
        "aeropuerto": [
            2,
            4,
            20,
            29,
            35
        ]
    }
},
{
    "model": "apaeropuerto.servicio",
    "pk": 40,
    "fields": {
        "tipo_servicio": "End fear behavior full left scene. Lay bar wide force.",
        "costo": 0.2659065965949101,
        "duracion_servicio": "16:11:14",
        "añadido": "Top share chair morning. Organization professor how control.",
        "aeropuerto": [
            1,
            3,
            12,
            13,
            14,
            21,
            26,
            39,
            46,
            47
        ]
    }
},
{
    "model": "apaeropuerto.servicio",
    "pk": 41,
    "fields": {
        "tipo_servicio": "Gun on role onto where mission culture. Itself stuff doctor.",
        "costo": 0.28697187323026807,
        "duracion_servicio": "07:16:58",
        "añadido": "Value already table data. Vote type eat daughter store oil. Radio nor size.",
        "aeropuerto": [
            13,
            14,
            22,
            42,
            45
        ]
    }
},
{
    "model": "apaeropuerto.servicio",
    "pk": 42,
    "fields": {
        "tipo_servicio": "Mouth piece how. Pay director collection door.",
        "costo": 0.46767866813417835,
        "duracion_servicio": "00:10:45",
        "añadido": "Ten through century institution approach. American involve mission perhaps.",
        "aeropuerto": [
            3,
            4,
            10,
            13,
            23,
            30,
            32,
            42,
            46
        ]
    }
},
{
    "model": "apaeropuerto.servicio",
    "pk": 43,
    "fields": {
        "tipo_servicio": "Give push shake world. Most meeting debate.\nMinute century reality fine head friend that.",
        "costo": 0.3427148289584948,
        "duracion_servicio": "18:48:11",
        "añadido": "Bed early history prepare fact. This explain expect music public.",
        "aeropuerto": [
            2,
            4,
            5,
            6,
            15,
            22,
            27
        ]
    }
},
{
    "model": "apaeropuerto.servicio",
    "pk": 44,
    "fields": {
        "tipo_servicio": "History must nation not appear quality. Rock worker range range.",
        "costo": 0.2699040454245708,
        "duracion_servicio": "12:14:45",
        "añadido": "Everything TV about us commercial quickly professional.",
        "aeropuerto": [
            36,
            49
        ]
    }
},
{
    "model": "apaeropuerto.servicio",
    "pk": 45,
    "fields": {
        "tipo_servicio": "Like story difference big performance weight social win. Respond blue me.",
        "costo": 0.01829874736051018,
        "duracion_servicio": "10:09:49",
        "añadido": "Ten on decide his. Marriage political rule. Board consider put between.",
        "aeropuerto": [
            32
        ]
    }
},
{
    "model": "apaeropuerto.servicio",
    "pk": 46,
    "fields": {
        "tipo_servicio": "Return computer we watch full join. Red throw same resource clearly stop much. Late down use any.",
        "costo": 0.3106566867488255,
        "duracion_servicio": "04:46:32",
        "añadido": "Instead matter more travel miss song.\nIncrease turn never prevent better show.",
        "aeropuerto": [
            1,
            10,
            15,
            18,
            33,
            36,
            37,
            44,
            46,
            48
        ]
    }
},
{
    "model": "apaeropuerto.servicio",
    "pk": 47,
    "fields": {
        "tipo_servicio": "Answer rate interest line why easy.",
        "costo": 0.29657939249433696,
        "duracion_servicio": "22:51:22",
        "añadido": "Stock movie loss nation same no fund.",
        "aeropuerto": [
            1,
            3,
            15,
            27,
            33
        ]
    }
},
{
    "model": "apaeropuerto.servicio",
    "pk": 48,
    "fields": {
        "tipo_servicio": "Pay film himself military condition history at. Sure time court risk school stop.",
        "costo": 0.045200500977878755,
        "duracion_servicio": "01:23:49",
        "añadido": "Rate glass together street quality computer.\nEnd partner edge turn student cold.",
        "aeropuerto": [
            2,
            7,
            35,
            40,
            43,
            47
        ]
    }
},
{
    "model": "apaeropuerto.servicio",
    "pk": 49,
    "fields": {
        "tipo_servicio": "After court join. Unit receive win rich compare important letter list. Save after finish.",
        "costo": 0.5472774646171491,
        "duracion_servicio": "21:38:28",
        "añadido": "Clearly rich section dog. Understand from live fear ability.",
        "aeropuerto": [
            3,
            6,
            10,
            11,
            16,
            18,
            20,
            24
        ]
    }
},
{
    "model": "apaeropuerto.servicio",
    "pk": 50,
    "fields": {
        "tipo_servicio": "After same owner concern important huge series general. Help either without plant spend.",
        "costo": 0.6263385098712062,
        "duracion_servicio": "20:21:11",
        "añadido": "Style turn her change modern. Administration community else that turn. Store happen dog at.",
        "aeropuerto": [
            19,
            31,
            34,
            35,
            47,
            48
        ]
    }
},
{
    "model": "apaeropuerto.empleado",
    "pk": 1,
    "fields": {
        "nombre": "Today start similar party break meeting. Increase door since friend.",
        "apellido": "The sometimes drop change. Reveal indeed laugh carry.",
        "cargo": "EM",
        "fecha_contratacion": "2017-02-05",
        "servicio": 25
    }
},
{
    "model": "apaeropuerto.empleado",
    "pk": 2,
    "fields": {
        "nombre": "Here enough never do growth unit environment. Position relate let describe wall.",
        "apellido": "On clear who condition civil. Per leg figure protect generation ball character.",
        "cargo": "EM",
        "fecha_contratacion": "1984-02-16",
        "servicio": 5
    }
},
{
    "model": "apaeropuerto.empleado",
    "pk": 3,
    "fields": {
        "nombre": "Sister whose certain get could in. There future hold hope trade economy.",
        "apellido": "Individual peace speak sort. During hot page concern property however behind someone.",
        "cargo": "EM",
        "fecha_contratacion": "2002-06-18",
        "servicio": 14
    }
},
{
    "model": "apaeropuerto.empleado",
    "pk": 4,
    "fields": {
        "nombre": "Building respond smile. To quality buy important.",
        "apellido": "Agency far build interest face around own magazine.",
        "cargo": "EM",
        "fecha_contratacion": "2018-11-28",
        "servicio": 9
    }
},
{
    "model": "apaeropuerto.empleado",
    "pk": 5,
    "fields": {
        "nombre": "Discussion defense full item other. When wait professional responsibility result apply.",
        "apellido": "Serve sea but sell break despite. Environment increase but southern.",
        "cargo": "EM",
        "fecha_contratacion": "1987-05-11",
        "servicio": 20
    }
},
{
    "model": "apaeropuerto.empleado",
    "pk": 6,
    "fields": {
        "nombre": "Source next instead training. Say figure quality store.",
        "apellido": "American fall put lay glass war share.\nWhose statement charge future. About source group into gas.",
        "cargo": "EM",
        "fecha_contratacion": "1975-12-16",
        "servicio": 5
    }
},
{
    "model": "apaeropuerto.empleado",
    "pk": 7,
    "fields": {
        "nombre": "Move wall exactly later. Lose American focus drive. Exist save parent cultural away.",
        "apellido": "Friend take water act final worker wait. Grow point scientist figure can movie.",
        "cargo": "EM",
        "fecha_contratacion": "2005-03-01",
        "servicio": 48
    }
},
{
    "model": "apaeropuerto.empleado",
    "pk": 8,
    "fields": {
        "nombre": "Film keep and almost kid clearly economic. Discussion firm off protect.",
        "apellido": "Use knowledge option appear tend. Great field article authority participant.",
        "cargo": "EM",
        "fecha_contratacion": "1988-05-03",
        "servicio": 45
    }
},
{
    "model": "apaeropuerto.empleado",
    "pk": 9,
    "fields": {
        "nombre": "Shake energy read detail be. Alone can trade.",
        "apellido": "Left throw child will feel. Case mission simply.",
        "cargo": "EM",
        "fecha_contratacion": "2018-11-02",
        "servicio": 4
    }
},
{
    "model": "apaeropuerto.empleado",
    "pk": 10,
    "fields": {
        "nombre": "Natural attention event raise here fact building. Always voice with part we.",
        "apellido": "Some notice arm us ready maintain. Full daughter audience simply.",
        "cargo": "EM",
        "fecha_contratacion": "1970-02-06",
        "servicio": 16
    }
},
{
    "model": "apaeropuerto.empleado",
    "pk": 11,
    "fields": {
        "nombre": "Coach detail bar his interesting move. Something politics pressure.",
        "apellido": "Simple century four factor simple admit. Able window probably prepare without outside court game.",
        "cargo": "EM",
        "fecha_contratacion": "1970-09-06",
        "servicio": 28
    }
},
{
    "model": "apaeropuerto.empleado",
    "pk": 12,
    "fields": {
        "nombre": "Rate itself much answer. Firm everybody cut study.",
        "apellido": "Capital drug perform. Ago enjoy peace center.",
        "cargo": "EM",
        "fecha_contratacion": "1981-08-12",
        "servicio": 32
    }
},
{
    "model": "apaeropuerto.empleado",
    "pk": 13,
    "fields": {
        "nombre": "Picture material back enough store attention. Require behavior role spring set.",
        "apellido": "Fast paper bit news college. Pick edge subject.",
        "cargo": "EM",
        "fecha_contratacion": "1976-06-11",
        "servicio": 1
    }
},
{
    "model": "apaeropuerto.empleado",
    "pk": 14,
    "fields": {
        "nombre": "Consider work artist born. Have better for medical question model. Million song dinner recently.",
        "apellido": "Citizen lead left factor box plant. Worry general imagine agent purpose discover beat.",
        "cargo": "EM",
        "fecha_contratacion": "2002-02-08",
        "servicio": 14
    }
},
{
    "model": "apaeropuerto.empleado",
    "pk": 15,
    "fields": {
        "nombre": "Question when knowledge enter. Popular society you born nation.",
        "apellido": "Upon quite character class work along.",
        "cargo": "EM",
        "fecha_contratacion": "2003-09-01",
        "servicio": 31
    }
},
{
    "model": "apaeropuerto.empleado",
    "pk": 16,
    "fields": {
        "nombre": "Would report sort join past mission. Sport experience audience.",
        "apellido": "Pick college shoulder newspaper poor. Story little hit every teach wonder source.",
        "cargo": "EM",
        "fecha_contratacion": "2023-07-23",
        "servicio": 19
    }
},
{
    "model": "apaeropuerto.empleado",
    "pk": 17,
    "fields": {
        "nombre": "Order cover with position be bar.",
        "apellido": "News hour hospital author. Behavior up concern friend myself season.",
        "cargo": "EM",
        "fecha_contratacion": "2017-06-21",
        "servicio": 23
    }
},
{
    "model": "apaeropuerto.empleado",
    "pk": 18,
    "fields": {
        "nombre": "Other agreement meeting then scientist. Hope pressure hair adult.",
        "apellido": "Every employee wear theory red. So be tough teacher goal dog gun. Onto pick present white budget.",
        "cargo": "EM",
        "fecha_contratacion": "1971-10-02",
        "servicio": 35
    }
},
{
    "model": "apaeropuerto.empleado",
    "pk": 19,
    "fields": {
        "nombre": "Past similar resource. Choose participant more adult establish somebody. Rise hit point.",
        "apellido": "College run particular common. Soldier sort not despite recently.",
        "cargo": "EM",
        "fecha_contratacion": "1972-06-02",
        "servicio": 9
    }
},
{
    "model": "apaeropuerto.empleado",
    "pk": 20,
    "fields": {
        "nombre": "Stop sign available. Spring discover meeting history sound.",
        "apellido": "Produce realize tax meet news. Them either leave. Worry piece home air goal. Bank own explain Mrs.",
        "cargo": "EM",
        "fecha_contratacion": "1990-02-23",
        "servicio": 26
    }
},
{
    "model": "apaeropuerto.empleado",
    "pk": 21,
    "fields": {
        "nombre": "Approach draw American admit individual black economic. Believe direction although campaign.",
        "apellido": "Instead free allow close ball specific stay throw. Team lose so writer worker. Heart system buy.",
        "cargo": "EM",
        "fecha_contratacion": "1986-12-07",
        "servicio": 46
    }
},
{
    "model": "apaeropuerto.empleado",
    "pk": 22,
    "fields": {
        "nombre": "Him shake mouth audience company front box. A usually leader crime power.",
        "apellido": "Role drop wrong our later yeah mother.",
        "cargo": "EM",
        "fecha_contratacion": "1982-04-16",
        "servicio": 36
    }
},
{
    "model": "apaeropuerto.empleado",
    "pk": 23,
    "fields": {
        "nombre": "Almost like show. Find force both risk window indicate.",
        "apellido": "Charge dinner enough simple. Instead whole together development.",
        "cargo": "EM",
        "fecha_contratacion": "1987-06-17",
        "servicio": 15
    }
},
{
    "model": "apaeropuerto.empleado",
    "pk": 24,
    "fields": {
        "nombre": "Senior entire simple analysis. Gas gas represent many. Relate short week especially.",
        "apellido": "Sure reality arrive may action bring. Agreement PM so white spend air somebody.",
        "cargo": "EM",
        "fecha_contratacion": "1978-08-30",
        "servicio": 41
    }
},
{
    "model": "apaeropuerto.empleado",
    "pk": 25,
    "fields": {
        "nombre": "Growth moment resource consider raise. Eye idea bad or. Defense necessary minute step fast owner.",
        "apellido": "Across bit player trip she consider. Month budget military rule.",
        "cargo": "EM",
        "fecha_contratacion": "2001-06-04",
        "servicio": 36
    }
},
{
    "model": "apaeropuerto.empleado",
    "pk": 26,
    "fields": {
        "nombre": "Big one few recognize. Scene college article individual training sing.",
        "apellido": "Down direction visit sell myself. Forget family as two. Industry store high help much.",
        "cargo": "EM",
        "fecha_contratacion": "1994-03-30",
        "servicio": 37
    }
},
{
    "model": "apaeropuerto.empleado",
    "pk": 27,
    "fields": {
        "nombre": "Finish red agreement. Citizen risk size beat note professional huge.",
        "apellido": "Instead property idea year result.\nSurface pass those green. Increase boy resource reflect job.",
        "cargo": "EM",
        "fecha_contratacion": "1970-01-02",
        "servicio": 23
    }
},
{
    "model": "apaeropuerto.empleado",
    "pk": 28,
    "fields": {
        "nombre": "Money western party great order thing nice. Back night that art.",
        "apellido": "Some center home boy. Benefit low establish. Pattern country ever pretty second.",
        "cargo": "EM",
        "fecha_contratacion": "2023-07-01",
        "servicio": 21
    }
},
{
    "model": "apaeropuerto.empleado",
    "pk": 29,
    "fields": {
        "nombre": "Up machine change suddenly. Sing stuff detail because.",
        "apellido": "Without trade fire serve.\nBut live against week star born car. Name successful national deal think.",
        "cargo": "EM",
        "fecha_contratacion": "1977-06-23",
        "servicio": 16
    }
},
{
    "model": "apaeropuerto.empleado",
    "pk": 30,
    "fields": {
        "nombre": "Structure industry stage when meet. Specific firm year anything charge. Born near article far.",
        "apellido": "Where owner arm nearly reflect. Sea positive PM wait likely respond sea.",
        "cargo": "EM",
        "fecha_contratacion": "1998-05-30",
        "servicio": 35
    }
},
{
    "model": "apaeropuerto.empleado",
    "pk": 31,
    "fields": {
        "nombre": "Young business no. Law real behind over.",
        "apellido": "Class man subject easy. Not national blood. Film read line weight beat same mention.",
        "cargo": "EM",
        "fecha_contratacion": "2016-04-12",
        "servicio": 49
    }
},
{
    "model": "apaeropuerto.empleado",
    "pk": 32,
    "fields": {
        "nombre": "Option forget blue environmental think size sport.",
        "apellido": "Catch cost question save. Nature perform set even current. Those debate maintain war dog.",
        "cargo": "EM",
        "fecha_contratacion": "2007-02-23",
        "servicio": 6
    }
},
{
    "model": "apaeropuerto.empleado",
    "pk": 33,
    "fields": {
        "nombre": "Theory above position. Leg parent democratic.",
        "apellido": "He eight consider. Pass or decade check. Hold myself idea dark operation cold population.",
        "cargo": "EM",
        "fecha_contratacion": "2009-03-20",
        "servicio": 48
    }
},
{
    "model": "apaeropuerto.empleado",
    "pk": 34,
    "fields": {
        "nombre": "Case politics simple central artist choose. Member teach according mention soldier trade thing.",
        "apellido": "Successful fill yeah hit store you. Appear and need smile. Open range factor.",
        "cargo": "EM",
        "fecha_contratacion": "2001-05-19",
        "servicio": 41
    }
},
{
    "model": "apaeropuerto.empleado",
    "pk": 35,
    "fields": {
        "nombre": "Subject their my bit. One bar computer total remember.",
        "apellido": "Eye watch read start. Live or toward yes eat worry.",
        "cargo": "EM",
        "fecha_contratacion": "2007-09-07",
        "servicio": 48
    }
},
{
    "model": "apaeropuerto.empleado",
    "pk": 36,
    "fields": {
        "nombre": "Employee TV answer ask reduce. Would between year keep. Second situation team practice drop edge.",
        "apellido": "Nice range agent capital of relationship. Education may account friend answer.",
        "cargo": "EM",
        "fecha_contratacion": "2007-10-01",
        "servicio": 44
    }
},
{
    "model": "apaeropuerto.empleado",
    "pk": 37,
    "fields": {
        "nombre": "Political PM spring easy. Music science true church.",
        "apellido": "Large wrong hundred appear same company.",
        "cargo": "EM",
        "fecha_contratacion": "1999-12-12",
        "servicio": 16
    }
},
{
    "model": "apaeropuerto.empleado",
    "pk": 38,
    "fields": {
        "nombre": "Reduce whole part smile. Foreign sound thank win modern probably president.",
        "apellido": "Most our education light. Even mean third. Some avoid environmental leave level report mind.",
        "cargo": "EM",
        "fecha_contratacion": "1970-04-13",
        "servicio": 11
    }
},
{
    "model": "apaeropuerto.empleado",
    "pk": 39,
    "fields": {
        "nombre": "Politics market doctor key. Exactly pay raise parent though watch man.",
        "apellido": "Share whose south. Executive do else help. Manage give why general.",
        "cargo": "EM",
        "fecha_contratacion": "1999-05-31",
        "servicio": 19
    }
},
{
    "model": "apaeropuerto.empleado",
    "pk": 40,
    "fields": {
        "nombre": "Local message loss. Source able another ok buy student until.",
        "apellido": "In sometimes toward south forget his. Trial voice nothing security yourself.",
        "cargo": "EM",
        "fecha_contratacion": "1981-03-26",
        "servicio": 49
    }
},
{
    "model": "apaeropuerto.empleado",
    "pk": 41,
    "fields": {
        "nombre": "Democratic baby loss service. Room card nothing allow computer lawyer sound.",
        "apellido": "Skill late important bag store class yard short. Hold south investment national couple seat later.",
        "cargo": "EM",
        "fecha_contratacion": "2010-03-21",
        "servicio": 26
    }
},
{
    "model": "apaeropuerto.empleado",
    "pk": 42,
    "fields": {
        "nombre": "Benefit executive voice sound. Pressure what certainly lot. Prepare form modern which laugh season.",
        "apellido": "Peace create purpose dark world trip. Pick act instead minute deep.",
        "cargo": "EM",
        "fecha_contratacion": "1982-06-16",
        "servicio": 3
    }
},
{
    "model": "apaeropuerto.empleado",
    "pk": 43,
    "fields": {
        "nombre": "Under throw ground which.",
        "apellido": "Others father part suddenly church. Space morning science onto. Task get join bring be live moment.",
        "cargo": "EM",
        "fecha_contratacion": "2011-06-16",
        "servicio": 14
    }
},
{
    "model": "apaeropuerto.empleado",
    "pk": 44,
    "fields": {
        "nombre": "Oil point fire. Maybe surface kid. Break would cover chair body set.",
        "apellido": "Huge west agency civil firm.",
        "cargo": "EM",
        "fecha_contratacion": "1990-02-08",
        "servicio": 11
    }
},
{
    "model": "apaeropuerto.empleado",
    "pk": 45,
    "fields": {
        "nombre": "Government if per network drive Mrs research. Million natural over decade man record.",
        "apellido": "Mind resource question hotel voice. Environmental road gas. Mrs area both service fact.",
        "cargo": "EM",
        "fecha_contratacion": "1979-08-01",
        "servicio": 25
    }
},
{
    "model": "apaeropuerto.empleado",
    "pk": 46,
    "fields": {
        "nombre": "Head size discussion newspaper west itself treatment. Friend stand peace east Republican.",
        "apellido": "Yeah right thank change camera some. Court collection particular with push clearly different.",
        "cargo": "EM",
        "fecha_contratacion": "1992-10-03",
        "servicio": 30
    }
},
{
    "model": "apaeropuerto.empleado",
    "pk": 47,
    "fields": {
        "nombre": "Fast of follow country understand respond reveal.",
        "apellido": "Congress cup think though option early. Page response today while process item.",
        "cargo": "EM",
        "fecha_contratacion": "2023-10-15",
        "servicio": 47
    }
},
{
    "model": "apaeropuerto.empleado",
    "pk": 48,
    "fields": {
        "nombre": "Civil price official dinner.",
        "apellido": "Focus firm yeah also star class marriage structure.\nBring between collection forget later state.",
        "cargo": "EM",
        "fecha_contratacion": "1991-01-24",
        "servicio": 42
    }
},
{
    "model": "apaeropuerto.empleado",
    "pk": 49,
    "fields": {
        "nombre": "Truth difference hot still practice. Nice concern debate PM.",
        "apellido": "Husband skill likely door mother. Two parent wide tree set agent analysis music.",
        "cargo": "EM",
        "fecha_contratacion": "2024-03-02",
        "servicio": 39
    }
},
{
    "model": "apaeropuerto.empleado",
    "pk": 50,
    "fields": {
        "nombre": "Safe measure be end. Probably move simply night be.",
        "apellido": "Author her he past. Range choose think culture lead. Should population if strong.",
        "cargo": "EM",
        "fecha_contratacion": "1999-04-18",
        "servicio": 16
    }
}
]
