[
{
    "model": "sessions.session",
    "pk": "qymibvemfq611ygthguvd7o7pthhztbh",
    "fields": {
        "session_data": ".eJxVjDsOwjAQBe_iGlns2vGHkp4zWLv-4ABypDipEHcnkVJA-2bmvUWgdalh7XkOYxIXAeL0uzHFZ247SA9q90nGqS3zyHJX5EG7vE0pv66H-3dQqdetLg4BFRvwEbWN5Hiw2ZD3jiNoS8Wz8pYRhuL02YBTHDEr5E1F40F8vtBBN0o:1tDMb1:2WAvfrQug69JuKtddAOMHthFlhUoVujX_zQNvPA85ck",
        "expire_date": "2024-12-03T12:40:39.785"
    }
},
{
    "model": "apaeropuerto.aeropuerto",
    "pk": 1,
    "fields": {
        "nombre": "Mrs human small.\nMeet today for individual. Congress analysis say customer. Draw show plan near.",
        "ciudades": "ES",
        "pais": "ES",
        "capacidad_maxima": 150
    }
},
{
    "model": "apaeropuerto.aeropuerto",
    "pk": 2,
    "fields": {
        "nombre": "Land on low level sport. Eye just all modern turn question ever.",
        "ciudades": "ES",
        "pais": "ES",
        "capacidad_maxima": 150
    }
},
{
    "model": "apaeropuerto.aeropuerto",
    "pk": 3,
    "fields": {
        "nombre": "Expect magazine sense trade.\nTreatment list check least page pass daughter. Let save tend term any.",
        "ciudades": "ES",
        "pais": "ES",
        "capacidad_maxima": 150
    }
},
{
    "model": "apaeropuerto.aeropuerto",
    "pk": 4,
    "fields": {
        "nombre": "Behavior space my event to serious. Tv beyond gas drive dinner hit.",
        "ciudades": "ES",
        "pais": "ES",
        "capacidad_maxima": 150
    }
},
{
    "model": "apaeropuerto.aeropuerto",
    "pk": 5,
    "fields": {
        "nombre": "Hour have nor must. Health raise every himself sea doctor.",
        "ciudades": "ES",
        "pais": "ES",
        "capacidad_maxima": 150
    }
},
{
    "model": "apaeropuerto.aeropuerto",
    "pk": 6,
    "fields": {
        "nombre": "Foot both evidence charge. Republican general season large hit.\nAnswer service item inside be.",
        "ciudades": "ES",
        "pais": "ES",
        "capacidad_maxima": 150
    }
},
{
    "model": "apaeropuerto.aeropuerto",
    "pk": 7,
    "fields": {
        "nombre": "Civil media probably decision. Product leader seat clearly.",
        "ciudades": "ES",
        "pais": "ES",
        "capacidad_maxima": 150
    }
},
{
    "model": "apaeropuerto.aeropuerto",
    "pk": 8,
    "fields": {
        "nombre": "Near white world try. Authority professional foreign study ago air stock baby.",
        "ciudades": "ES",
        "pais": "ES",
        "capacidad_maxima": 150
    }
},
{
    "model": "apaeropuerto.aeropuerto",
    "pk": 9,
    "fields": {
        "nombre": "Civil always manage case. Fall involve public range.",
        "ciudades": "ES",
        "pais": "ES",
        "capacidad_maxima": 150
    }
},
{
    "model": "apaeropuerto.aeropuerto",
    "pk": 10,
    "fields": {
        "nombre": "Involve series side thus. Sometimes several less scientist eye.",
        "ciudades": "ES",
        "pais": "ES",
        "capacidad_maxima": 150
    }
},
{
    "model": "apaeropuerto.aeropuerto",
    "pk": 11,
    "fields": {
        "nombre": "Gas see party try admit. Eight standard company professor property interview.",
        "ciudades": "ES",
        "pais": "ES",
        "capacidad_maxima": 150
    }
},
{
    "model": "apaeropuerto.aeropuerto",
    "pk": 12,
    "fields": {
        "nombre": "Wear move issue career performance speech.",
        "ciudades": "ES",
        "pais": "ES",
        "capacidad_maxima": 150
    }
},
{
    "model": "apaeropuerto.aeropuerto",
    "pk": 13,
    "fields": {
        "nombre": "Couple almost reality which.",
        "ciudades": "ES",
        "pais": "ES",
        "capacidad_maxima": 150
    }
},
{
    "model": "apaeropuerto.aeropuerto",
    "pk": 14,
    "fields": {
        "nombre": "Ability analysis you training. Have because use inside little product three beautiful.",
        "ciudades": "ES",
        "pais": "ES",
        "capacidad_maxima": 150
    }
},
{
    "model": "apaeropuerto.aeropuerto",
    "pk": 15,
    "fields": {
        "nombre": "National enter offer defense teach opportunity today.",
        "ciudades": "ES",
        "pais": "ES",
        "capacidad_maxima": 150
    }
},
{
    "model": "apaeropuerto.aeropuerto",
    "pk": 16,
    "fields": {
        "nombre": "Someone order lawyer. Environment box energy these people decision make.",
        "ciudades": "ES",
        "pais": "ES",
        "capacidad_maxima": 150
    }
},
{
    "model": "apaeropuerto.aeropuerto",
    "pk": 17,
    "fields": {
        "nombre": "Black increase product several kid smile different.",
        "ciudades": "ES",
        "pais": "ES",
        "capacidad_maxima": 150
    }
},
{
    "model": "apaeropuerto.aeropuerto",
    "pk": 18,
    "fields": {
        "nombre": "Before write no event play. Beyond scientist defense. Tough something hot debate tend pass animal.",
        "ciudades": "ES",
        "pais": "ES",
        "capacidad_maxima": 150
    }
},
{
    "model": "apaeropuerto.aeropuerto",
    "pk": 19,
    "fields": {
        "nombre": "Sense weight some staff. Adult shake trial event. Important there black myself above medical.",
        "ciudades": "ES",
        "pais": "ES",
        "capacidad_maxima": 150
    }
},
{
    "model": "apaeropuerto.aeropuerto",
    "pk": 20,
    "fields": {
        "nombre": "Oil trial social. Discuss manager loss. Fall may student their southern bed team.",
        "ciudades": "ES",
        "pais": "ES",
        "capacidad_maxima": 150
    }
},
{
    "model": "apaeropuerto.aeropuerto",
    "pk": 21,
    "fields": {
        "nombre": "Size better into far. Authority test type east accept responsibility still.",
        "ciudades": "ES",
        "pais": "ES",
        "capacidad_maxima": 150
    }
},
{
    "model": "apaeropuerto.aeropuerto",
    "pk": 22,
    "fields": {
        "nombre": "Yet money full tree scene art. Represent stop exactly pass. Kid control against left animal.",
        "ciudades": "ES",
        "pais": "ES",
        "capacidad_maxima": 150
    }
},
{
    "model": "apaeropuerto.aeropuerto",
    "pk": 23,
    "fields": {
        "nombre": "Same heart size drop agree break lot. Term rock let major set reach.",
        "ciudades": "ES",
        "pais": "ES",
        "capacidad_maxima": 150
    }
},
{
    "model": "apaeropuerto.aeropuerto",
    "pk": 24,
    "fields": {
        "nombre": "See before mind truth cold factor. Trial reveal meet try move almost.",
        "ciudades": "ES",
        "pais": "ES",
        "capacidad_maxima": 150
    }
},
{
    "model": "apaeropuerto.aeropuerto",
    "pk": 25,
    "fields": {
        "nombre": "Focus cut increase they. Safe off training. Face other firm during lead green rest.",
        "ciudades": "ES",
        "pais": "ES",
        "capacidad_maxima": 150
    }
},
{
    "model": "apaeropuerto.contactoaeropuerto",
    "pk": 1,
    "fields": {
        "nombre_contacto": "South four but leave factor tax. Different its wait. Traditional should skill skin us.",
        "telefono_contacto": "Memory concern.",
        "email_contacto": "samantha04@example.com",
        "años_trabajados": 13410,
        "aeropuerto": 3
    }
},
{
    "model": "apaeropuerto.contactoaeropuerto",
    "pk": 2,
    "fields": {
        "nombre_contacto": "Age pass grow chair start gas phone. Teacher drive lead that through enjoy decision.",
        "telefono_contacto": "Strong also.",
        "email_contacto": "kellyshelia@example.org",
        "años_trabajados": 24930,
        "aeropuerto": 4
    }
},
{
    "model": "apaeropuerto.contactoaeropuerto",
    "pk": 3,
    "fields": {
        "nombre_contacto": "Question plant recently ready marriage. General write least answer per cultural production.",
        "telefono_contacto": "Foot these.",
        "email_contacto": "fitzgeraldjonathan@example.com",
        "años_trabajados": -12629,
        "aeropuerto": 1
    }
},
{
    "model": "apaeropuerto.contactoaeropuerto",
    "pk": 4,
    "fields": {
        "nombre_contacto": "Speak follow must million write. Have herself per ago still.",
        "telefono_contacto": "Simple right.",
        "email_contacto": "julia80@example.net",
        "años_trabajados": -11474,
        "aeropuerto": 5
    }
},
{
    "model": "apaeropuerto.contactoaeropuerto",
    "pk": 5,
    "fields": {
        "nombre_contacto": "Task with year however. Realize pass seat whole within old any. Home trade base player bar.",
        "telefono_contacto": "Dinner story.",
        "email_contacto": "wrightnatalie@example.org",
        "años_trabajados": 11109,
        "aeropuerto": 2
    }
},
{
    "model": "apaeropuerto.contactoaeropuerto",
    "pk": 6,
    "fields": {
        "nombre_contacto": "Land he suggest forget rather value hotel. Change over stop strong any school high.",
        "telefono_contacto": "Laugh return.",
        "email_contacto": "krista42@example.net",
        "años_trabajados": 20496,
        "aeropuerto": 11
    }
},
{
    "model": "apaeropuerto.contactoaeropuerto",
    "pk": 7,
    "fields": {
        "nombre_contacto": "Unit opportunity pick how perform nice. High together continue why say other wall.",
        "telefono_contacto": "Peace camera.",
        "email_contacto": "steven57@example.org",
        "años_trabajados": -17832,
        "aeropuerto": 8
    }
},
{
    "model": "apaeropuerto.contactoaeropuerto",
    "pk": 8,
    "fields": {
        "nombre_contacto": "Stage owner people town enter nearly. Dinner exactly record back phone else.",
        "telefono_contacto": "Quickly when.",
        "email_contacto": "evansrenee@example.com",
        "años_trabajados": -18246,
        "aeropuerto": 12
    }
},
{
    "model": "apaeropuerto.contactoaeropuerto",
    "pk": 9,
    "fields": {
        "nombre_contacto": "Benefit father camera every. Say section situation man general baby cold religious.",
        "telefono_contacto": "Strong.",
        "email_contacto": "jamesmitchell@example.com",
        "años_trabajados": -14578,
        "aeropuerto": 22
    }
},
{
    "model": "apaeropuerto.contactoaeropuerto",
    "pk": 10,
    "fields": {
        "nombre_contacto": "Through break police system cost impact suddenly.\nPresident would sign. Summer time condition air.",
        "telefono_contacto": "Around student.",
        "email_contacto": "mreed@example.org",
        "años_trabajados": -29869,
        "aeropuerto": 20
    }
},
{
    "model": "apaeropuerto.contactoaeropuerto",
    "pk": 11,
    "fields": {
        "nombre_contacto": "Provide baby girl than. Add pull hard modern word number.",
        "telefono_contacto": "Government.",
        "email_contacto": "kimkelli@example.com",
        "años_trabajados": -11761,
        "aeropuerto": 23
    }
},
{
    "model": "apaeropuerto.contactoaeropuerto",
    "pk": 12,
    "fields": {
        "nombre_contacto": "Sell service concern citizen. Raise blue both various. Yeah film serve sea since soon.",
        "telefono_contacto": "Bill thing.",
        "email_contacto": "christinawhite@example.net",
        "años_trabajados": 10340,
        "aeropuerto": 24
    }
},
{
    "model": "apaeropuerto.contactoaeropuerto",
    "pk": 13,
    "fields": {
        "nombre_contacto": "Game them let ten. Whether physical under Democrat.",
        "telefono_contacto": "Study quite.",
        "email_contacto": "michealallen@example.com",
        "años_trabajados": 28323,
        "aeropuerto": 21
    }
},
{
    "model": "apaeropuerto.contactoaeropuerto",
    "pk": 14,
    "fields": {
        "nombre_contacto": "Student some wide artist. Carry join magazine.",
        "telefono_contacto": "However coach.",
        "email_contacto": "hpeterson@example.org",
        "años_trabajados": 3791,
        "aeropuerto": 10
    }
},
{
    "model": "apaeropuerto.contactoaeropuerto",
    "pk": 15,
    "fields": {
        "nombre_contacto": "Become person resource control about professional rather. Sure upon arrive daughter book.",
        "telefono_contacto": "Citizen image.",
        "email_contacto": "kathleensmith@example.net",
        "años_trabajados": -27766,
        "aeropuerto": 25
    }
},
{
    "model": "apaeropuerto.contactoaeropuerto",
    "pk": 16,
    "fields": {
        "nombre_contacto": "Buy woman method everything. Born record occur.",
        "telefono_contacto": "Really.",
        "email_contacto": "ogarcia@example.net",
        "años_trabajados": -11222,
        "aeropuerto": 13
    }
},
{
    "model": "apaeropuerto.contactoaeropuerto",
    "pk": 17,
    "fields": {
        "nombre_contacto": "Plant window assume anyone young. Building edge better he.",
        "telefono_contacto": "Allow.",
        "email_contacto": "eric73@example.net",
        "años_trabajados": 27385,
        "aeropuerto": 16
    }
},
{
    "model": "apaeropuerto.contactoaeropuerto",
    "pk": 18,
    "fields": {
        "nombre_contacto": "Even mind themselves push suddenly study right small. Film customer result seem key nor.",
        "telefono_contacto": "Spend magazine.",
        "email_contacto": "omar23@example.net",
        "años_trabajados": -12231,
        "aeropuerto": 6
    }
},
{
    "model": "apaeropuerto.contactoaeropuerto",
    "pk": 19,
    "fields": {
        "nombre_contacto": "Research professor wife prevent there arm for. Mrs off point. Himself fight like resource light.",
        "telefono_contacto": "Hospital with.",
        "email_contacto": "pmills@example.net",
        "años_trabajados": 7745,
        "aeropuerto": 18
    }
},
{
    "model": "apaeropuerto.contactoaeropuerto",
    "pk": 20,
    "fields": {
        "nombre_contacto": "Small very particular theory. Partner list say north buy.",
        "telefono_contacto": "We message.",
        "email_contacto": "terryjason@example.net",
        "años_trabajados": -5571,
        "aeropuerto": 9
    }
},
{
    "model": "apaeropuerto.contactoaeropuerto",
    "pk": 21,
    "fields": {
        "nombre_contacto": "Enough box cold daughter. Left face site.",
        "telefono_contacto": "Cause tree.",
        "email_contacto": "susan99@example.net",
        "años_trabajados": -11062,
        "aeropuerto": 14
    }
},
{
    "model": "apaeropuerto.contactoaeropuerto",
    "pk": 22,
    "fields": {
        "nombre_contacto": "Use upon purpose trade. Best general third easy try.",
        "telefono_contacto": "Late health.",
        "email_contacto": "opalmer@example.com",
        "años_trabajados": 3419,
        "aeropuerto": 17
    }
},
{
    "model": "apaeropuerto.contactoaeropuerto",
    "pk": 23,
    "fields": {
        "nombre_contacto": "Institution serious final official marriage school. Alone guess former edge soon painting up.",
        "telefono_contacto": "Black resource.",
        "email_contacto": "nicole80@example.net",
        "años_trabajados": -15326,
        "aeropuerto": 19
    }
},
{
    "model": "apaeropuerto.contactoaeropuerto",
    "pk": 24,
    "fields": {
        "nombre_contacto": "Project majority car wife. Include economy decade poor young. Break where on.",
        "telefono_contacto": "Democrat.",
        "email_contacto": "richardsonstephanie@example.net",
        "años_trabajados": -107,
        "aeropuerto": 15
    }
},
{
    "model": "apaeropuerto.contactoaeropuerto",
    "pk": 25,
    "fields": {
        "nombre_contacto": "Increase development beautiful. Because professor enjoy change past answer.",
        "telefono_contacto": "Church civil.",
        "email_contacto": "gonzaleznathan@example.org",
        "años_trabajados": -22341,
        "aeropuerto": 7
    }
},
{
    "model": "apaeropuerto.aerolinea",
    "pk": 1,
    "fields": {
        "nombre": "Analysis second floor direction police million top. Win trade everybody. Wall candidate and.",
        "codigo": "Together.",
        "fecha_fundacion": "2012-03-19",
        "pais": "ES",
        "aeropuerto": [
            2
        ]
    }
},
{
    "model": "apaeropuerto.aerolinea",
    "pk": 2,
    "fields": {
        "nombre": "Front every hotel build remember. Want likely need.",
        "codigo": "Want.",
        "fecha_fundacion": "2022-12-16",
        "pais": "ES",
        "aeropuerto": [
            5
        ]
    }
},
{
    "model": "apaeropuerto.aerolinea",
    "pk": 3,
    "fields": {
        "nombre": "Century energy yeah stuff subject long.",
        "codigo": "Model so.",
        "fecha_fundacion": "1978-06-28",
        "pais": "ES",
        "aeropuerto": [
            3
        ]
    }
},
{
    "model": "apaeropuerto.aerolinea",
    "pk": 4,
    "fields": {
        "nombre": "Between cell more church. For civil area side change side. Next send through college space fish.",
        "codigo": "Light.",
        "fecha_fundacion": "1991-11-22",
        "pais": "ES",
        "aeropuerto": [
            5
        ]
    }
},
{
    "model": "apaeropuerto.aerolinea",
    "pk": 5,
    "fields": {
        "nombre": "Treat however skill wonder necessary town. Maybe professor quite people network visit.",
        "codigo": "College.",
        "fecha_fundacion": "2016-05-09",
        "pais": "ES",
        "aeropuerto": [
            3,
            5
        ]
    }
},
{
    "model": "apaeropuerto.aerolinea",
    "pk": 6,
    "fields": {
        "nombre": "Hope though each spring history social protect drug. Safe mouth last entire while campaign.",
        "codigo": "About.",
        "fecha_fundacion": "1998-02-03",
        "pais": "ES",
        "aeropuerto": [
            6,
            12,
            18,
            22
        ]
    }
},
{
    "model": "apaeropuerto.aerolinea",
    "pk": 7,
    "fields": {
        "nombre": "Itself perform window other. If discover quickly identify military environmental.",
        "codigo": "Research.",
        "fecha_fundacion": "2002-04-13",
        "pais": "ES",
        "aeropuerto": [
            13,
            15,
            16,
            18,
            19
        ]
    }
},
{
    "model": "apaeropuerto.aerolinea",
    "pk": 8,
    "fields": {
        "nombre": "Mission walk product staff. Rich most source. International teach fire available open huge.",
        "codigo": "You voice.",
        "fecha_fundacion": "2008-06-01",
        "pais": "ES",
        "aeropuerto": [
            6,
            7,
            8,
            15,
            20
        ]
    }
},
{
    "model": "apaeropuerto.aerolinea",
    "pk": 9,
    "fields": {
        "nombre": "Item write their. Field city save north drug.",
        "codigo": "My next.",
        "fecha_fundacion": "2015-12-18",
        "pais": "ES",
        "aeropuerto": [
            20,
            21
        ]
    }
},
{
    "model": "apaeropuerto.aerolinea",
    "pk": 10,
    "fields": {
        "nombre": "Until brother offer yes offer easy. Identify wait least wonder ago yet. Art pass oil more.",
        "codigo": "Section.",
        "fecha_fundacion": "1981-01-13",
        "pais": "ES",
        "aeropuerto": [
            11,
            23
        ]
    }
},
{
    "model": "apaeropuerto.aerolinea",
    "pk": 11,
    "fields": {
        "nombre": "Wall work rich apply official.",
        "codigo": "Expert.",
        "fecha_fundacion": "2010-01-01",
        "pais": "ES",
        "aeropuerto": [
            8,
            17,
            23,
            24
        ]
    }
},
{
    "model": "apaeropuerto.aerolinea",
    "pk": 12,
    "fields": {
        "nombre": "Design effort chair test worker.",
        "codigo": "Wrong.",
        "fecha_fundacion": "2021-12-25",
        "pais": "ES",
        "aeropuerto": [
            6,
            16,
            19
        ]
    }
},
{
    "model": "apaeropuerto.aerolinea",
    "pk": 13,
    "fields": {
        "nombre": "To interview message technology care how.",
        "codigo": "Religious.",
        "fecha_fundacion": "1978-12-31",
        "pais": "ES",
        "aeropuerto": [
            6,
            8,
            12,
            19
        ]
    }
},
{
    "model": "apaeropuerto.aerolinea",
    "pk": 14,
    "fields": {
        "nombre": "Learn sometimes performance physical personal nation.",
        "codigo": "Property.",
        "fecha_fundacion": "2016-11-03",
        "pais": "ES",
        "aeropuerto": [
            8,
            12,
            22
        ]
    }
},
{
    "model": "apaeropuerto.aerolinea",
    "pk": 15,
    "fields": {
        "nombre": "Least table question common history class cell. Last free ask off.",
        "codigo": "Probably.",
        "fecha_fundacion": "2021-05-13",
        "pais": "ES",
        "aeropuerto": [
            7,
            9,
            11,
            13,
            14
        ]
    }
},
{
    "model": "apaeropuerto.aerolinea",
    "pk": 16,
    "fields": {
        "nombre": "Approach without their study. Success partner east instead hotel.\nThere hear bad note.",
        "codigo": "Always.",
        "fecha_fundacion": "1972-01-27",
        "pais": "ES",
        "aeropuerto": [
            8,
            13,
            14,
            22
        ]
    }
},
{
    "model": "apaeropuerto.aerolinea",
    "pk": 17,
    "fields": {
        "nombre": "Writer each pattern include skill pattern. Team field do at ago.",
        "codigo": "Center.",
        "fecha_fundacion": "2006-06-16",
        "pais": "ES",
        "aeropuerto": [
            17,
            21,
            23,
            24
        ]
    }
},
{
    "model": "apaeropuerto.aerolinea",
    "pk": 18,
    "fields": {
        "nombre": "Herself wind eye example produce. Whose lead painting us throw parent hot.",
        "codigo": "Remember.",
        "fecha_fundacion": "2009-05-03",
        "pais": "ES",
        "aeropuerto": [
            7,
            22,
            23
        ]
    }
},
{
    "model": "apaeropuerto.aerolinea",
    "pk": 19,
    "fields": {
        "nombre": "Between sport short ability model decision. Condition risk investment response never system.",
        "codigo": "Politics.",
        "fecha_fundacion": "2007-09-16",
        "pais": "ES",
        "aeropuerto": [
            8,
            11,
            25
        ]
    }
},
{
    "model": "apaeropuerto.aerolinea",
    "pk": 20,
    "fields": {
        "nombre": "Tree billion large west threat. Impact course very.",
        "codigo": "Specific.",
        "fecha_fundacion": "1990-08-12",
        "pais": "ES",
        "aeropuerto": [
            7,
            22
        ]
    }
},
{
    "model": "apaeropuerto.aerolinea",
    "pk": 21,
    "fields": {
        "nombre": "Law young similar manage great it.",
        "codigo": "Perform.",
        "fecha_fundacion": "2020-04-11",
        "pais": "ES",
        "aeropuerto": [
            7,
            9,
            10
        ]
    }
},
{
    "model": "apaeropuerto.aerolinea",
    "pk": 22,
    "fields": {
        "nombre": "Environmental public positive even effort drop. Soldier foot key continue.",
        "codigo": "Season.",
        "fecha_fundacion": "1991-11-28",
        "pais": "ES",
        "aeropuerto": [
            6,
            8,
            22,
            24
        ]
    }
},
{
    "model": "apaeropuerto.aerolinea",
    "pk": 23,
    "fields": {
        "nombre": "Approach ready under story body world find. Way expect seat walk none.",
        "codigo": "Blue item.",
        "fecha_fundacion": "2015-06-11",
        "pais": "ES",
        "aeropuerto": [
            8,
            15,
            16,
            24
        ]
    }
},
{
    "model": "apaeropuerto.aerolinea",
    "pk": 24,
    "fields": {
        "nombre": "Social road father top ahead collection. Fear environment picture factor expect.",
        "codigo": "More bar.",
        "fecha_fundacion": "1989-11-22",
        "pais": "ES",
        "aeropuerto": [
            13
        ]
    }
},
{
    "model": "apaeropuerto.aerolinea",
    "pk": 25,
    "fields": {
        "nombre": "Radio career quickly country general. Media former manage. Painting compare explain stay strategy.",
        "codigo": "Approach.",
        "fecha_fundacion": "1991-11-30",
        "pais": "ES",
        "aeropuerto": [
            10,
            21
        ]
    }
},
{
    "model": "apaeropuerto.aerolinea",
    "pk": 26,
    "fields": {
        "nombre": "Juan",
        "codigo": "ftgbv",
        "fecha_fundacion": "2024-11-19",
        "pais": "ES",
        "aeropuerto": [
            1
        ]
    }
},
{
    "model": "apaeropuerto.aerolinea",
    "pk": 27,
    "fields": {
        "nombre": "prueba",
        "codigo": "ade3wc",
        "fecha_fundacion": "2024-11-19",
        "pais": "ES",
        "aeropuerto": [
            1
        ]
    }
},
{
    "model": "apaeropuerto.vuelo",
    "pk": 1,
    "fields": {
        "hora_salida": "2007-11-26T21:36:30.285",
        "hora_llegada": "1985-11-26T13:26:04.242",
        "estado": false,
        "duracion": "-8036 15:49:33.957046",
        "origen": 4,
        "destino": 3
    }
},
{
    "model": "apaeropuerto.vuelo",
    "pk": 2,
    "fields": {
        "hora_salida": "2012-12-15T23:30:07.203",
        "hora_llegada": "1985-02-28T22:13:20.989",
        "estado": true,
        "duracion": "-10153 22:43:13.786031",
        "origen": 3,
        "destino": 1
    }
},
{
    "model": "apaeropuerto.vuelo",
    "pk": 3,
    "fields": {
        "hora_salida": "2003-11-14T16:57:43.565",
        "hora_llegada": "2023-05-19T09:11:32.643",
        "estado": true,
        "duracion": "7125 16:13:49.077526",
        "origen": 4,
        "destino": 2
    }
},
{
    "model": "apaeropuerto.vuelo",
    "pk": 4,
    "fields": {
        "hora_salida": "1989-04-11T18:23:47.859",
        "hora_llegada": "1990-04-30T06:37:54.813",
        "estado": false,
        "duracion": "383 12:14:06.953607",
        "origen": 5,
        "destino": 4
    }
},
{
    "model": "apaeropuerto.vuelo",
    "pk": 5,
    "fields": {
        "hora_salida": "2022-03-30T10:07:18.532",
        "hora_llegada": "2018-02-25T23:38:25.323",
        "estado": false,
        "duracion": "-1494 13:31:06.790626",
        "origen": 5,
        "destino": 3
    }
},
{
    "model": "apaeropuerto.vuelo",
    "pk": 6,
    "fields": {
        "hora_salida": "1975-09-02T02:11:00.705",
        "hora_llegada": "1977-05-20T05:17:00.963",
        "estado": false,
        "duracion": "626 03:06:00.257784",
        "origen": 18,
        "destino": 23
    }
},
{
    "model": "apaeropuerto.vuelo",
    "pk": 7,
    "fields": {
        "hora_salida": "1985-07-23T04:09:48.936",
        "hora_llegada": "1993-07-09T04:33:10.104",
        "estado": true,
        "duracion": "2908 00:23:21.168161",
        "origen": 25,
        "destino": 20
    }
},
{
    "model": "apaeropuerto.vuelo",
    "pk": 8,
    "fields": {
        "hora_salida": "2017-07-03T09:53:47.762",
        "hora_llegada": "1989-01-21T06:26:34.952",
        "estado": false,
        "duracion": "-10391 20:32:47.189905",
        "origen": 21,
        "destino": 12
    }
},
{
    "model": "apaeropuerto.vuelo",
    "pk": 9,
    "fields": {
        "hora_salida": "2018-01-19T06:11:25.989",
        "hora_llegada": "1997-09-24T08:19:37.295",
        "estado": false,
        "duracion": "-7422 02:08:11.306466",
        "origen": 14,
        "destino": 16
    }
},
{
    "model": "apaeropuerto.vuelo",
    "pk": 10,
    "fields": {
        "hora_salida": "1983-04-25T13:51:16.024",
        "hora_llegada": "1979-03-06T22:02:03.019",
        "estado": false,
        "duracion": "-1511 08:10:46.994352",
        "origen": 22,
        "destino": 15
    }
},
{
    "model": "apaeropuerto.vuelo",
    "pk": 11,
    "fields": {
        "hora_salida": "1989-12-30T05:13:56.907",
        "hora_llegada": "1970-12-10T16:47:26.433",
        "estado": true,
        "duracion": "-6960 11:33:29.526430",
        "origen": 7,
        "destino": 11
    }
},
{
    "model": "apaeropuerto.vuelo",
    "pk": 12,
    "fields": {
        "hora_salida": "1983-09-02T16:41:27.527",
        "hora_llegada": "1989-06-23T16:56:42.242",
        "estado": true,
        "duracion": "2121 00:15:14.715899",
        "origen": 18,
        "destino": 9
    }
},
{
    "model": "apaeropuerto.vuelo",
    "pk": 13,
    "fields": {
        "hora_salida": "2001-06-13T11:55:27.365",
        "hora_llegada": "2024-07-28T15:00:30.612",
        "estado": false,
        "duracion": "8446 03:05:03.247839",
        "origen": 23,
        "destino": 21
    }
},
{
    "model": "apaeropuerto.vuelo",
    "pk": 14,
    "fields": {
        "hora_salida": "1988-02-18T09:45:47.146",
        "hora_llegada": "1993-12-23T14:14:51.385",
        "estado": false,
        "duracion": "2135 04:29:04.239234",
        "origen": 21,
        "destino": 13
    }
},
{
    "model": "apaeropuerto.vuelo",
    "pk": 15,
    "fields": {
        "hora_salida": "2016-08-29T01:27:36.034",
        "hora_llegada": "1983-07-16T09:43:44.086",
        "estado": false,
        "duracion": "-12098 08:16:08.051860",
        "origen": 22,
        "destino": 16
    }
},
{
    "model": "apaeropuerto.vuelo",
    "pk": 16,
    "fields": {
        "hora_salida": "2013-09-23T07:03:32.084",
        "hora_llegada": "1997-03-22T18:34:06.399",
        "estado": true,
        "duracion": "-6029 11:30:34.315199",
        "origen": 25,
        "destino": 13
    }
},
{
    "model": "apaeropuerto.vuelo",
    "pk": 17,
    "fields": {
        "hora_salida": "2003-09-14T10:47:07.279",
        "hora_llegada": "2008-02-23T20:52:25.830",
        "estado": false,
        "duracion": "1623 10:05:18.551014",
        "origen": 19,
        "destino": 19
    }
},
{
    "model": "apaeropuerto.vuelo",
    "pk": 18,
    "fields": {
        "hora_salida": "1992-12-15T21:01:28.121",
        "hora_llegada": "2016-01-28T04:47:33.358",
        "estado": true,
        "duracion": "8443 07:46:05.237276",
        "origen": 19,
        "destino": 9
    }
},
{
    "model": "apaeropuerto.vuelo",
    "pk": 19,
    "fields": {
        "hora_salida": "2002-01-16T09:57:21.089",
        "hora_llegada": "1970-01-09T19:16:35.542",
        "estado": false,
        "duracion": "-11695 09:19:14.452675",
        "origen": 14,
        "destino": 23
    }
},
{
    "model": "apaeropuerto.vuelo",
    "pk": 20,
    "fields": {
        "hora_salida": "1993-11-25T01:06:31.927",
        "hora_llegada": "1984-07-24T07:03:51.465",
        "estado": false,
        "duracion": "-3411 05:57:19.537890",
        "origen": 9,
        "destino": 12
    }
},
{
    "model": "apaeropuerto.vuelo",
    "pk": 21,
    "fields": {
        "hora_salida": "1990-10-29T10:45:04.569",
        "hora_llegada": "2021-02-21T17:20:06.453",
        "estado": true,
        "duracion": "11073 06:35:01.884620",
        "origen": 11,
        "destino": 24
    }
},
{
    "model": "apaeropuerto.vuelo",
    "pk": 22,
    "fields": {
        "hora_salida": "1972-06-20T21:38:19.309",
        "hora_llegada": "1979-12-06T13:39:35.932",
        "estado": true,
        "duracion": "2724 16:01:16.622873",
        "origen": 18,
        "destino": 12
    }
},
{
    "model": "apaeropuerto.vuelo",
    "pk": 23,
    "fields": {
        "hora_salida": "2022-02-06T21:14:58.713",
        "hora_llegada": "1990-07-13T20:38:29.316",
        "estado": false,
        "duracion": "-11532 23:23:30.602655",
        "origen": 9,
        "destino": 22
    }
},
{
    "model": "apaeropuerto.vuelo",
    "pk": 24,
    "fields": {
        "hora_salida": "2008-04-24T07:37:07.360",
        "hora_llegada": "1976-04-27T01:36:15.771",
        "estado": true,
        "duracion": "-11686 17:59:08.410918",
        "origen": 14,
        "destino": 23
    }
},
{
    "model": "apaeropuerto.vuelo",
    "pk": 25,
    "fields": {
        "hora_salida": "1977-11-23T12:04:04.198",
        "hora_llegada": "1984-06-12T15:07:47.212",
        "estado": false,
        "duracion": "2393 03:03:43.014333",
        "origen": 18,
        "destino": 14
    }
},
{
    "model": "apaeropuerto.vuelo",
    "pk": 26,
    "fields": {
        "hora_salida": "2024-11-19T12:45:51",
        "hora_llegada": "2024-11-19T12:45:53",
        "estado": true,
        "duracion": "00:00:02",
        "origen": 1,
        "destino": 2
    }
},
{
    "model": "apaeropuerto.vuelo",
    "pk": 27,
    "fields": {
        "hora_salida": "2024-11-19T12:49:07",
        "hora_llegada": "2024-11-19T12:49:08",
        "estado": true,
        "duracion": "00:00:01",
        "origen": 1,
        "destino": 2
    }
},
{
    "model": "apaeropuerto.estadisticasvuelo",
    "pk": 1,
    "fields": {
        "fecha_estadisticas": "2023-09-27",
        "numero_asientos_vendidos": 904,
        "numero_cancelaciones": -23018,
        "feedback_pasajeros": "Yeah its certain cold. Off theory others recently.\nThroughout our government. Property push whole and. Security radio everyone state.",
        "vuelo": 5
    }
},
{
    "model": "apaeropuerto.estadisticasvuelo",
    "pk": 2,
    "fields": {
        "fecha_estadisticas": "1989-08-27",
        "numero_asientos_vendidos": -21075,
        "numero_cancelaciones": -29580,
        "feedback_pasajeros": "Just read company. Popular join nothing finish into million focus.\nName respond perhaps foreign total. Visit decide building young begin class. Argue tax nothing these.",
        "vuelo": 1
    }
},
{
    "model": "apaeropuerto.estadisticasvuelo",
    "pk": 3,
    "fields": {
        "fecha_estadisticas": "1975-02-06",
        "numero_asientos_vendidos": 3847,
        "numero_cancelaciones": 19849,
        "feedback_pasajeros": "Choose war bag democratic responsibility fact feel. Research responsibility away would. Pass section organization image.",
        "vuelo": 3
    }
},
{
    "model": "apaeropuerto.estadisticasvuelo",
    "pk": 4,
    "fields": {
        "fecha_estadisticas": "2009-10-01",
        "numero_asientos_vendidos": -19618,
        "numero_cancelaciones": -22245,
        "feedback_pasajeros": "Body hand information knowledge control. Sign want difficult or.",
        "vuelo": 2
    }
},
{
    "model": "apaeropuerto.estadisticasvuelo",
    "pk": 5,
    "fields": {
        "fecha_estadisticas": "2012-04-13",
        "numero_asientos_vendidos": -71,
        "numero_cancelaciones": 20205,
        "feedback_pasajeros": "Model born when pull necessary his up. Service organization hear indeed soldier. Evidence cause contain simple south third.\nCurrent tough seat. Walk offer know wide scene PM. More do thing.",
        "vuelo": 4
    }
},
{
    "model": "apaeropuerto.estadisticasvuelo",
    "pk": 6,
    "fields": {
        "fecha_estadisticas": "1977-01-20",
        "numero_asientos_vendidos": -24119,
        "numero_cancelaciones": 7731,
        "feedback_pasajeros": "Discussion pattern us each control. Production soldier fill film center forget. Because usually address might tonight.\nDay lose whose training recent. Clear she treatment south program onto less.",
        "vuelo": 6
    }
},
{
    "model": "apaeropuerto.estadisticasvuelo",
    "pk": 7,
    "fields": {
        "fecha_estadisticas": "2009-09-20",
        "numero_asientos_vendidos": -8807,
        "numero_cancelaciones": 12265,
        "feedback_pasajeros": "Item try skill arrive.\nOpen mean both.\nPhone suffer if may hear.\nYard small sort answer lose citizen thing. His car between act mean show young product.",
        "vuelo": 14
    }
},
{
    "model": "apaeropuerto.estadisticasvuelo",
    "pk": 8,
    "fields": {
        "fecha_estadisticas": "2024-08-27",
        "numero_asientos_vendidos": 21917,
        "numero_cancelaciones": -22176,
        "feedback_pasajeros": "Tv mother wall process guy under message. Court budget specific short.\nWith land social a. Contain question above turn. Again kitchen participant.\nHard stock plant significant claim.",
        "vuelo": 11
    }
},
{
    "model": "apaeropuerto.estadisticasvuelo",
    "pk": 9,
    "fields": {
        "fecha_estadisticas": "2014-10-03",
        "numero_asientos_vendidos": 4141,
        "numero_cancelaciones": -15569,
        "feedback_pasajeros": "Everything church add expect attack meet daughter. Bank pull bring pattern necessary experience.\nNeed night American. Body walk Mr identify to statement owner. Generation reveal try stock expect.",
        "vuelo": 8
    }
},
{
    "model": "apaeropuerto.estadisticasvuelo",
    "pk": 10,
    "fields": {
        "fecha_estadisticas": "2004-01-29",
        "numero_asientos_vendidos": -13171,
        "numero_cancelaciones": 22768,
        "feedback_pasajeros": "Leave music board rate then. Happy shake some player vote. Hour worry national color none investment. Stock order much.\nExample value girl second. Chair must guess plan.",
        "vuelo": 25
    }
},
{
    "model": "apaeropuerto.estadisticasvuelo",
    "pk": 11,
    "fields": {
        "fecha_estadisticas": "1992-05-28",
        "numero_asientos_vendidos": 23516,
        "numero_cancelaciones": 30014,
        "feedback_pasajeros": "Way edge standard. Enough line water report base glass.\nCare poor down. Democrat senior number poor.\nEspecially end marriage media. Option cause man sense common. Surface activity available.",
        "vuelo": 17
    }
},
{
    "model": "apaeropuerto.estadisticasvuelo",
    "pk": 12,
    "fields": {
        "fecha_estadisticas": "2020-08-19",
        "numero_asientos_vendidos": -8133,
        "numero_cancelaciones": 14934,
        "feedback_pasajeros": "Seem buy fly rock sound plan activity. Attorney break month base without. So enjoy bring already maybe base art.\nExactly culture rest alone long how. Politics modern sport system.",
        "vuelo": 7
    }
},
{
    "model": "apaeropuerto.estadisticasvuelo",
    "pk": 13,
    "fields": {
        "fecha_estadisticas": "1982-12-05",
        "numero_asientos_vendidos": 11677,
        "numero_cancelaciones": 7604,
        "feedback_pasajeros": "Ask more inside weight have hotel leave. Fill officer decide just.\nPretty town receive talk matter identify change. Artist long service respond anything. Man family study positive system politics.",
        "vuelo": 12
    }
},
{
    "model": "apaeropuerto.estadisticasvuelo",
    "pk": 14,
    "fields": {
        "fecha_estadisticas": "1990-03-19",
        "numero_asientos_vendidos": -5184,
        "numero_cancelaciones": -996,
        "feedback_pasajeros": "Lay last think theory a I watch. Detail use serious wait.\nProtect likely possible cost loss. Local born thought hotel.",
        "vuelo": 9
    }
},
{
    "model": "apaeropuerto.estadisticasvuelo",
    "pk": 15,
    "fields": {
        "fecha_estadisticas": "2013-02-07",
        "numero_asientos_vendidos": -12913,
        "numero_cancelaciones": -31995,
        "feedback_pasajeros": "News beautiful stock adult another thousand situation.\nAs while institution think. Wrong season finish ability day letter nearly fish.",
        "vuelo": 22
    }
},
{
    "model": "apaeropuerto.estadisticasvuelo",
    "pk": 16,
    "fields": {
        "fecha_estadisticas": "1976-02-23",
        "numero_asientos_vendidos": -18361,
        "numero_cancelaciones": 4293,
        "feedback_pasajeros": "Crime determine building movie bad all determine. Commercial hard they. Occur senior talk near method me challenge.",
        "vuelo": 21
    }
},
{
    "model": "apaeropuerto.estadisticasvuelo",
    "pk": 17,
    "fields": {
        "fecha_estadisticas": "2022-08-22",
        "numero_asientos_vendidos": -1452,
        "numero_cancelaciones": -12338,
        "feedback_pasajeros": "Kid our paper style free few reflect. West site education while attention treatment. Attorney contain dream camera ask job model.",
        "vuelo": 19
    }
},
{
    "model": "apaeropuerto.estadisticasvuelo",
    "pk": 18,
    "fields": {
        "fecha_estadisticas": "2009-06-10",
        "numero_asientos_vendidos": -19416,
        "numero_cancelaciones": 18795,
        "feedback_pasajeros": "Region leave deal moment identify best wonder. Yeah local a herself. Politics respond war whole environmental.",
        "vuelo": 18
    }
},
{
    "model": "apaeropuerto.estadisticasvuelo",
    "pk": 19,
    "fields": {
        "fecha_estadisticas": "1970-07-30",
        "numero_asientos_vendidos": 25792,
        "numero_cancelaciones": 12230,
        "feedback_pasajeros": "By doctor morning wish. Nature design occur chair cultural. Contain pattern no soon. Step poor left.\nEvent yet personal be owner letter issue data. One price economic arm minute bar work.",
        "vuelo": 24
    }
},
{
    "model": "apaeropuerto.estadisticasvuelo",
    "pk": 20,
    "fields": {
        "fecha_estadisticas": "1992-12-26",
        "numero_asientos_vendidos": 12379,
        "numero_cancelaciones": -15581,
        "feedback_pasajeros": "Outside left must you them house join. Artist development may region. Who leader owner forget gas work.",
        "vuelo": 15
    }
},
{
    "model": "apaeropuerto.estadisticasvuelo",
    "pk": 21,
    "fields": {
        "fecha_estadisticas": "1991-01-30",
        "numero_asientos_vendidos": -27147,
        "numero_cancelaciones": 23338,
        "feedback_pasajeros": "Step pretty talk international. Address deep risk foreign. Economy speak still cause main southern.\nPlace add hot spend. Man country build maintain use. Detail time dream month purpose.",
        "vuelo": 16
    }
},
{
    "model": "apaeropuerto.estadisticasvuelo",
    "pk": 22,
    "fields": {
        "fecha_estadisticas": "1972-09-26",
        "numero_asientos_vendidos": -13883,
        "numero_cancelaciones": -15120,
        "feedback_pasajeros": "Speak what power. Some few usually program recent hundred.\nHuman she wait above start life poor various.",
        "vuelo": 10
    }
},
{
    "model": "apaeropuerto.estadisticasvuelo",
    "pk": 23,
    "fields": {
        "fecha_estadisticas": "1978-06-17",
        "numero_asientos_vendidos": 1461,
        "numero_cancelaciones": 21531,
        "feedback_pasajeros": "Arrive may when leader start peace drug take. Democrat attorney tax financial. Goal huge be interview conference least turn.\nCentral sort bag already half night prepare.",
        "vuelo": 20
    }
},
{
    "model": "apaeropuerto.estadisticasvuelo",
    "pk": 24,
    "fields": {
        "fecha_estadisticas": "2003-01-26",
        "numero_asientos_vendidos": 11877,
        "numero_cancelaciones": -3542,
        "feedback_pasajeros": "This score year beat relationship hair. Measure tax major general set wide.\nDegree back yes issue song. Board concern in hold.\nCamera even news speak address. Happy everybody group property.",
        "vuelo": 23
    }
},
{
    "model": "apaeropuerto.estadisticasvuelo",
    "pk": 25,
    "fields": {
        "fecha_estadisticas": "1971-09-14",
        "numero_asientos_vendidos": 17779,
        "numero_cancelaciones": 24794,
        "feedback_pasajeros": "Worker kitchen paper issue. Able there news range summer small.\nVery itself day service enter letter instead. Analysis deal interesting civil. Military fill without under exist.",
        "vuelo": 13
    }
},
{
    "model": "apaeropuerto.estadisticasvuelo",
    "pk": 26,
    "fields": {
        "fecha_estadisticas": "2024-11-19",
        "numero_asientos_vendidos": 200,
        "numero_cancelaciones": 50,
        "feedback_pasajeros": "Alejandro guapo",
        "vuelo": 26
    }
},
{
    "model": "apaeropuerto.estadisticasvuelo",
    "pk": 27,
    "fields": {
        "fecha_estadisticas": "2024-11-19",
        "numero_asientos_vendidos": 5,
        "numero_cancelaciones": 2,
        "feedback_pasajeros": "Alejandro",
        "vuelo": 27
    }
},
{
    "model": "apaeropuerto.pasajero",
    "pk": 1,
    "fields": {
        "nombre": "Consider pull.",
        "apellido": "Really he week.",
        "email": "perezgregory@example.org",
        "telefono": 16383,
        "fecha_nacimiento": "2015-08-07",
        "vuelo": [
            4
        ]
    }
},
{
    "model": "apaeropuerto.pasajero",
    "pk": 2,
    "fields": {
        "nombre": "Give cover hotel.",
        "apellido": "Into drive small.",
        "email": "gloverpamela@example.net",
        "telefono": 31668,
        "fecha_nacimiento": "1985-01-17",
        "vuelo": [
            4
        ]
    }
},
{
    "model": "apaeropuerto.pasajero",
    "pk": 3,
    "fields": {
        "nombre": "Cut article charge.",
        "apellido": "Last room part.",
        "email": "carl51@example.net",
        "telefono": -26995,
        "fecha_nacimiento": "1986-11-12",
        "vuelo": [
            5
        ]
    }
},
{
    "model": "apaeropuerto.pasajero",
    "pk": 4,
    "fields": {
        "nombre": "So officer music.",
        "apellido": "Positive let.",
        "email": "gyork@example.com",
        "telefono": -23533,
        "fecha_nacimiento": "2021-07-27",
        "vuelo": [
            4
        ]
    }
},
{
    "model": "apaeropuerto.pasajero",
    "pk": 5,
    "fields": {
        "nombre": "Consumer huge.",
        "apellido": "Worry no discover.",
        "email": "robertleblanc@example.com",
        "telefono": 19374,
        "fecha_nacimiento": "2018-04-23",
        "vuelo": [
            2,
            4
        ]
    }
},
{
    "model": "apaeropuerto.pasajero",
    "pk": 6,
    "fields": {
        "nombre": "Alejandro",
        "apellido": "Gomez",
        "email": "alejandro@gmail.com",
        "telefono": 987654321,
        "fecha_nacimiento": "2024-11-19",
        "vuelo": [
            1
        ]
    }
},
{
    "model": "apaeropuerto.pasajero",
    "pk": 7,
    "fields": {
        "nombre": "Juan",
        "apellido": "gerw",
        "email": "franciscoriveragil777@gmail.com",
        "telefono": 987654321,
        "fecha_nacimiento": "2024-11-19",
        "vuelo": [
            1
        ]
    }
},
{
    "model": "apaeropuerto.pasajero",
    "pk": 8,
    "fields": {
        "nombre": "Ahead than energy.",
        "apellido": "Right few western.",
        "email": "heathersutton@example.net",
        "telefono": 18843,
        "fecha_nacimiento": "1979-11-04",
        "vuelo": [
            14,
            17,
            20,
            25
        ]
    }
},
{
    "model": "apaeropuerto.pasajero",
    "pk": 9,
    "fields": {
        "nombre": "Popular send sound.",
        "apellido": "Push read me choose.",
        "email": "rstewart@example.com",
        "telefono": -2408,
        "fecha_nacimiento": "1988-02-21",
        "vuelo": [
            16
        ]
    }
},
{
    "model": "apaeropuerto.pasajero",
    "pk": 10,
    "fields": {
        "nombre": "Where serve.",
        "apellido": "Artist while color.",
        "email": "sandrawalton@example.org",
        "telefono": -7365,
        "fecha_nacimiento": "1998-03-23",
        "vuelo": [
            7,
            15
        ]
    }
},
{
    "model": "apaeropuerto.pasajero",
    "pk": 11,
    "fields": {
        "nombre": "Really visit his.",
        "apellido": "Film also focus.",
        "email": "mlee@example.org",
        "telefono": 24590,
        "fecha_nacimiento": "2019-10-06",
        "vuelo": [
            10,
            14
        ]
    }
},
{
    "model": "apaeropuerto.pasajero",
    "pk": 12,
    "fields": {
        "nombre": "Growth wall reality.",
        "apellido": "Region down.",
        "email": "amberreed@example.com",
        "telefono": -22962,
        "fecha_nacimiento": "1983-07-02",
        "vuelo": [
            11,
            15,
            17
        ]
    }
},
{
    "model": "apaeropuerto.pasajero",
    "pk": 13,
    "fields": {
        "nombre": "Around arrive apply.",
        "apellido": "Gun in rise Mr.",
        "email": "andrew38@example.net",
        "telefono": -13966,
        "fecha_nacimiento": "1992-02-07",
        "vuelo": [
            7,
            23
        ]
    }
},
{
    "model": "apaeropuerto.pasajero",
    "pk": 14,
    "fields": {
        "nombre": "Buy relate then.",
        "apellido": "Wall else clearly.",
        "email": "jamie89@example.net",
        "telefono": 29656,
        "fecha_nacimiento": "1985-02-21",
        "vuelo": [
            8,
            18
        ]
    }
},
{
    "model": "apaeropuerto.pasajero",
    "pk": 15,
    "fields": {
        "nombre": "Up able choose.",
        "apellido": "Security white.",
        "email": "christopher64@example.org",
        "telefono": 14916,
        "fecha_nacimiento": "1973-10-16",
        "vuelo": [
            7,
            11,
            14,
            19,
            25
        ]
    }
},
{
    "model": "apaeropuerto.pasajero",
    "pk": 16,
    "fields": {
        "nombre": "Move case assume.",
        "apellido": "Space teacher.",
        "email": "jessicaevans@example.org",
        "telefono": -20636,
        "fecha_nacimiento": "2007-06-16",
        "vuelo": [
            11,
            16
        ]
    }
},
{
    "model": "apaeropuerto.pasajero",
    "pk": 17,
    "fields": {
        "nombre": "Entire suffer.",
        "apellido": "Society professor.",
        "email": "powersheather@example.net",
        "telefono": -18135,
        "fecha_nacimiento": "1984-10-10",
        "vuelo": [
            7,
            10,
            21
        ]
    }
},
{
    "model": "apaeropuerto.pasajero",
    "pk": 18,
    "fields": {
        "nombre": "Occur worry well.",
        "apellido": "Health state song.",
        "email": "blacknatasha@example.com",
        "telefono": -1946,
        "fecha_nacimiento": "2002-12-14",
        "vuelo": [
            6,
            9,
            20,
            25
        ]
    }
},
{
    "model": "apaeropuerto.pasajero",
    "pk": 19,
    "fields": {
        "nombre": "Idea bed coach.",
        "apellido": "Tree hair really.",
        "email": "ydiaz@example.com",
        "telefono": -5437,
        "fecha_nacimiento": "1982-04-17",
        "vuelo": [
            6,
            8,
            13,
            24
        ]
    }
},
{
    "model": "apaeropuerto.pasajero",
    "pk": 20,
    "fields": {
        "nombre": "Generation civil.",
        "apellido": "Window suggest.",
        "email": "richardmarcus@example.com",
        "telefono": -24161,
        "fecha_nacimiento": "1980-08-12",
        "vuelo": [
            9
        ]
    }
},
{
    "model": "apaeropuerto.pasajero",
    "pk": 21,
    "fields": {
        "nombre": "Indeed big attack.",
        "apellido": "Green enough.",
        "email": "oowens@example.org",
        "telefono": 11912,
        "fecha_nacimiento": "2023-03-28",
        "vuelo": [
            15,
            18,
            20
        ]
    }
},
{
    "model": "apaeropuerto.pasajero",
    "pk": 22,
    "fields": {
        "nombre": "Director fund.",
        "apellido": "Whose lawyer.",
        "email": "gutierrezconnie@example.com",
        "telefono": -23416,
        "fecha_nacimiento": "2023-09-13",
        "vuelo": [
            7,
            17,
            19,
            22
        ]
    }
},
{
    "model": "apaeropuerto.pasajero",
    "pk": 23,
    "fields": {
        "nombre": "There position.",
        "apellido": "Realize fear form.",
        "email": "rebeccasmith@example.com",
        "telefono": -27047,
        "fecha_nacimiento": "2011-06-11",
        "vuelo": [
            10,
            15,
            17,
            18
        ]
    }
},
{
    "model": "apaeropuerto.pasajero",
    "pk": 24,
    "fields": {
        "nombre": "From young seek.",
        "apellido": "Tell kid myself.",
        "email": "shawnmack@example.org",
        "telefono": 17855,
        "fecha_nacimiento": "1999-03-07",
        "vuelo": [
            13,
            19,
            22
        ]
    }
},
{
    "model": "apaeropuerto.pasajero",
    "pk": 25,
    "fields": {
        "nombre": "Open visit hair.",
        "apellido": "Coach some perform.",
        "email": "barrymorris@example.net",
        "telefono": 2388,
        "fecha_nacimiento": "2010-08-12",
        "vuelo": [
            22
        ]
    }
},
{
    "model": "apaeropuerto.pasajero",
    "pk": 26,
    "fields": {
        "nombre": "Do paper decade.",
        "apellido": "Serve whole degree.",
        "email": "castilloalexandra@example.org",
        "telefono": -18682,
        "fecha_nacimiento": "2019-05-16",
        "vuelo": [
            8,
            13
        ]
    }
},
{
    "model": "apaeropuerto.pasajero",
    "pk": 27,
    "fields": {
        "nombre": "Receive know top.",
        "apellido": "Decade one.",
        "email": "lewislee@example.com",
        "telefono": -11098,
        "fecha_nacimiento": "2022-09-17",
        "vuelo": [
            18
        ]
    }
},
{
    "model": "apaeropuerto.pasajero",
    "pk": 28,
    "fields": {
        "nombre": "Alejandro",
        "apellido": "Gomez",
        "email": "alejandro@gmail.com",
        "telefono": 987654321,
        "fecha_nacimiento": "2024-11-19",
        "vuelo": [
            27
        ]
    }
},
{
    "model": "apaeropuerto.perfilpasajero",
    "pk": 1,
    "fields": {
        "direccion": "Peace like summer military. Mean issue few staff as investment quite.\nNatural whether effort. Magazine morning position sell writer.\nSend senior mind. Alone state dream important.\nFocus piece leave adult card. None detail at democratic.",
        "documento_identidad": "Approach.",
        "nacionalidad": "Mind wonder address couple kind age.",
        "vivienda": "Miss while care claim sign political.",
        "pasajero": 1
    }
},
{
    "model": "apaeropuerto.perfilpasajero",
    "pk": 2,
    "fields": {
        "direccion": "Health admit environment citizen. Establish question strategy wide PM far dinner. Opportunity by true including protect laugh speak.",
        "documento_identidad": "Series.",
        "nacionalidad": "Analysis finally model body industry heart.",
        "vivienda": "Expect just instead fall direction leave.",
        "pasajero": 4
    }
},
{
    "model": "apaeropuerto.perfilpasajero",
    "pk": 3,
    "fields": {
        "direccion": "Process house foot government east husband change. Blood low common big sure agency deal your. Network college PM stock election ok threat me.\nFriend book down high west. Guess billion surface case magazine way.",
        "documento_identidad": "Life.",
        "nacionalidad": "Plan discover along what.",
        "vivienda": "Clear maintain character threat bit.",
        "pasajero": 5
    }
},
{
    "model": "apaeropuerto.perfilpasajero",
    "pk": 4,
    "fields": {
        "direccion": "Indeed to education. Leave fall few or rest try rest. Sport space green nice.\nCard have I. Teacher theory own benefit.\nWould fine let seem establish ready. Hospital manager simply knowledge wonder usually manage.",
        "documento_identidad": "Thing.",
        "nacionalidad": "Issue base guess garden kind history.",
        "vivienda": "Yes box painting system kitchen.",
        "pasajero": 2
    }
},
{
    "model": "apaeropuerto.perfilpasajero",
    "pk": 5,
    "fields": {
        "direccion": "Themselves large plant yeah happy opportunity. During fact thousand agency ever cultural pass.\nRecent move commercial put shoulder. Better argue star.\nBill begin director receive weight hope area. Yet house cause probably success agent.",
        "documento_identidad": "Hard.",
        "nacionalidad": "Several like something in. End section thank.",
        "vivienda": "Lay land most care subject cold.",
        "pasajero": 3
    }
},
{
    "model": "apaeropuerto.perfilpasajero",
    "pk": 6,
    "fields": {
        "direccion": "Success speak war natural response. Debate single scientist those amount. Better meet ground yeah system figure send. Technology performance send hospital.\nRace authority after be wall. Education fish character hit fly.",
        "documento_identidad": "Half.",
        "nacionalidad": "Leg month just scene young get student evening.",
        "vivienda": "Both beautiful individual specific raise.",
        "pasajero": 14
    }
},
{
    "model": "apaeropuerto.perfilpasajero",
    "pk": 7,
    "fields": {
        "direccion": "Close science others mission. Safe mouth over.\nAnalysis yes factor yet director around.\nGun manager of specific view treat will. Listen wife cultural a.",
        "documento_identidad": "Must.",
        "nacionalidad": "Pretty phone system exactly property show.",
        "vivienda": "Court before serious better.",
        "pasajero": 15
    }
},
{
    "model": "apaeropuerto.perfilpasajero",
    "pk": 8,
    "fields": {
        "direccion": "Thing because leave. Doctor rule politics produce capital challenge. Forget black weight will interview because group.\nRange speak indeed set study. Magazine until see guess every. Ever two fear note staff product behavior street.",
        "documento_identidad": "Film.",
        "nacionalidad": "Meeting key room poor air table skin.",
        "vivienda": "Suffer five fill never.",
        "pasajero": 10
    }
},
{
    "model": "apaeropuerto.perfilpasajero",
    "pk": 9,
    "fields": {
        "direccion": "Pull discussion although somebody wish. Sister citizen Congress.\nThere expect Republican thousand civil. Politics stuff sing foot build box can. Contain control expert.\nMore plant expert story level politics. Seem performance brother foreign.",
        "documento_identidad": "Whole.",
        "nacionalidad": "Stop fast simple should.",
        "vivienda": "Night appear program her.",
        "pasajero": 12
    }
},
{
    "model": "apaeropuerto.perfilpasajero",
    "pk": 10,
    "fields": {
        "direccion": "Majority nearly onto from sort act at myself. Among size family. Recognize tough middle.\nEight health own fund position though. One parent material cultural reduce save. Claim produce them outside effort society.",
        "documento_identidad": "Growth.",
        "nacionalidad": "That off me too gun any character give.",
        "vivienda": "Loss example Mrs carry skin field third.",
        "pasajero": 21
    }
},
{
    "model": "apaeropuerto.perfilpasajero",
    "pk": 11,
    "fields": {
        "direccion": "Everybody treat dog evidence degree. Training area of age white together.\nMove better high food help sing environmental. Central better candidate military.\nEvidence model civil care Mr.",
        "documento_identidad": "Response.",
        "nacionalidad": "Notice point last admit final focus few.",
        "vivienda": "Somebody clear down away film ask nice.",
        "pasajero": 27
    }
},
{
    "model": "apaeropuerto.perfilpasajero",
    "pk": 12,
    "fields": {
        "direccion": "Hit expect major total let offer.\nMonth now great physical street Mr structure total. Bar upon office fill check wish. Anyone world natural live.\nProcess away fall. Out dream drive father form. Spend blue simply law lead television continue better.",
        "documento_identidad": "Shoulder.",
        "nacionalidad": "True material society back investment behavior.",
        "vivienda": "System degree approach seem.",
        "pasajero": 9
    }
},
{
    "model": "apaeropuerto.perfilpasajero",
    "pk": 13,
    "fields": {
        "direccion": "Sea site floor lead idea allow. Most stuff officer once power long. Scene say administration allow.\nCost put run leave need nearly. Think involve several event candidate create write.",
        "documento_identidad": "Company.",
        "nacionalidad": "Similar cause so though too.",
        "vivienda": "Dark actually listen heavy.",
        "pasajero": 18
    }
},
{
    "model": "apaeropuerto.perfilpasajero",
    "pk": 14,
    "fields": {
        "direccion": "Somebody none forget second later building. Continue move owner book purpose ball even.\nCall avoid security. See radio respond meet admit service pull. Their office sort responsibility time mission.",
        "documento_identidad": "Address.",
        "nacionalidad": "Paper allow interesting door left.",
        "vivienda": "Car become here discuss standard.",
        "pasajero": 23
    }
},
{
    "model": "apaeropuerto.perfilpasajero",
    "pk": 15,
    "fields": {
        "direccion": "A thousand fill police.\nIndividual challenge east treat. Beat movie rule still. Mean per policy trip their sign certain.\nResource civil call both PM total. Six prove prevent talk much stock brother. Can young charge age set memory during international.",
        "documento_identidad": "Very.",
        "nacionalidad": "Affect sort amount page final position.",
        "vivienda": "Serious of actually.",
        "pasajero": 13
    }
},
{
    "model": "apaeropuerto.perfilpasajero",
    "pk": 16,
    "fields": {
        "direccion": "Pay produce behind suffer husband president kitchen.\nAudience actually final down director against over. Military prevent discuss situation Democrat author together. Blue realize test.",
        "documento_identidad": "Power.",
        "nacionalidad": "Thank court another event.",
        "vivienda": "Agent pressure level agency single pretty some.",
        "pasajero": 25
    }
},
{
    "model": "apaeropuerto.perfilpasajero",
    "pk": 17,
    "fields": {
        "direccion": "Upon interview choice change expect arrive attorney. Pull trial late something.\nStop culture threat run mean. Board price better.\nFear claim think wait second course reality. Event air attention article region significant.",
        "documento_identidad": "Nice.",
        "nacionalidad": "Tree out different notice reflect.",
        "vivienda": "Meet name authority home opportunity.",
        "pasajero": 20
    }
},
{
    "model": "apaeropuerto.perfilpasajero",
    "pk": 18,
    "fields": {
        "direccion": "Second woman decade provide there. Poor visit would fact certain. Television condition tough myself.\nSoon service a wife. Behind hold bring state shoulder skin. Program blood turn floor include buy worker.",
        "documento_identidad": "Among.",
        "nacionalidad": "Cause while new. Lead throughout production.",
        "vivienda": "Would term party employee seat.",
        "pasajero": 17
    }
},
{
    "model": "apaeropuerto.perfilpasajero",
    "pk": 19,
    "fields": {
        "direccion": "Man central small mission push space. Form become member you middle fund.\nResponse identify southern responsibility phone. Face open yeah seat.",
        "documento_identidad": "Bill.",
        "nacionalidad": "Opportunity represent someone away explain one.",
        "vivienda": "Look test poor evening born sing.",
        "pasajero": 22
    }
},
{
    "model": "apaeropuerto.perfilpasajero",
    "pk": 20,
    "fields": {
        "direccion": "Safe home quickly score. Guy would best support option.\nContain miss even contain. Baby yourself order store they these of care. Common how local cultural.\nWhatever dog small your quite attorney way. War forward shoulder.",
        "documento_identidad": "Most.",
        "nacionalidad": "Best poor staff notice western child.",
        "vivienda": "Wear ever social until friend TV.",
        "pasajero": 24
    }
},
{
    "model": "apaeropuerto.perfilpasajero",
    "pk": 21,
    "fields": {
        "direccion": "Similar leader defense sit. Method support standard. Again long them green series important traditional.\nPainting hit middle wrong. Audience marriage probably we in.\nWhite process maybe seem. Crime move large paper. Reduce compare their.",
        "documento_identidad": "Democrat.",
        "nacionalidad": "Far chance available design.",
        "vivienda": "Ten along stock number price.",
        "pasajero": 26
    }
},
{
    "model": "apaeropuerto.perfilpasajero",
    "pk": 22,
    "fields": {
        "direccion": "Main which tree school. Whom take end region game candidate peace Congress.\nClearly personal computer receive weight support. Decision impact too later again decision job.",
        "documento_identidad": "Eight.",
        "nacionalidad": "Must build Republican along former during enough.",
        "vivienda": "The include save store wife.",
        "pasajero": 16
    }
},
{
    "model": "apaeropuerto.perfilpasajero",
    "pk": 23,
    "fields": {
        "direccion": "Nothing actually discover as. Bill early newspaper foreign.\nDevelopment customer none person easy sit. Remember goal herself east.\nCut figure all rise. Save view professional.",
        "documento_identidad": "Choice.",
        "nacionalidad": "Really stock protect.",
        "vivienda": "Teacher store student and. Fact call get.",
        "pasajero": 8
    }
},
{
    "model": "apaeropuerto.perfilpasajero",
    "pk": 24,
    "fields": {
        "direccion": "Trial fund including somebody big. Nothing exactly media. Game same probably reach threat cover garden. Yes ago I feeling all oil.\nPart create do medical. Around bank himself rise choose huge. Item effort wear white watch issue.",
        "documento_identidad": "Family.",
        "nacionalidad": "Realize seven education research.",
        "vivienda": "Pm region community civil.",
        "pasajero": 11
    }
},
{
    "model": "apaeropuerto.perfilpasajero",
    "pk": 25,
    "fields": {
        "direccion": "Arm water fear mention official third game. Author open stand range century test analysis. Number student training.\nBehind feel federal letter. Purpose become every easy. Tough animal pay skill.\nControl sister deep spring minute sister pattern.",
        "documento_identidad": "Because.",
        "nacionalidad": "Health pressure office future power.",
        "vivienda": "Tv public nature those. Cause conference able.",
        "pasajero": 19
    }
},
{
    "model": "apaeropuerto.equipaje",
    "pk": 1,
    "fields": {
        "peso": 0.08622228680847221,
        "dimensiones": "Watch leave crime raise drop sure wide born.",
        "tipo_material": "Sell hand better my.",
        "color": "Along resource also school bad.",
        "pasajero": 1
    }
},
{
    "model": "apaeropuerto.equipaje",
    "pk": 2,
    "fields": {
        "peso": 0.2064560149077851,
        "dimensiones": "Onto child see establish.",
        "tipo_material": "Eat include compare.",
        "color": "Its strategy practice become.",
        "pasajero": 5
    }
},
{
    "model": "apaeropuerto.equipaje",
    "pk": 3,
    "fields": {
        "peso": 0.38696361435078386,
        "dimensiones": "Out sing modern receive.",
        "tipo_material": "Focus such sing.",
        "color": "Develop car fast help high.",
        "pasajero": 3
    }
},
{
    "model": "apaeropuerto.equipaje",
    "pk": 4,
    "fields": {
        "peso": 0.6473720930644042,
        "dimensiones": "According within hotel entire.",
        "tipo_material": "Born realize I gas.",
        "color": "Kitchen trouble everybody single American page.",
        "pasajero": 3
    }
},
{
    "model": "apaeropuerto.equipaje",
    "pk": 5,
    "fields": {
        "peso": 0.5600207569414845,
        "dimensiones": "Two rest radio election civil.",
        "tipo_material": "Quite when great choose kid.",
        "color": "Loss wide computer society.",
        "pasajero": 4
    }
},
{
    "model": "apaeropuerto.equipaje",
    "pk": 6,
    "fields": {
        "peso": 0.4002105072385832,
        "dimensiones": "Artist long large say radio coach answer nothing.",
        "tipo_material": "Energy color personal film.",
        "color": "Near southern professor.",
        "pasajero": 12
    }
},
{
    "model": "apaeropuerto.equipaje",
    "pk": 7,
    "fields": {
        "peso": 0.2518606859770297,
        "dimensiones": "Whether another step information.",
        "tipo_material": "Last day let heart.",
        "color": "Key life late big skill leader.",
        "pasajero": 24
    }
},
{
    "model": "apaeropuerto.equipaje",
    "pk": 8,
    "fields": {
        "peso": 0.972360420843267,
        "dimensiones": "Leg indeed turn race hundred.",
        "tipo_material": "Under a sit natural there.",
        "color": "Must you American personal.",
        "pasajero": 9
    }
},
{
    "model": "apaeropuerto.equipaje",
    "pk": 9,
    "fields": {
        "peso": 0.5859971254218687,
        "dimensiones": "Nothing situation today require will water.",
        "tipo_material": "Amount answer travel guess.",
        "color": "Age fund continue lay line any.",
        "pasajero": 18
    }
},
{
    "model": "apaeropuerto.equipaje",
    "pk": 10,
    "fields": {
        "peso": 0.5400420326834675,
        "dimensiones": "Accept director take perform.",
        "tipo_material": "Boy nearly choose develop.",
        "color": "Never air trade away college.",
        "pasajero": 15
    }
},
{
    "model": "apaeropuerto.equipaje",
    "pk": 11,
    "fields": {
        "peso": 0.5308054413174755,
        "dimensiones": "New on range wall total off if.",
        "tipo_material": "Scientist include fast may.",
        "color": "Result today provide. Nor discover ball of board.",
        "pasajero": 9
    }
},
{
    "model": "apaeropuerto.equipaje",
    "pk": 12,
    "fields": {
        "peso": 0.8172294540968492,
        "dimensiones": "Sing position big question with Congress.",
        "tipo_material": "Wind fund discussion.",
        "color": "Sense pattern full almost.",
        "pasajero": 16
    }
},
{
    "model": "apaeropuerto.equipaje",
    "pk": 13,
    "fields": {
        "peso": 0.6690030666912241,
        "dimensiones": "Factor suddenly decide environmental.",
        "tipo_material": "Big near treatment seven.",
        "color": "Note none total not help watch over. Add air sit.",
        "pasajero": 11
    }
},
{
    "model": "apaeropuerto.equipaje",
    "pk": 14,
    "fields": {
        "peso": 0.43477837090792393,
        "dimensiones": "Support ability son successful else.",
        "tipo_material": "Behavior tough upon read.",
        "color": "Know modern moment leader protect.",
        "pasajero": 27
    }
},
{
    "model": "apaeropuerto.equipaje",
    "pk": 15,
    "fields": {
        "peso": 0.4536602391743173,
        "dimensiones": "Against side American hair around thing tend.",
        "tipo_material": "Test wait piece better.",
        "color": "Drop help push fund very mouth set.",
        "pasajero": 15
    }
},
{
    "model": "apaeropuerto.equipaje",
    "pk": 16,
    "fields": {
        "peso": 0.4596907436080727,
        "dimensiones": "Blue remain almost direction do.",
        "tipo_material": "Become wide north public.",
        "color": "Deal gun look scientist test account him.",
        "pasajero": 26
    }
},
{
    "model": "apaeropuerto.equipaje",
    "pk": 17,
    "fields": {
        "peso": 0.3130421238558583,
        "dimensiones": "Mr wait option central.",
        "tipo_material": "Answer everyone only.",
        "color": "Continue leave perform place.",
        "pasajero": 27
    }
},
{
    "model": "apaeropuerto.equipaje",
    "pk": 18,
    "fields": {
        "peso": 0.9476021895639954,
        "dimensiones": "Run change pick whose.",
        "tipo_material": "Main win capital push day.",
        "color": "From over low money.",
        "pasajero": 19
    }
},
{
    "model": "apaeropuerto.equipaje",
    "pk": 19,
    "fields": {
        "peso": 0.9321343123934205,
        "dimensiones": "News place know age inside environmental.",
        "tipo_material": "Level case machine.",
        "color": "Chance still increase candidate. Pay show lot so.",
        "pasajero": 23
    }
},
{
    "model": "apaeropuerto.equipaje",
    "pk": 20,
    "fields": {
        "peso": 0.8370659017757446,
        "dimensiones": "Way summer knowledge number her.",
        "tipo_material": "Born any suggest example.",
        "color": "Single arrive model reflect over music policy.",
        "pasajero": 12
    }
},
{
    "model": "apaeropuerto.equipaje",
    "pk": 21,
    "fields": {
        "peso": 0.0477929201964159,
        "dimensiones": "Tough piece throughout source.",
        "tipo_material": "Heavy cup skill.",
        "color": "Team expert some contain reach.",
        "pasajero": 14
    }
},
{
    "model": "apaeropuerto.equipaje",
    "pk": 22,
    "fields": {
        "peso": 0.1977181186421696,
        "dimensiones": "Involve forget PM good billion source door.",
        "tipo_material": "Result room phone blue short.",
        "color": "Quite until want walk on color for law.",
        "pasajero": 15
    }
},
{
    "model": "apaeropuerto.equipaje",
    "pk": 23,
    "fields": {
        "peso": 0.4180068556559532,
        "dimensiones": "Parent necessary special history.",
        "tipo_material": "Animal not recently toward.",
        "color": "Also successful thank discussion determine rise.",
        "pasajero": 17
    }
},
{
    "model": "apaeropuerto.equipaje",
    "pk": 24,
    "fields": {
        "peso": 0.3801046604731295,
        "dimensiones": "From meeting black.",
        "tipo_material": "Describe trip from turn.",
        "color": "Budget member really travel material show.",
        "pasajero": 27
    }
},
{
    "model": "apaeropuerto.equipaje",
    "pk": 25,
    "fields": {
        "peso": 0.8242364606710698,
        "dimensiones": "Law article son whose ask animal many.",
        "tipo_material": "Drug box day brother.",
        "color": "Blood outside doctor field.",
        "pasajero": 23
    }
},
{
    "model": "apaeropuerto.vueloaerolinea",
    "pk": 1,
    "fields": {
        "fecha_operacion": null,
        "estado": "",
        "clase": "E",
        "incidencias": "",
        "vuelo": 1,
        "aerolinea": 4
    }
},
{
    "model": "apaeropuerto.vueloaerolinea",
    "pk": 2,
    "fields": {
        "fecha_operacion": null,
        "estado": "",
        "clase": "E",
        "incidencias": "",
        "vuelo": 1,
        "aerolinea": 5
    }
},
{
    "model": "apaeropuerto.vueloaerolinea",
    "pk": 3,
    "fields": {
        "fecha_operacion": null,
        "estado": "",
        "clase": "E",
        "incidencias": "",
        "vuelo": 2,
        "aerolinea": 1
    }
},
{
    "model": "apaeropuerto.vueloaerolinea",
    "pk": 4,
    "fields": {
        "fecha_operacion": null,
        "estado": "",
        "clase": "E",
        "incidencias": "",
        "vuelo": 3,
        "aerolinea": 1
    }
},
{
    "model": "apaeropuerto.vueloaerolinea",
    "pk": 5,
    "fields": {
        "fecha_operacion": null,
        "estado": "",
        "clase": "E",
        "incidencias": "",
        "vuelo": 4,
        "aerolinea": 5
    }
},
{
    "model": "apaeropuerto.vueloaerolinea",
    "pk": 6,
    "fields": {
        "fecha_operacion": null,
        "estado": "",
        "clase": "E",
        "incidencias": "",
        "vuelo": 5,
        "aerolinea": 3
    }
},
{
    "model": "apaeropuerto.vueloaerolinea",
    "pk": 7,
    "fields": {
        "fecha_operacion": null,
        "estado": "",
        "clase": "E",
        "incidencias": "",
        "vuelo": 5,
        "aerolinea": 4
    }
},
{
    "model": "apaeropuerto.vueloaerolinea",
    "pk": 8,
    "fields": {
        "fecha_operacion": "1992-01-23T22:36:18.956",
        "estado": "Media eight recent particular expert effort. Shake per when describe.\nListen debate through media environment summer. Central as edge window argue cultural. Wish us growth some if plant relate.",
        "clase": "E",
        "incidencias": "His within those leader. Consumer effect life sometimes hear stock get can. Create fill democratic.",
        "vuelo": 4,
        "aerolinea": 3
    }
},
{
    "model": "apaeropuerto.vueloaerolinea",
    "pk": 9,
    "fields": {
        "fecha_operacion": "1984-07-10T18:25:31.667",
        "estado": "Painting every hand yeah them feel year build.\nLetter chance tough cultural personal attention federal other. Use yeah hear statement wonder. When allow look assume board report.",
        "clase": "E",
        "incidencias": "Machine from show indeed rest lawyer. Minute family home must society particularly beat.",
        "vuelo": 3,
        "aerolinea": 4
    }
},
{
    "model": "apaeropuerto.vueloaerolinea",
    "pk": 10,
    "fields": {
        "fecha_operacion": "1996-03-16T11:39:38.254",
        "estado": "Would to represent land. Call especially without teach. Leg them need control.\nResult cell expert mind project but. Face make service them administration.",
        "clase": "E",
        "incidencias": "On read officer body next economic.",
        "vuelo": 5,
        "aerolinea": 2
    }
},
{
    "model": "apaeropuerto.vueloaerolinea",
    "pk": 11,
    "fields": {
        "fecha_operacion": "1983-10-05T18:31:08.034",
        "estado": "Medical enter a blood maintain ask. Tax future away family enough chance race hard. Project drug best actually be yourself.",
        "clase": "E",
        "incidencias": "Seven available join about. I method become floor doctor begin.",
        "vuelo": 4,
        "aerolinea": 2
    }
},
{
    "model": "apaeropuerto.vueloaerolinea",
    "pk": 12,
    "fields": {
        "fecha_operacion": "1984-03-09T17:41:38.683",
        "estado": "Miss gas detail whom behavior reach. Better back small instead local. Listen ahead find close issue house nice.",
        "clase": "E",
        "incidencias": "Scientist itself around official. Fire attack music. Behavior measure no price catch site.",
        "vuelo": 1,
        "aerolinea": 3
    }
},
{
    "model": "apaeropuerto.vueloaerolinea",
    "pk": 13,
    "fields": {
        "fecha_operacion": null,
        "estado": "",
        "clase": "E",
        "incidencias": "",
        "vuelo": 6,
        "aerolinea": 9
    }
},
{
    "model": "apaeropuerto.vueloaerolinea",
    "pk": 14,
    "fields": {
        "fecha_operacion": null,
        "estado": "",
        "clase": "E",
        "incidencias": "",
        "vuelo": 6,
        "aerolinea": 14
    }
},
{
    "model": "apaeropuerto.vueloaerolinea",
    "pk": 15,
    "fields": {
        "fecha_operacion": null,
        "estado": "",
        "clase": "E",
        "incidencias": "",
        "vuelo": 6,
        "aerolinea": 17
    }
},
{
    "model": "apaeropuerto.vueloaerolinea",
    "pk": 16,
    "fields": {
        "fecha_operacion": null,
        "estado": "",
        "clase": "E",
        "incidencias": "",
        "vuelo": 7,
        "aerolinea": 12
    }
},
{
    "model": "apaeropuerto.vueloaerolinea",
    "pk": 17,
    "fields": {
        "fecha_operacion": null,
        "estado": "",
        "clase": "E",
        "incidencias": "",
        "vuelo": 7,
        "aerolinea": 21
    }
},
{
    "model": "apaeropuerto.vueloaerolinea",
    "pk": 18,
    "fields": {
        "fecha_operacion": null,
        "estado": "",
        "clase": "E",
        "incidencias": "",
        "vuelo": 7,
        "aerolinea": 8
    }
},
{
    "model": "apaeropuerto.vueloaerolinea",
    "pk": 19,
    "fields": {
        "fecha_operacion": null,
        "estado": "",
        "clase": "E",
        "incidencias": "",
        "vuelo": 7,
        "aerolinea": 11
    }
},
{
    "model": "apaeropuerto.vueloaerolinea",
    "pk": 20,
    "fields": {
        "fecha_operacion": null,
        "estado": "",
        "clase": "E",
        "incidencias": "",
        "vuelo": 7,
        "aerolinea": 25
    }
},
{
    "model": "apaeropuerto.vueloaerolinea",
    "pk": 21,
    "fields": {
        "fecha_operacion": null,
        "estado": "",
        "clase": "E",
        "incidencias": "",
        "vuelo": 8,
        "aerolinea": 10
    }
},
{
    "model": "apaeropuerto.vueloaerolinea",
    "pk": 22,
    "fields": {
        "fecha_operacion": null,
        "estado": "",
        "clase": "E",
        "incidencias": "",
        "vuelo": 8,
        "aerolinea": 16
    }
},
{
    "model": "apaeropuerto.vueloaerolinea",
    "pk": 23,
    "fields": {
        "fecha_operacion": null,
        "estado": "",
        "clase": "E",
        "incidencias": "",
        "vuelo": 8,
        "aerolinea": 12
    }
},
{
    "model": "apaeropuerto.vueloaerolinea",
    "pk": 24,
    "fields": {
        "fecha_operacion": null,
        "estado": "",
        "clase": "E",
        "incidencias": "",
        "vuelo": 8,
        "aerolinea": 22
    }
},
{
    "model": "apaeropuerto.vueloaerolinea",
    "pk": 25,
    "fields": {
        "fecha_operacion": null,
        "estado": "",
        "clase": "E",
        "incidencias": "",
        "vuelo": 9,
        "aerolinea": 13
    }
},
{
    "model": "apaeropuerto.vueloaerolinea",
    "pk": 26,
    "fields": {
        "fecha_operacion": null,
        "estado": "",
        "clase": "E",
        "incidencias": "",
        "vuelo": 10,
        "aerolinea": 16
    }
},
{
    "model": "apaeropuerto.vueloaerolinea",
    "pk": 27,
    "fields": {
        "fecha_operacion": null,
        "estado": "",
        "clase": "E",
        "incidencias": "",
        "vuelo": 10,
        "aerolinea": 13
    }
},
{
    "model": "apaeropuerto.vueloaerolinea",
    "pk": 28,
    "fields": {
        "fecha_operacion": null,
        "estado": "",
        "clase": "E",
        "incidencias": "",
        "vuelo": 11,
        "aerolinea": 6
    }
},
{
    "model": "apaeropuerto.vueloaerolinea",
    "pk": 29,
    "fields": {
        "fecha_operacion": null,
        "estado": "",
        "clase": "E",
        "incidencias": "",
        "vuelo": 11,
        "aerolinea": 18
    }
},
{
    "model": "apaeropuerto.vueloaerolinea",
    "pk": 30,
    "fields": {
        "fecha_operacion": null,
        "estado": "",
        "clase": "E",
        "incidencias": "",
        "vuelo": 11,
        "aerolinea": 14
    }
},
{
    "model": "apaeropuerto.vueloaerolinea",
    "pk": 31,
    "fields": {
        "fecha_operacion": null,
        "estado": "",
        "clase": "E",
        "incidencias": "",
        "vuelo": 12,
        "aerolinea": 6
    }
},
{
    "model": "apaeropuerto.vueloaerolinea",
    "pk": 32,
    "fields": {
        "fecha_operacion": null,
        "estado": "",
        "clase": "E",
        "incidencias": "",
        "vuelo": 12,
        "aerolinea": 7
    }
},
{
    "model": "apaeropuerto.vueloaerolinea",
    "pk": 33,
    "fields": {
        "fecha_operacion": null,
        "estado": "",
        "clase": "E",
        "incidencias": "",
        "vuelo": 12,
        "aerolinea": 8
    }
},
{
    "model": "apaeropuerto.vueloaerolinea",
    "pk": 34,
    "fields": {
        "fecha_operacion": null,
        "estado": "",
        "clase": "E",
        "incidencias": "",
        "vuelo": 12,
        "aerolinea": 17
    }
},
{
    "model": "apaeropuerto.vueloaerolinea",
    "pk": 35,
    "fields": {
        "fecha_operacion": null,
        "estado": "",
        "clase": "E",
        "incidencias": "",
        "vuelo": 13,
        "aerolinea": 11
    }
},
{
    "model": "apaeropuerto.vueloaerolinea",
    "pk": 36,
    "fields": {
        "fecha_operacion": null,
        "estado": "",
        "clase": "E",
        "incidencias": "",
        "vuelo": 13,
        "aerolinea": 16
    }
},
{
    "model": "apaeropuerto.vueloaerolinea",
    "pk": 37,
    "fields": {
        "fecha_operacion": null,
        "estado": "",
        "clase": "E",
        "incidencias": "",
        "vuelo": 14,
        "aerolinea": 8
    }
},
{
    "model": "apaeropuerto.vueloaerolinea",
    "pk": 38,
    "fields": {
        "fecha_operacion": null,
        "estado": "",
        "clase": "E",
        "incidencias": "",
        "vuelo": 14,
        "aerolinea": 9
    }
},
{
    "model": "apaeropuerto.vueloaerolinea",
    "pk": 39,
    "fields": {
        "fecha_operacion": null,
        "estado": "",
        "clase": "E",
        "incidencias": "",
        "vuelo": 14,
        "aerolinea": 21
    }
},
{
    "model": "apaeropuerto.vueloaerolinea",
    "pk": 40,
    "fields": {
        "fecha_operacion": null,
        "estado": "",
        "clase": "E",
        "incidencias": "",
        "vuelo": 15,
        "aerolinea": 10
    }
},
{
    "model": "apaeropuerto.vueloaerolinea",
    "pk": 41,
    "fields": {
        "fecha_operacion": null,
        "estado": "",
        "clase": "E",
        "incidencias": "",
        "vuelo": 16,
        "aerolinea": 25
    }
},
{
    "model": "apaeropuerto.vueloaerolinea",
    "pk": 42,
    "fields": {
        "fecha_operacion": null,
        "estado": "",
        "clase": "E",
        "incidencias": "",
        "vuelo": 17,
        "aerolinea": 12
    }
},
{
    "model": "apaeropuerto.vueloaerolinea",
    "pk": 43,
    "fields": {
        "fecha_operacion": null,
        "estado": "",
        "clase": "E",
        "incidencias": "",
        "vuelo": 17,
        "aerolinea": 25
    }
},
{
    "model": "apaeropuerto.vueloaerolinea",
    "pk": 44,
    "fields": {
        "fecha_operacion": null,
        "estado": "",
        "clase": "E",
        "incidencias": "",
        "vuelo": 17,
        "aerolinea": 16
    }
},
{
    "model": "apaeropuerto.vueloaerolinea",
    "pk": 45,
    "fields": {
        "fecha_operacion": null,
        "estado": "",
        "clase": "E",
        "incidencias": "",
        "vuelo": 17,
        "aerolinea": 23
    }
},
{
    "model": "apaeropuerto.vueloaerolinea",
    "pk": 46,
    "fields": {
        "fecha_operacion": null,
        "estado": "",
        "clase": "E",
        "incidencias": "",
        "vuelo": 17,
        "aerolinea": 22
    }
},
{
    "model": "apaeropuerto.vueloaerolinea",
    "pk": 47,
    "fields": {
        "fecha_operacion": null,
        "estado": "",
        "clase": "E",
        "incidencias": "",
        "vuelo": 18,
        "aerolinea": 18
    }
},
{
    "model": "apaeropuerto.vueloaerolinea",
    "pk": 48,
    "fields": {
        "fecha_operacion": null,
        "estado": "",
        "clase": "E",
        "incidencias": "",
        "vuelo": 18,
        "aerolinea": 13
    }
},
{
    "model": "apaeropuerto.vueloaerolinea",
    "pk": 49,
    "fields": {
        "fecha_operacion": null,
        "estado": "",
        "clase": "E",
        "incidencias": "",
        "vuelo": 18,
        "aerolinea": 21
    }
},
{
    "model": "apaeropuerto.vueloaerolinea",
    "pk": 50,
    "fields": {
        "fecha_operacion": null,
        "estado": "",
        "clase": "E",
        "incidencias": "",
        "vuelo": 18,
        "aerolinea": 25
    }
},
{
    "model": "apaeropuerto.vueloaerolinea",
    "pk": 51,
    "fields": {
        "fecha_operacion": null,
        "estado": "",
        "clase": "E",
        "incidencias": "",
        "vuelo": 19,
        "aerolinea": 24
    }
},
{
    "model": "apaeropuerto.vueloaerolinea",
    "pk": 52,
    "fields": {
        "fecha_operacion": null,
        "estado": "",
        "clase": "E",
        "incidencias": "",
        "vuelo": 19,
        "aerolinea": 7
    }
},
{
    "model": "apaeropuerto.vueloaerolinea",
    "pk": 53,
    "fields": {
        "fecha_operacion": null,
        "estado": "",
        "clase": "E",
        "incidencias": "",
        "vuelo": 19,
        "aerolinea": 23
    }
},
{
    "model": "apaeropuerto.vueloaerolinea",
    "pk": 54,
    "fields": {
        "fecha_operacion": null,
        "estado": "",
        "clase": "E",
        "incidencias": "",
        "vuelo": 19,
        "aerolinea": 20
    }
},
{
    "model": "apaeropuerto.vueloaerolinea",
    "pk": 55,
    "fields": {
        "fecha_operacion": null,
        "estado": "",
        "clase": "E",
        "incidencias": "",
        "vuelo": 19,
        "aerolinea": 21
    }
},
{
    "model": "apaeropuerto.vueloaerolinea",
    "pk": 56,
    "fields": {
        "fecha_operacion": null,
        "estado": "",
        "clase": "E",
        "incidencias": "",
        "vuelo": 20,
        "aerolinea": 16
    }
},
{
    "model": "apaeropuerto.vueloaerolinea",
    "pk": 57,
    "fields": {
        "fecha_operacion": null,
        "estado": "",
        "clase": "E",
        "incidencias": "",
        "vuelo": 21,
        "aerolinea": 21
    }
},
{
    "model": "apaeropuerto.vueloaerolinea",
    "pk": 58,
    "fields": {
        "fecha_operacion": null,
        "estado": "",
        "clase": "E",
        "incidencias": "",
        "vuelo": 21,
        "aerolinea": 15
    }
},
{
    "model": "apaeropuerto.vueloaerolinea",
    "pk": 59,
    "fields": {
        "fecha_operacion": null,
        "estado": "",
        "clase": "E",
        "incidencias": "",
        "vuelo": 21,
        "aerolinea": 14
    }
},
{
    "model": "apaeropuerto.vueloaerolinea",
    "pk": 60,
    "fields": {
        "fecha_operacion": null,
        "estado": "",
        "clase": "E",
        "incidencias": "",
        "vuelo": 21,
        "aerolinea": 17
    }
},
{
    "model": "apaeropuerto.vueloaerolinea",
    "pk": 61,
    "fields": {
        "fecha_operacion": null,
        "estado": "",
        "clase": "E",
        "incidencias": "",
        "vuelo": 22,
        "aerolinea": 10
    }
},
{
    "model": "apaeropuerto.vueloaerolinea",
    "pk": 62,
    "fields": {
        "fecha_operacion": null,
        "estado": "",
        "clase": "E",
        "incidencias": "",
        "vuelo": 22,
        "aerolinea": 24
    }
},
{
    "model": "apaeropuerto.vueloaerolinea",
    "pk": 63,
    "fields": {
        "fecha_operacion": null,
        "estado": "",
        "clase": "E",
        "incidencias": "",
        "vuelo": 22,
        "aerolinea": 7
    }
},
{
    "model": "apaeropuerto.vueloaerolinea",
    "pk": 64,
    "fields": {
        "fecha_operacion": null,
        "estado": "",
        "clase": "E",
        "incidencias": "",
        "vuelo": 23,
        "aerolinea": 11
    }
},
{
    "model": "apaeropuerto.vueloaerolinea",
    "pk": 65,
    "fields": {
        "fecha_operacion": null,
        "estado": "",
        "clase": "E",
        "incidencias": "",
        "vuelo": 23,
        "aerolinea": 20
    }
},
{
    "model": "apaeropuerto.vueloaerolinea",
    "pk": 66,
    "fields": {
        "fecha_operacion": null,
        "estado": "",
        "clase": "E",
        "incidencias": "",
        "vuelo": 24,
        "aerolinea": 25
    }
},
{
    "model": "apaeropuerto.vueloaerolinea",
    "pk": 67,
    "fields": {
        "fecha_operacion": null,
        "estado": "",
        "clase": "E",
        "incidencias": "",
        "vuelo": 24,
        "aerolinea": 10
    }
},
{
    "model": "apaeropuerto.vueloaerolinea",
    "pk": 68,
    "fields": {
        "fecha_operacion": null,
        "estado": "",
        "clase": "E",
        "incidencias": "",
        "vuelo": 24,
        "aerolinea": 14
    }
},
{
    "model": "apaeropuerto.vueloaerolinea",
    "pk": 69,
    "fields": {
        "fecha_operacion": null,
        "estado": "",
        "clase": "E",
        "incidencias": "",
        "vuelo": 24,
        "aerolinea": 15
    }
},
{
    "model": "apaeropuerto.vueloaerolinea",
    "pk": 70,
    "fields": {
        "fecha_operacion": null,
        "estado": "",
        "clase": "E",
        "incidencias": "",
        "vuelo": 24,
        "aerolinea": 20
    }
},
{
    "model": "apaeropuerto.vueloaerolinea",
    "pk": 71,
    "fields": {
        "fecha_operacion": null,
        "estado": "",
        "clase": "E",
        "incidencias": "",
        "vuelo": 25,
        "aerolinea": 25
    }
},
{
    "model": "apaeropuerto.vueloaerolinea",
    "pk": 72,
    "fields": {
        "fecha_operacion": "2006-06-08T21:06:53.121",
        "estado": "Staff most hour something usually year magazine year. Not edge popular service break.\nElection leg reduce future.",
        "clase": "E",
        "incidencias": "Drive talk administration several tax box interesting.",
        "vuelo": 11,
        "aerolinea": 16
    }
},
{
    "model": "apaeropuerto.vueloaerolinea",
    "pk": 73,
    "fields": {
        "fecha_operacion": "2010-04-09T20:49:02.397",
        "estado": "Change safe program spend letter at. Onto third fear claim development together.\nRaise discussion trade program. Building have only inside.",
        "clase": "E",
        "incidencias": "Speech court finally.",
        "vuelo": 16,
        "aerolinea": 18
    }
},
{
    "model": "apaeropuerto.vueloaerolinea",
    "pk": 74,
    "fields": {
        "fecha_operacion": "1973-11-21T19:23:29.427",
        "estado": "Always base law house provide. North usually newspaper responsibility mention.",
        "clase": "E",
        "incidencias": "Weight reduce care provide drug draw.",
        "vuelo": 23,
        "aerolinea": 22
    }
},
{
    "model": "apaeropuerto.vueloaerolinea",
    "pk": 75,
    "fields": {
        "fecha_operacion": "1999-12-26T17:53:38.406",
        "estado": "Peace family organization fight high quite. Huge drive of. True attention base east loss.\nSign discover around pattern role. Arm around available arrive.",
        "clase": "E",
        "incidencias": "He one land friend government foreign structure. System town music blue.",
        "vuelo": 9,
        "aerolinea": 22
    }
},
{
    "model": "apaeropuerto.vueloaerolinea",
    "pk": 76,
    "fields": {
        "fecha_operacion": "1976-05-26T23:12:45.246",
        "estado": "Strong full task which word. Than teach huge child hospital.\nLook space environmental hair sign. Possible some laugh.",
        "clase": "E",
        "incidencias": "Father office build result it. Consumer make candidate age worry often know miss.",
        "vuelo": 21,
        "aerolinea": 24
    }
},
{
    "model": "apaeropuerto.vueloaerolinea",
    "pk": 77,
    "fields": {
        "fecha_operacion": "2012-09-29T02:36:34.566",
        "estado": "Music eat camera party issue first represent.\nCause do this size knowledge organization. Oil sister stand financial join. Television street see nor sure low. Mean tend size discuss factor.",
        "clase": "E",
        "incidencias": "Authority or operation join time scientist. Health better center activity main.",
        "vuelo": 8,
        "aerolinea": 11
    }
},
{
    "model": "apaeropuerto.vueloaerolinea",
    "pk": 78,
    "fields": {
        "fecha_operacion": "2005-04-30T02:53:22.965",
        "estado": "Author line since reveal. Among ever approach happen. Report much role image.\nShe former wind daughter place. Early truth check both. Affect fine focus year cultural range.",
        "clase": "E",
        "incidencias": "Throw rest more discuss thing appear coach. Land image everyone adult west international gas.",
        "vuelo": 7,
        "aerolinea": 25
    }
},
{
    "model": "apaeropuerto.vueloaerolinea",
    "pk": 79,
    "fields": {
        "fecha_operacion": "1984-12-21T09:56:05.532",
        "estado": "Represent enough try. Discussion particularly yeah around.\nUnit window PM find hope continue. Give could address ability simply they. Pull reality you yard.",
        "clase": "E",
        "incidencias": "Phone risk forget region sometimes offer. Rule week summer grow state for value herself.",
        "vuelo": 10,
        "aerolinea": 19
    }
},
{
    "model": "apaeropuerto.vueloaerolinea",
    "pk": 80,
    "fields": {
        "fecha_operacion": "1973-11-28T03:52:51.944",
        "estado": "Later agree bring. Data develop such.\nLess statement foot security speak report step. Seek newspaper guy hot himself color. Statement decision clear loss floor car much.",
        "clase": "E",
        "incidencias": "Look bar price special. Season impact old road.",
        "vuelo": 14,
        "aerolinea": 24
    }
},
{
    "model": "apaeropuerto.vueloaerolinea",
    "pk": 81,
    "fields": {
        "fecha_operacion": "1987-03-18T14:12:08.563",
        "estado": "Play TV believe account he modern. Anything hospital try pattern heavy boy social. Gun figure sit house discussion smile idea. Many employee kitchen.",
        "clase": "E",
        "incidencias": "Beautiful than one environmental. Within too see should nation seem true.",
        "vuelo": 23,
        "aerolinea": 17
    }
},
{
    "model": "apaeropuerto.vueloaerolinea",
    "pk": 82,
    "fields": {
        "fecha_operacion": "1977-05-12T13:33:29.159",
        "estado": "Similar reveal record street despite interview. Collection ahead peace throw training off ball.\nOil start spring. Recently store common trial unit political finish.",
        "clase": "E",
        "incidencias": "More we behavior cover. Strategy even unit.\nDecide teacher race civil.",
        "vuelo": 25,
        "aerolinea": 22
    }
},
{
    "model": "apaeropuerto.vueloaerolinea",
    "pk": 83,
    "fields": {
        "fecha_operacion": "1989-10-23T16:28:37.152",
        "estado": "Doctor thank every wall eat. Painting administration job our his.\nSister his war. Low office reduce shake.\nPiece type safe would former. Per ready soldier direction.",
        "clase": "E",
        "incidencias": "Trade reach whole. Mention nature window power office long. Result economic garden card.",
        "vuelo": 17,
        "aerolinea": 19
    }
},
{
    "model": "apaeropuerto.vueloaerolinea",
    "pk": 84,
    "fields": {
        "fecha_operacion": "2022-08-10T15:49:15.872",
        "estado": "Green audience society American. Fight every article cup hospital practice green.\nPopulation still night us edge. Sell economy friend expert school police.",
        "clase": "E",
        "incidencias": "Pay care strong shoulder individual month. Laugh any tax citizen car final administration perform.",
        "vuelo": 17,
        "aerolinea": 17
    }
},
{
    "model": "apaeropuerto.vueloaerolinea",
    "pk": 85,
    "fields": {
        "fecha_operacion": "1977-10-04T16:10:56.156",
        "estado": "West right check participant else teach somebody many. Country small list quite mother. Yard many message prepare magazine.\nImage I book decide home so black. We wall suggest fast listen.",
        "clase": "E",
        "incidencias": "Across with know shoulder. Strategy word free we.",
        "vuelo": 16,
        "aerolinea": 14
    }
},
{
    "model": "apaeropuerto.vueloaerolinea",
    "pk": 86,
    "fields": {
        "fecha_operacion": "2007-03-01T13:50:30.796",
        "estado": "Major east meeting little base. Product hotel along bag debate.\nReflect piece reduce care year significant particularly. Hand wish way name.",
        "clase": "E",
        "incidencias": "Which quite brother speak site. Miss owner person green ball give skill. Wall factor fast allow.",
        "vuelo": 24,
        "aerolinea": 13
    }
},
{
    "model": "apaeropuerto.vueloaerolinea",
    "pk": 87,
    "fields": {
        "fecha_operacion": "1975-10-16T10:11:16.372",
        "estado": "Measure social family scientist some factor education. Reduce whom performance skin open. To somebody court night.\nHuman stock station week media. Thus activity within range bad think light.",
        "clase": "E",
        "incidencias": "Summer seat drug. Citizen quickly couple.",
        "vuelo": 25,
        "aerolinea": 25
    }
},
{
    "model": "apaeropuerto.vueloaerolinea",
    "pk": 88,
    "fields": {
        "fecha_operacion": "2016-07-15T23:04:17.660",
        "estado": "Not follow call fear determine consumer. Church officer stock mean officer way.",
        "clase": "E",
        "incidencias": "Main card without cold. Teach himself company here gun exactly.",
        "vuelo": 9,
        "aerolinea": 9
    }
},
{
    "model": "apaeropuerto.vueloaerolinea",
    "pk": 89,
    "fields": {
        "fecha_operacion": "1994-12-26T03:17:24.713",
        "estado": "Billion south group about collection draw bed. Popular protect policy poor partner whose million including. System open his goal.",
        "clase": "E",
        "incidencias": "Third close more good ok party.",
        "vuelo": 13,
        "aerolinea": 13
    }
},
{
    "model": "apaeropuerto.vueloaerolinea",
    "pk": 90,
    "fields": {
        "fecha_operacion": "1970-12-05T11:16:07.871",
        "estado": "Coach rest of store. Figure oil modern participant several southern. Front hundred million discuss say board.\nAlso half here medical take end. Security public run.",
        "clase": "E",
        "incidencias": "Most east movie himself spring wear. Majority lay the even my either.",
        "vuelo": 25,
        "aerolinea": 6
    }
},
{
    "model": "apaeropuerto.vueloaerolinea",
    "pk": 91,
    "fields": {
        "fecha_operacion": "2022-05-26T03:24:07.940",
        "estado": "Leave exactly ahead follow certain successful. Season western enter player race former more. Baby third teacher benefit.",
        "clase": "E",
        "incidencias": "Current draw woman deal identify fact turn. Down thus cultural consider oil it.",
        "vuelo": 22,
        "aerolinea": 9
    }
},
{
    "model": "apaeropuerto.vueloaerolinea",
    "pk": 92,
    "fields": {
        "fecha_operacion": "2024-11-19T12:57:39",
        "estado": "Alejandro",
        "clase": "E",
        "incidencias": "cedw3crfe",
        "vuelo": 27,
        "aerolinea": 27
    }
},
{
    "model": "apaeropuerto.vueloaerolinea",
    "pk": 93,
    "fields": {
        "fecha_operacion": "2024-11-19T12:57:53",
        "estado": "Bien",
        "clase": "E",
        "incidencias": "prueba",
        "vuelo": 26,
        "aerolinea": 27
    }
},
{
    "model": "apaeropuerto.reserva",
    "pk": 1,
    "fields": {
        "fecha_reserva": "2024-11-01T11:04:23.909",
        "codigo_descueto": "Phone mission wonder majority perform. As suffer group plan answer.",
        "metodo_pago": "tarjeta",
        "estado_de_pago": false,
        "pasajero": 5,
        "vuelo": 4
    }
},
{
    "model": "apaeropuerto.reserva",
    "pk": 2,
    "fields": {
        "fecha_reserva": "2024-11-01T11:04:23.909",
        "codigo_descueto": "Possible bring everybody girl policy weight affect. Tend yet partner by.",
        "metodo_pago": "tarjeta",
        "estado_de_pago": true,
        "pasajero": 3,
        "vuelo": 5
    }
},
{
    "model": "apaeropuerto.reserva",
    "pk": 3,
    "fields": {
        "fecha_reserva": "2024-11-01T11:04:23.909",
        "codigo_descueto": "Threat man traditional then church father. Yes mean first reveal eye.",
        "metodo_pago": "tarjeta",
        "estado_de_pago": true,
        "pasajero": 2,
        "vuelo": 5
    }
},
{
    "model": "apaeropuerto.reserva",
    "pk": 4,
    "fields": {
        "fecha_reserva": "2024-11-01T11:04:23.909",
        "codigo_descueto": "Wife director man head. North maintain camera once despite decision next.",
        "metodo_pago": "tarjeta",
        "estado_de_pago": true,
        "pasajero": 5,
        "vuelo": 4
    }
},
{
    "model": "apaeropuerto.reserva",
    "pk": 5,
    "fields": {
        "fecha_reserva": "2024-11-01T11:04:23.909",
        "codigo_descueto": "Rich each Republican sport gas. Them middle easy matter. Guess on catch.",
        "metodo_pago": "tarjeta",
        "estado_de_pago": false,
        "pasajero": 3,
        "vuelo": 4
    }
},
{
    "model": "apaeropuerto.reserva",
    "pk": 6,
    "fields": {
        "fecha_reserva": "2024-11-19T12:41:59.385",
        "codigo_descueto": "Administration wind significant inside play. Threat here data.",
        "metodo_pago": "tarjeta",
        "estado_de_pago": false,
        "pasajero": 20,
        "vuelo": 7
    }
},
{
    "model": "apaeropuerto.reserva",
    "pk": 7,
    "fields": {
        "fecha_reserva": "2024-11-19T12:41:59.385",
        "codigo_descueto": "Yet player hour open pass student. Interesting center whom surface since stand.",
        "metodo_pago": "tarjeta",
        "estado_de_pago": true,
        "pasajero": 26,
        "vuelo": 21
    }
},
{
    "model": "apaeropuerto.reserva",
    "pk": 8,
    "fields": {
        "fecha_reserva": "2024-11-19T12:41:59.385",
        "codigo_descueto": "Control response long the hotel. Trip four then. Large blood sense tell him guy.",
        "metodo_pago": "tarjeta",
        "estado_de_pago": true,
        "pasajero": 27,
        "vuelo": 8
    }
},
{
    "model": "apaeropuerto.reserva",
    "pk": 9,
    "fields": {
        "fecha_reserva": "2024-11-19T12:41:59.385",
        "codigo_descueto": "Very view of college less experience.",
        "metodo_pago": "tarjeta",
        "estado_de_pago": true,
        "pasajero": 11,
        "vuelo": 15
    }
},
{
    "model": "apaeropuerto.reserva",
    "pk": 10,
    "fields": {
        "fecha_reserva": "2024-11-19T12:41:59.385",
        "codigo_descueto": "Care head north kitchen.",
        "metodo_pago": "tarjeta",
        "estado_de_pago": true,
        "pasajero": 15,
        "vuelo": 22
    }
},
{
    "model": "apaeropuerto.reserva",
    "pk": 11,
    "fields": {
        "fecha_reserva": "2024-11-19T12:41:59.385",
        "codigo_descueto": "Rise chair memory care pressure paper.",
        "metodo_pago": "tarjeta",
        "estado_de_pago": true,
        "pasajero": 15,
        "vuelo": 14
    }
},
{
    "model": "apaeropuerto.reserva",
    "pk": 12,
    "fields": {
        "fecha_reserva": "2024-11-19T12:41:59.385",
        "codigo_descueto": "Message low quality south here series alone.",
        "metodo_pago": "tarjeta",
        "estado_de_pago": true,
        "pasajero": 24,
        "vuelo": 20
    }
},
{
    "model": "apaeropuerto.reserva",
    "pk": 13,
    "fields": {
        "fecha_reserva": "2024-11-19T12:41:59.385",
        "codigo_descueto": "Poor entire behavior condition. Score source certain bad this. Another eye pattern.",
        "metodo_pago": "tarjeta",
        "estado_de_pago": false,
        "pasajero": 8,
        "vuelo": 23
    }
},
{
    "model": "apaeropuerto.reserva",
    "pk": 14,
    "fields": {
        "fecha_reserva": "2024-11-19T12:41:59.385",
        "codigo_descueto": "Factor glass line field bad. Operation increase alone describe. Garden one word strong hope.",
        "metodo_pago": "tarjeta",
        "estado_de_pago": true,
        "pasajero": 22,
        "vuelo": 14
    }
},
{
    "model": "apaeropuerto.reserva",
    "pk": 15,
    "fields": {
        "fecha_reserva": "2024-11-19T12:41:59.385",
        "codigo_descueto": "Push coach door. Learn today report tough owner attack. Plan seat full network plan.",
        "metodo_pago": "tarjeta",
        "estado_de_pago": false,
        "pasajero": 16,
        "vuelo": 10
    }
},
{
    "model": "apaeropuerto.reserva",
    "pk": 16,
    "fields": {
        "fecha_reserva": "2024-11-19T12:41:59.385",
        "codigo_descueto": "Easy economic help early crime. Woman physical many themselves administration.",
        "metodo_pago": "tarjeta",
        "estado_de_pago": false,
        "pasajero": 21,
        "vuelo": 10
    }
},
{
    "model": "apaeropuerto.reserva",
    "pk": 17,
    "fields": {
        "fecha_reserva": "2024-11-19T12:41:59.385",
        "codigo_descueto": "Likely probably design must senior.\nTrade him on set.",
        "metodo_pago": "tarjeta",
        "estado_de_pago": true,
        "pasajero": 19,
        "vuelo": 7
    }
},
{
    "model": "apaeropuerto.reserva",
    "pk": 18,
    "fields": {
        "fecha_reserva": "2024-11-19T12:41:59.385",
        "codigo_descueto": "Teach someone member as key perform.",
        "metodo_pago": "tarjeta",
        "estado_de_pago": true,
        "pasajero": 27,
        "vuelo": 24
    }
},
{
    "model": "apaeropuerto.reserva",
    "pk": 19,
    "fields": {
        "fecha_reserva": "2024-11-19T12:41:59.385",
        "codigo_descueto": "Often model administration. With time picture decision science happy.",
        "metodo_pago": "tarjeta",
        "estado_de_pago": true,
        "pasajero": 17,
        "vuelo": 25
    }
},
{
    "model": "apaeropuerto.reserva",
    "pk": 20,
    "fields": {
        "fecha_reserva": "2024-11-19T12:41:59.385",
        "codigo_descueto": "Pm wind church be. Also him home set minute sport continue.",
        "metodo_pago": "tarjeta",
        "estado_de_pago": true,
        "pasajero": 9,
        "vuelo": 16
    }
},
{
    "model": "apaeropuerto.reserva",
    "pk": 21,
    "fields": {
        "fecha_reserva": "2024-11-19T12:41:59.385",
        "codigo_descueto": "Measure together way deal popular. Tv case best factor style money. Name certainly number avoid.",
        "metodo_pago": "tarjeta",
        "estado_de_pago": false,
        "pasajero": 16,
        "vuelo": 20
    }
},
{
    "model": "apaeropuerto.reserva",
    "pk": 22,
    "fields": {
        "fecha_reserva": "2024-11-19T12:41:59.385",
        "codigo_descueto": "Scientist city very each statement law. Condition happy possible store.",
        "metodo_pago": "tarjeta",
        "estado_de_pago": true,
        "pasajero": 9,
        "vuelo": 21
    }
},
{
    "model": "apaeropuerto.reserva",
    "pk": 23,
    "fields": {
        "fecha_reserva": "2024-11-19T12:41:59.385",
        "codigo_descueto": "Way difficult those industry ten college.",
        "metodo_pago": "tarjeta",
        "estado_de_pago": false,
        "pasajero": 8,
        "vuelo": 12
    }
},
{
    "model": "apaeropuerto.reserva",
    "pk": 24,
    "fields": {
        "fecha_reserva": "2024-11-19T12:41:59.385",
        "codigo_descueto": "Agency throughout oil social ok stock. Magazine tell follow plant couple live set involve.",
        "metodo_pago": "tarjeta",
        "estado_de_pago": false,
        "pasajero": 9,
        "vuelo": 7
    }
},
{
    "model": "apaeropuerto.reserva",
    "pk": 25,
    "fields": {
        "fecha_reserva": "2024-11-19T12:41:59.385",
        "codigo_descueto": "Blood look for matter. Air report dog yourself economic into teacher.",
        "metodo_pago": "tarjeta",
        "estado_de_pago": false,
        "pasajero": 21,
        "vuelo": 17
    }
},
{
    "model": "apaeropuerto.asiento",
    "pk": 1,
    "fields": {
        "clase": "E",
        "precio": "0.75",
        "posicion": "M",
        "sistema_entretenimiento": true,
        "vuelo": 2,
        "pasajero": 2
    }
},
{
    "model": "apaeropuerto.asiento",
    "pk": 2,
    "fields": {
        "clase": "E",
        "precio": "0.62",
        "posicion": "P",
        "sistema_entretenimiento": false,
        "vuelo": 5,
        "pasajero": 4
    }
},
{
    "model": "apaeropuerto.asiento",
    "pk": 3,
    "fields": {
        "clase": "E",
        "precio": "0.55",
        "posicion": "V",
        "sistema_entretenimiento": false,
        "vuelo": 1,
        "pasajero": 5
    }
},
{
    "model": "apaeropuerto.asiento",
    "pk": 4,
    "fields": {
        "clase": "E",
        "precio": "0.42",
        "posicion": "P",
        "sistema_entretenimiento": false,
        "vuelo": 5,
        "pasajero": 1
    }
},
{
    "model": "apaeropuerto.asiento",
    "pk": 5,
    "fields": {
        "clase": "E",
        "precio": "0.44",
        "posicion": "P",
        "sistema_entretenimiento": true,
        "vuelo": 2,
        "pasajero": 5
    }
},
{
    "model": "apaeropuerto.asiento",
    "pk": 6,
    "fields": {
        "clase": "E",
        "precio": "0.83",
        "posicion": "V",
        "sistema_entretenimiento": true,
        "vuelo": 6,
        "pasajero": 12
    }
},
{
    "model": "apaeropuerto.asiento",
    "pk": 7,
    "fields": {
        "clase": "E",
        "precio": "0.41",
        "posicion": "M",
        "sistema_entretenimiento": false,
        "vuelo": 9,
        "pasajero": 23
    }
},
{
    "model": "apaeropuerto.asiento",
    "pk": 8,
    "fields": {
        "clase": "E",
        "precio": "0.83",
        "posicion": "P",
        "sistema_entretenimiento": false,
        "vuelo": 22,
        "pasajero": 10
    }
},
{
    "model": "apaeropuerto.asiento",
    "pk": 9,
    "fields": {
        "clase": "E",
        "precio": "0.50",
        "posicion": "M",
        "sistema_entretenimiento": false,
        "vuelo": 9,
        "pasajero": 14
    }
},
{
    "model": "apaeropuerto.asiento",
    "pk": 10,
    "fields": {
        "clase": "E",
        "precio": "0.29",
        "posicion": "V",
        "sistema_entretenimiento": false,
        "vuelo": 19,
        "pasajero": 8
    }
},
{
    "model": "apaeropuerto.asiento",
    "pk": 11,
    "fields": {
        "clase": "E",
        "precio": "0.92",
        "posicion": "M",
        "sistema_entretenimiento": true,
        "vuelo": 17,
        "pasajero": 15
    }
},
{
    "model": "apaeropuerto.asiento",
    "pk": 12,
    "fields": {
        "clase": "E",
        "precio": "0.59",
        "posicion": "P",
        "sistema_entretenimiento": true,
        "vuelo": 9,
        "pasajero": 18
    }
},
{
    "model": "apaeropuerto.asiento",
    "pk": 13,
    "fields": {
        "clase": "E",
        "precio": "0.92",
        "posicion": "P",
        "sistema_entretenimiento": true,
        "vuelo": 21,
        "pasajero": 20
    }
},
{
    "model": "apaeropuerto.asiento",
    "pk": 14,
    "fields": {
        "clase": "E",
        "precio": "0.52",
        "posicion": "M",
        "sistema_entretenimiento": true,
        "vuelo": 22,
        "pasajero": 20
    }
},
{
    "model": "apaeropuerto.asiento",
    "pk": 15,
    "fields": {
        "clase": "E",
        "precio": "0.53",
        "posicion": "P",
        "sistema_entretenimiento": false,
        "vuelo": 7,
        "pasajero": 17
    }
},
{
    "model": "apaeropuerto.asiento",
    "pk": 16,
    "fields": {
        "clase": "E",
        "precio": "0.54",
        "posicion": "P",
        "sistema_entretenimiento": false,
        "vuelo": 11,
        "pasajero": 16
    }
},
{
    "model": "apaeropuerto.asiento",
    "pk": 17,
    "fields": {
        "clase": "E",
        "precio": "0.85",
        "posicion": "V",
        "sistema_entretenimiento": false,
        "vuelo": 11,
        "pasajero": 21
    }
},
{
    "model": "apaeropuerto.asiento",
    "pk": 18,
    "fields": {
        "clase": "E",
        "precio": "0.23",
        "posicion": "V",
        "sistema_entretenimiento": true,
        "vuelo": 12,
        "pasajero": 18
    }
},
{
    "model": "apaeropuerto.asiento",
    "pk": 19,
    "fields": {
        "clase": "E",
        "precio": "0.22",
        "posicion": "V",
        "sistema_entretenimiento": true,
        "vuelo": 6,
        "pasajero": 13
    }
},
{
    "model": "apaeropuerto.asiento",
    "pk": 20,
    "fields": {
        "clase": "E",
        "precio": "0.74",
        "posicion": "M",
        "sistema_entretenimiento": true,
        "vuelo": 14,
        "pasajero": 12
    }
},
{
    "model": "apaeropuerto.asiento",
    "pk": 21,
    "fields": {
        "clase": "E",
        "precio": "0.47",
        "posicion": "V",
        "sistema_entretenimiento": false,
        "vuelo": 25,
        "pasajero": 9
    }
},
{
    "model": "apaeropuerto.asiento",
    "pk": 22,
    "fields": {
        "clase": "E",
        "precio": "0.12",
        "posicion": "M",
        "sistema_entretenimiento": true,
        "vuelo": 24,
        "pasajero": 20
    }
},
{
    "model": "apaeropuerto.asiento",
    "pk": 23,
    "fields": {
        "clase": "E",
        "precio": "0.70",
        "posicion": "V",
        "sistema_entretenimiento": false,
        "vuelo": 10,
        "pasajero": 11
    }
},
{
    "model": "apaeropuerto.asiento",
    "pk": 24,
    "fields": {
        "clase": "E",
        "precio": "0.79",
        "posicion": "P",
        "sistema_entretenimiento": false,
        "vuelo": 7,
        "pasajero": 13
    }
},
{
    "model": "apaeropuerto.asiento",
    "pk": 25,
    "fields": {
        "clase": "E",
        "precio": "0.23",
        "posicion": "P",
        "sistema_entretenimiento": true,
        "vuelo": 12,
        "pasajero": 8
    }
},
{
    "model": "apaeropuerto.servicio",
    "pk": 1,
    "fields": {
        "tipo_servicio": "Democrat person major leave arrive light. Floor wonder without would. Can gun consider staff.",
        "costo": 0.2502576700348301,
        "duracion_servicio": "11:55:54",
        "añadido": "Local try especially sport. Guess baby reflect where partner face.",
        "aeropuerto": [
            3
        ]
    }
},
{
    "model": "apaeropuerto.servicio",
    "pk": 2,
    "fields": {
        "tipo_servicio": "Old market who full. White among guy now goal key size appear.",
        "costo": 0.975677863493979,
        "duracion_servicio": "06:57:08",
        "añadido": "Possible official develop current. Matter your join issue team heavy meeting.",
        "aeropuerto": [
            2,
            5
        ]
    }
},
{
    "model": "apaeropuerto.servicio",
    "pk": 3,
    "fields": {
        "tipo_servicio": "Character practice full ability. Send military work item.",
        "costo": 0.0005421642890712786,
        "duracion_servicio": "15:45:00",
        "añadido": "Fear energy scene agreement would. Race soldier parent institution also onto.",
        "aeropuerto": [
            2
        ]
    }
},
{
    "model": "apaeropuerto.servicio",
    "pk": 4,
    "fields": {
        "tipo_servicio": "Song well play four. Thus thought my reality finally account.",
        "costo": 0.7130913211833751,
        "duracion_servicio": "08:07:12",
        "añadido": "Note act movement continue trip dog. Draw official article western even even. Size hand sound.",
        "aeropuerto": [
            3,
            5
        ]
    }
},
{
    "model": "apaeropuerto.servicio",
    "pk": 5,
    "fields": {
        "tipo_servicio": "Still religious need pull myself especially service. Nature program save sit church debate.",
        "costo": 0.8563388525004246,
        "duracion_servicio": "01:31:48",
        "añadido": "At game son short law pick. Name class job foreign right sea.",
        "aeropuerto": [
            3
        ]
    }
},
{
    "model": "apaeropuerto.servicio",
    "pk": 6,
    "fields": {
        "tipo_servicio": "Whether want drop dog six. Walk total become accept.",
        "costo": 0.6616506981290023,
        "duracion_servicio": "19:02:21",
        "añadido": "First activity nor rule language get. Quality but decide join add bank third.",
        "aeropuerto": [
            14,
            15,
            22,
            23
        ]
    }
},
{
    "model": "apaeropuerto.servicio",
    "pk": 7,
    "fields": {
        "tipo_servicio": "Hard yes into. Minute sea father all off. Ahead black eight find your.",
        "costo": 0.09782826418999291,
        "duracion_servicio": "08:51:51",
        "añadido": "Full western scientist. Stop player official. Answer rest all receive improve various.",
        "aeropuerto": [
            18,
            21
        ]
    }
},
{
    "model": "apaeropuerto.servicio",
    "pk": 8,
    "fields": {
        "tipo_servicio": "Be certain development actually your night. Next series television school room. Happen case what.",
        "costo": 0.7506972280356637,
        "duracion_servicio": "22:25:49",
        "añadido": "Value range one. Say mean she role clearly need thing. Central beautiful case all time.",
        "aeropuerto": [
            19,
            22
        ]
    }
},
{
    "model": "apaeropuerto.servicio",
    "pk": 9,
    "fields": {
        "tipo_servicio": "Population item thing. Under learn speak. Model value mission himself.\nSingle human administration.",
        "costo": 0.5830738444572904,
        "duracion_servicio": "07:10:14",
        "añadido": "Fast central forward piece. Training eye gas black someone few mention.",
        "aeropuerto": [
            16
        ]
    }
},
{
    "model": "apaeropuerto.servicio",
    "pk": 10,
    "fields": {
        "tipo_servicio": "Government foot allow style. Where person example summer that.",
        "costo": 0.20176232878721312,
        "duracion_servicio": "09:23:37",
        "añadido": "Some wall plant painting. Chair feel bed.",
        "aeropuerto": [
            8,
            16,
            21
        ]
    }
},
{
    "model": "apaeropuerto.servicio",
    "pk": 11,
    "fields": {
        "tipo_servicio": "Watch rather finish if force center step. Range better avoid better think deep.",
        "costo": 0.2319999321962095,
        "duracion_servicio": "22:54:00",
        "añadido": "Short large establish than. Market task language source his bag. Sit paper specific open service.",
        "aeropuerto": [
            8,
            15,
            25
        ]
    }
},
{
    "model": "apaeropuerto.servicio",
    "pk": 12,
    "fields": {
        "tipo_servicio": "Company she daughter loss. Treatment hour might get suffer after.",
        "costo": 0.04485113256336659,
        "duracion_servicio": "01:59:49",
        "añadido": "Message firm member person hold. Front trade stage democratic.",
        "aeropuerto": [
            9,
            18,
            19,
            21
        ]
    }
},
{
    "model": "apaeropuerto.servicio",
    "pk": 13,
    "fields": {
        "tipo_servicio": "Cut most book local new. Claim relationship car case carry.",
        "costo": 0.5473935866622416,
        "duracion_servicio": "15:32:50",
        "añadido": "Question threat next final. Me drop decade start focus he poor. Clear decade dark hundred report.",
        "aeropuerto": [
            7,
            21
        ]
    }
},
{
    "model": "apaeropuerto.servicio",
    "pk": 14,
    "fields": {
        "tipo_servicio": "Adult since agree. Window range either message. Step clear listen focus.",
        "costo": 0.5696976546396835,
        "duracion_servicio": "11:56:33",
        "añadido": "Middle speak wall music analysis. Unit difficult reflect dinner. Measure to story involve.",
        "aeropuerto": [
            11,
            13
        ]
    }
},
{
    "model": "apaeropuerto.servicio",
    "pk": 15,
    "fields": {
        "tipo_servicio": "Life fly help reveal stage.\nThank big treat morning usually explain between argue.",
        "costo": 0.7046235042916976,
        "duracion_servicio": "06:26:27",
        "añadido": "Without time lawyer material. Reveal company doctor soon officer exactly fund institution.",
        "aeropuerto": [
            7,
            8,
            21
        ]
    }
},
{
    "model": "apaeropuerto.servicio",
    "pk": 16,
    "fields": {
        "tipo_servicio": "Science not rest single should think rich. Or bank although ever country security.",
        "costo": 0.002082300717785146,
        "duracion_servicio": "11:30:39",
        "añadido": "Eye skill simple left season.\nLife our style. Century go hold believe best conference.",
        "aeropuerto": [
            15
        ]
    }
},
{
    "model": "apaeropuerto.servicio",
    "pk": 17,
    "fields": {
        "tipo_servicio": "Ready value across bar almost watch.\nInstead company cost laugh low. Red wear part occur.",
        "costo": 0.9387950208970969,
        "duracion_servicio": "11:55:47",
        "añadido": "Nothing read heart. Discover could entire size dog.",
        "aeropuerto": [
            12,
            18,
            20
        ]
    }
},
{
    "model": "apaeropuerto.servicio",
    "pk": 18,
    "fields": {
        "tipo_servicio": "Expect alone respond decision may offer. Shake imagine write quickly animal election.",
        "costo": 0.6234336889556954,
        "duracion_servicio": "11:49:41",
        "añadido": "The mother so. Career painting main degree up scene.",
        "aeropuerto": [
            7
        ]
    }
},
{
    "model": "apaeropuerto.servicio",
    "pk": 19,
    "fields": {
        "tipo_servicio": "Official available again forget east rule sense.",
        "costo": 0.22864744423033967,
        "duracion_servicio": "11:07:12",
        "añadido": "Husband six chair under son. Threat old night fight.",
        "aeropuerto": [
            9,
            17,
            18,
            20,
            22
        ]
    }
},
{
    "model": "apaeropuerto.servicio",
    "pk": 20,
    "fields": {
        "tipo_servicio": "Most shoulder arrive agree current certain. Modern no really name price. Alone call eight end or.",
        "costo": 0.4412787652301753,
        "duracion_servicio": "07:15:27",
        "añadido": "Price hope new dinner right amount bit. Much occur also lose character south.",
        "aeropuerto": [
            11,
            17
        ]
    }
},
{
    "model": "apaeropuerto.servicio",
    "pk": 21,
    "fields": {
        "tipo_servicio": "Grow window position hear. Individual by office attack send.",
        "costo": 0.0944044062604763,
        "duracion_servicio": "15:08:52",
        "añadido": "Production country say. Never standard too leave matter live.",
        "aeropuerto": [
            11,
            13,
            20,
            23,
            25
        ]
    }
},
{
    "model": "apaeropuerto.servicio",
    "pk": 22,
    "fields": {
        "tipo_servicio": "Something production attack church. Practice blood structure investment reason second election.",
        "costo": 0.5976126697747907,
        "duracion_servicio": "10:52:17",
        "añadido": "Force arrive old yet name. Modern operation sing large different open their.",
        "aeropuerto": [
            10,
            12,
            13,
            18,
            24
        ]
    }
},
{
    "model": "apaeropuerto.servicio",
    "pk": 23,
    "fields": {
        "tipo_servicio": "Hotel ago country significant from federal someone. Week wait make company some.",
        "costo": 0.19540236981450443,
        "duracion_servicio": "14:57:23",
        "añadido": "Side your hair others boy argue voice throw. Only although compare time. Particular task red note.",
        "aeropuerto": [
            6,
            19
        ]
    }
},
{
    "model": "apaeropuerto.servicio",
    "pk": 24,
    "fields": {
        "tipo_servicio": "Difficult rich he some.",
        "costo": 0.6074543729619292,
        "duracion_servicio": "02:15:00",
        "añadido": "Station certainly during second. Government after whom agency challenge pick coach.",
        "aeropuerto": [
            11
        ]
    }
},
{
    "model": "apaeropuerto.servicio",
    "pk": 25,
    "fields": {
        "tipo_servicio": "Early blue stand site notice. Son today their hour. Ready account myself argue fall part wait.",
        "costo": 0.5884973034124074,
        "duracion_servicio": "15:59:15",
        "añadido": "Enough be what relationship black actually. Mission result book third.",
        "aeropuerto": [
            10,
            23,
            25
        ]
    }
},
{
    "model": "apaeropuerto.empleado",
    "pk": 1,
    "fields": {
        "nombre": "Child lot blue political. Collection future nothing see.",
        "apellido": "Local respond stock name grow too. Join street billion ground indicate skin suddenly attention.",
        "cargo": "EM",
        "fecha_contratacion": "1988-12-03",
        "servicio": 3
    }
},
{
    "model": "apaeropuerto.empleado",
    "pk": 2,
    "fields": {
        "nombre": "Draw court your bank dinner resource. White find audience coach. Stay place must soldier.",
        "apellido": "Church risk floor history. Sing get bring not security.",
        "cargo": "EM",
        "fecha_contratacion": "2004-09-24",
        "servicio": 5
    }
},
{
    "model": "apaeropuerto.empleado",
    "pk": 3,
    "fields": {
        "nombre": "Able sister none heavy property. Data wait almost analysis account.",
        "apellido": "Upon try soon yeah they effect other. Rest water receive institution.",
        "cargo": "EM",
        "fecha_contratacion": "2022-10-08",
        "servicio": 1
    }
},
{
    "model": "apaeropuerto.empleado",
    "pk": 4,
    "fields": {
        "nombre": "Discuss much country deep. Than by vote little.",
        "apellido": "Degree system him leg.",
        "cargo": "EM",
        "fecha_contratacion": "1980-11-04",
        "servicio": 1
    }
},
{
    "model": "apaeropuerto.empleado",
    "pk": 5,
    "fields": {
        "nombre": "Foreign remember evidence more present without. Career attorney trip someone situation.",
        "apellido": "Medical which professor order continue gas attention trade.",
        "cargo": "EM",
        "fecha_contratacion": "1972-04-09",
        "servicio": 5
    }
},
{
    "model": "apaeropuerto.empleado",
    "pk": 6,
    "fields": {
        "nombre": "City window under increase thank culture which. Court town bar floor bad certain rather.",
        "apellido": "Language thank very. Shake sing up. Design like her key.",
        "cargo": "EM",
        "fecha_contratacion": "1985-07-10",
        "servicio": 9
    }
},
{
    "model": "apaeropuerto.empleado",
    "pk": 7,
    "fields": {
        "nombre": "Record rather all next rule eat institution.",
        "apellido": "Popular event land century parent education goal. Much admit organization call from beyond.",
        "cargo": "EM",
        "fecha_contratacion": "1996-06-05",
        "servicio": 20
    }
},
{
    "model": "apaeropuerto.empleado",
    "pk": 8,
    "fields": {
        "nombre": "Can consumer computer certain bank. Ahead them choose painting view discover last.",
        "apellido": "Quickly enjoy economy animal.",
        "cargo": "EM",
        "fecha_contratacion": "1984-09-02",
        "servicio": 6
    }
},
{
    "model": "apaeropuerto.empleado",
    "pk": 9,
    "fields": {
        "nombre": "Join leader worker term again late ground maintain. Commercial guess officer anyone.",
        "apellido": "Seat both moment lay measure.",
        "cargo": "EM",
        "fecha_contratacion": "1982-12-23",
        "servicio": 6
    }
},
{
    "model": "apaeropuerto.empleado",
    "pk": 10,
    "fields": {
        "nombre": "These writer plant keep cultural traditional produce.",
        "apellido": "Young try do audience. About professional morning art pattern almost to.",
        "cargo": "EM",
        "fecha_contratacion": "1996-10-25",
        "servicio": 7
    }
},
{
    "model": "apaeropuerto.empleado",
    "pk": 11,
    "fields": {
        "nombre": "Future relationship nearly room prepare peace project door. Management dream enjoy way improve.",
        "apellido": "He approach send of. Around role remember their opportunity every image.",
        "cargo": "EM",
        "fecha_contratacion": "1994-04-18",
        "servicio": 17
    }
},
{
    "model": "apaeropuerto.empleado",
    "pk": 12,
    "fields": {
        "nombre": "More set significant. Way before dream up child old.",
        "apellido": "Happen there sense final ask man Congress.",
        "cargo": "EM",
        "fecha_contratacion": "1980-07-08",
        "servicio": 9
    }
},
{
    "model": "apaeropuerto.empleado",
    "pk": 13,
    "fields": {
        "nombre": "Enough attack behind. Course star ability pretty physical interesting summer. Page hand tonight.",
        "apellido": "Kitchen sea teacher debate event occur. Final them two small.",
        "cargo": "EM",
        "fecha_contratacion": "1971-09-08",
        "servicio": 17
    }
},
{
    "model": "apaeropuerto.empleado",
    "pk": 14,
    "fields": {
        "nombre": "Dark account author ball. Every my process direction recent address.",
        "apellido": "Cover middle my use free.\nModel easy here purpose material. Case well build continue personal join.",
        "cargo": "EM",
        "fecha_contratacion": "1987-08-19",
        "servicio": 12
    }
},
{
    "model": "apaeropuerto.empleado",
    "pk": 15,
    "fields": {
        "nombre": "Smile break teacher. One protect lose.\nPhone somebody radio people.",
        "apellido": "Else forward force woman source radio law. Leader thought upon house tell detail believe many.",
        "cargo": "EM",
        "fecha_contratacion": "2023-02-18",
        "servicio": 21
    }
},
{
    "model": "apaeropuerto.empleado",
    "pk": 16,
    "fields": {
        "nombre": "Owner performance current listen. Significant artist great would. Pick care inside including.",
        "apellido": "Play interview herself at free. Low box relate young soon better work.",
        "cargo": "EM",
        "fecha_contratacion": "1995-07-28",
        "servicio": 16
    }
},
{
    "model": "apaeropuerto.empleado",
    "pk": 17,
    "fields": {
        "nombre": "These certainly skin none.\nSpend defense worry require single public. Machine around space return.",
        "apellido": "Perhaps through memory. Inside hundred discuss society cover technology.",
        "cargo": "EM",
        "fecha_contratacion": "2002-07-09",
        "servicio": 19
    }
},
{
    "model": "apaeropuerto.empleado",
    "pk": 18,
    "fields": {
        "nombre": "Southern take response coach. Figure religious every mouth.",
        "apellido": "Black executive always story. Hotel town happen.",
        "cargo": "EM",
        "fecha_contratacion": "1976-12-29",
        "servicio": 14
    }
},
{
    "model": "apaeropuerto.empleado",
    "pk": 19,
    "fields": {
        "nombre": "Movie blood four truth data development out. Allow health fight life everything.",
        "apellido": "Month central I ahead. Situation special or never key almost cause.\nProvide think firm really born.",
        "cargo": "EM",
        "fecha_contratacion": "2000-06-20",
        "servicio": 25
    }
},
{
    "model": "apaeropuerto.empleado",
    "pk": 20,
    "fields": {
        "nombre": "Whole newspaper technology build. Firm far receive try measure Mr.",
        "apellido": "Ball short focus especially civil best above he. Shoulder kind me.",
        "cargo": "EM",
        "fecha_contratacion": "1982-05-23",
        "servicio": 21
    }
},
{
    "model": "apaeropuerto.empleado",
    "pk": 21,
    "fields": {
        "nombre": "Social big player.\nCar grow argue west respond media own.\nKid send able hair either significant.",
        "apellido": "Field particular house challenge. Help center now local agree again station.",
        "cargo": "EM",
        "fecha_contratacion": "1975-05-08",
        "servicio": 18
    }
},
{
    "model": "apaeropuerto.empleado",
    "pk": 22,
    "fields": {
        "nombre": "Begin fund baby watch Mr these religious.",
        "apellido": "Republican action interesting modern its. Find understand church knowledge.",
        "cargo": "EM",
        "fecha_contratacion": "1977-04-19",
        "servicio": 14
    }
},
{
    "model": "apaeropuerto.empleado",
    "pk": 23,
    "fields": {
        "nombre": "Specific however national training bag since. Rest order same view special yes during yeah.",
        "apellido": "Decision first expect want model nice others. Thought lot range coach.",
        "cargo": "EM",
        "fecha_contratacion": "2023-03-20",
        "servicio": 13
    }
},
{
    "model": "apaeropuerto.empleado",
    "pk": 24,
    "fields": {
        "nombre": "Reach former agent guess majority. Five join care phone agree. Else record throughout by own eye.",
        "apellido": "Home radio result. Agency century wife organization. Enjoy stuff yet focus physical PM such.",
        "cargo": "EM",
        "fecha_contratacion": "1972-11-14",
        "servicio": 16
    }
},
{
    "model": "apaeropuerto.empleado",
    "pk": 25,
    "fields": {
        "nombre": "Total study play protect strong strategy foreign message. Run billion institution cover can.",
        "apellido": "Industry morning must push follow feel. General good discuss every answer.",
        "cargo": "EM",
        "fecha_contratacion": "1971-04-02",
        "servicio": 18
    }
}
]
